tool_id,period_start_date,received_qty,realized_shots,cumulative_realized_shots,attempt_tool_life_pct,forecast_remaining_life_pct,accel_ratio,predicted_risk_level,predicted_remaining_shots,recommended_action,recommended_replacement_quarter
T10000,2024-01-01,33108,39332,39332,5.660877024311892,94.33912297568811,0.34483404442244686,LOW,833232,Monitor normally,Q4/2024
T10000,2024-02-01,47630,90051,129383,18.62151052670969,81.3784894732903,2.2895098138919963,LOW,657987,Monitor normally,Q4/2024
T10000,2024-03-01,38415,45637,175020,25.18983770962746,74.81016229037255,0.7054558945147353,LOW,620462,Monitor normally,Q4/2024
T10000,2024-04-01,47181,56051,231071,33.257004853167224,66.74299514683278,0.9607644840589646,LOW,520545,Monitor normally,Q1/2025
T10000,2024-05-01,48999,58210,289281,41.63490711049447,58.36509288950553,0.910769327053964,LOW,420535,Monitor normally,Q1/2025
T10000,2024-06-01,43437,79451,368732,53.06993051277771,46.93006948722229,1.490656543546511,LOW,348498,Monitor normally,Q1/2025
T10000,2024-07-01,39378,46781,415513,59.802908446122935,40.197091553877065,0.7244930618650368,LOW,240849,Monitor normally,Q2/2025
T10000,2024-08-01,39600,47044,462557,66.57373878100874,33.42626121899126,0.7651836349638369,MED,168729,Plan replacement; increase monitoring; prepare PO,Q2/2025
T10000,2024-09-01,44636,69147,531704,76.5257540255957,23.474245974404297,1.1971709873265772,MED,127345,Plan replacement; increase monitoring; prepare PO,Q2/2025
T10000,2024-10-01,56436,67045,598749,86.17523790882034,13.824762091179664,1.2341690597157795,HIGH,18498,Start replacement sourcing + secure backup tool,Q1/2025
T10000,2024-11-01,34767,41303,640052,92.11979205646485,7.880207943535154,0.6762262874107708,HIGH,4183,Start replacement sourcing + secure backup tool,Q1/2025
T10000,2024-12-01,39898,47398,687450,98.94157201167523,1.058427988324766,0.8011155243809684,HIGH,964,Start replacement sourcing + secure backup tool,Q1/2025
T10000,2025-01-01,45504,54058,741508,106.72189567129723,0.0,1.0412723280212652,HIGH,0,Start replacement sourcing + secure backup tool,Q2/2025
T10000,2025-02-01,32146,38189,779697,112.21826587066282,0.0,0.8025203314677183,HIGH,0,Start replacement sourcing + secure backup tool,Q2/2025
T10000,2025-03-01,42436,50413,830110,119.473981151519,0.0,1.0830248129184719,HIGH,0,Start replacement sourcing + secure backup tool,Q2/2025
T10000,2025-04-01,47123,55982,886092,127.53121743685989,0.0,1.1772466003084257,HIGH,0,Start replacement sourcing + secure backup tool,Q3/2025
T10000,2025-05-01,41229,48980,935072,134.58068750323832,0.0,1.016295025728988,HIGH,0,Start replacement sourcing + secure backup tool,Q3/2025
T10000,2025-06-01,30049,35698,970770,139.71853932907698,0.0,0.6892614641995173,HIGH,0,Start replacement sourcing + secure backup tool,Q3/2025
T10001,2024-01-01,32987,224245,224245,16.170204481031224,83.82979551896878,4.78270297170482,LOW,1032267,Monitor normally,Q4/2024
T10001,2024-02-01,47304,321572,545817,39.35861445839604,60.64138554160396,1.4340208254364646,LOW,918135,Monitor normally,Q4/2024
T10001,2024-03-01,25983,176632,722449,52.095467266233484,47.904532733766516,0.6472205885855515,LOW,571194,Monitor normally,Q4/2024
T10001,2024-04-01,41207,280125,1002574,72.29515301284486,27.704846987155136,1.16323089934376,MED,300856,Plan replacement; increase monitoring; prepare PO,Q1/2025
T10001,2024-05-01,34934,237481,1240055,89.41979940567315,10.580200594326854,0.9153494216456023,HIGH,42776,Start replacement sourcing + secure backup tool,Q3/2024
T10001,2024-06-01,35990,244660,1484715,107.06212020805046,0.0,1.0572454979416281,HIGH,0,Start replacement sourcing + secure backup tool,Q3/2024
T10001,2024-07-01,31105,211451,1696166,122.3097551953123,0.0,0.8321937486389266,HIGH,0,Start replacement sourcing + secure backup tool,Q4/2024
T10001,2024-08-01,41906,284876,1981042,142.85203338094968,0.0,1.232176841716744,HIGH,0,Start replacement sourcing + secure backup tool,Q4/2024
T10001,2024-09-01,41471,281919,2262961,163.181083647791,0.0,1.141392494065348,HIGH,0,Start replacement sourcing + secure backup tool,Q4/2024
T10001,2024-10-01,32832,286023,2548984,183.80607147930564,0.0,1.1025678255975617,HIGH,0,Start replacement sourcing + secure backup tool,Q1/2025
T10001,2024-11-01,40541,275597,2824581,203.679245214991,0.0,0.9694811788681758,HIGH,0,Start replacement sourcing + secure backup tool,Q1/2025
T10001,2024-12-01,40499,275312,3099893,223.53186773090735,0.0,0.9791319666310626,HIGH,0,Start replacement sourcing + secure backup tool,Q1/2025
T10001,2025-01-01,36613,248895,3348788,241.47957244809737,0.0,0.8921692562836647,HIGH,0,Start replacement sourcing + secure backup tool,Q2/2025
T10001,2025-02-01,25953,227821,3576609,257.90764065507193,0.0,0.8545381118374002,HIGH,0,Start replacement sourcing + secure backup tool,Q2/2025
T10001,2025-03-01,39956,271620,3848229,277.49403473805125,0.0,1.083550080582106,HIGH,0,Start replacement sourcing + secure backup tool,Q2/2025
T10001,2025-04-01,45990,312640,4160869,300.0383622769021,0.0,1.253340745333647,HIGH,0,Start replacement sourcing + secure backup tool,Q3/2025
T10001,2025-05-01,31010,210805,4371674,315.23941449935427,0.0,0.7787585228567101,HIGH,0,Start replacement sourcing + secure backup tool,Q3/2025
T10001,2025-06-01,34999,237923,4609597,332.39593331021024,0.0,0.8977492406281247,HIGH,0,Start replacement sourcing + secure backup tool,Q3/2025
T10002,2024-01-01,30891,312616,312616,43.77792870696476,56.22207129303524,1.2317932983787077,LOW,462897,Monitor normally,Q4/2024
T10002,2024-02-01,25586,258930,571546,80.03781009529544,19.96218990470456,0.8282685467154592,HIGH,64839,Start replacement sourcing + secure backup tool,Q2/2024
T10002,2024-03-01,25920,262310,833856,116.77101786176908,0.0,0.9178963722954933,HIGH,0,Start replacement sourcing + secure backup tool,Q2/2024
T10002,2024-04-01,36911,373539,1207395,169.08044447867582,0.0,1.3438975074833064,HIGH,0,Start replacement sourcing + secure backup tool,Q3/2024
T10002,2024-05-01,29575,425871,1633266,228.71830778817946,0.0,1.427853134684654,HIGH,0,Start replacement sourcing + secure backup tool,Q3/2024
T10002,2024-06-01,30491,308568,1941834,271.9293651404925,0.0,0.8718908940210225,HIGH,0,Start replacement sourcing + secure backup tool,Q3/2024
T10002,2024-07-01,25351,256552,2198386,307.8562376154433,0.0,0.6946491717344568,HIGH,0,Start replacement sourcing + secure backup tool,Q4/2024
T10002,2024-08-01,21551,218096,2416482,338.3978322212031,0.0,0.6602360667251267,HIGH,0,Start replacement sourcing + secure backup tool,Q4/2024
T10002,2024-09-01,28228,285667,2702149,378.40189330551254,0.0,1.0942077281362996,HIGH,0,Start replacement sourcing + secure backup tool,Q4/2024
T10002,2024-10-01,32973,333686,3035835,425.13040981942186,0.0,1.316635868028383,HIGH,0,Start replacement sourcing + secure backup tool,Q1/2025
T10002,2024-11-01,30788,311574,3347409,468.76241956602416,0.0,1.1161539389264301,HIGH,0,Start replacement sourcing + secure backup tool,Q1/2025
T10002,2024-12-01,30031,303913,3651322,511.32160286796574,0.0,0.9793882871589287,HIGH,0,Start replacement sourcing + secure backup tool,Q1/2025
T10002,2025-01-01,25494,397112,4048434,566.9321308789447,0.0,1.2551305188832804,HIGH,0,Start replacement sourcing + secure backup tool,Q2/2025
T10002,2025-02-01,27832,281659,4330093,606.3749221042018,0.0,0.8344635931894067,HIGH,0,Start replacement sourcing + secure backup tool,Q2/2025
T10002,2025-03-01,26143,264567,4594660,643.4241942598674,0.0,0.8076869064724774,HIGH,0,Start replacement sourcing + secure backup tool,Q2/2025
T10002,2025-04-01,37768,382212,4976872,696.9481651600978,0.0,1.2155091812266654,HIGH,0,Start replacement sourcing + secure backup tool,Q3/2025
T10002,2025-05-01,26076,263889,5240761,733.9024919653548,0.0,0.8526869860992334,HIGH,0,Start replacement sourcing + secure backup tool,Q3/2025
T10002,2025-06-01,32073,324578,5565339,779.3555479312977,0.0,1.0692524608309504,HIGH,0,Start replacement sourcing + secure backup tool,Q3/2025
T10003,2024-01-01,51226,256130,256130,24.97138522795298,75.02861477204702,0.7916005188120893,LOW,978561,Monitor normally,Q4/2024
T10003,2024-02-01,51972,259860,515990,50.30642667306233,49.69357332693767,1.0145629172685746,LOW,597008,Monitor normally,Q4/2024
T10003,2024-03-01,44182,220910,736900,71.84403925537246,28.155960744627535,0.8562569042035698,MED,280797,Plan replacement; increase monitoring; prepare PO,Q4/2024
T10003,2024-04-01,40863,204315,941215,91.76372290371202,8.236277096287978,0.8317885737549192,HIGH,27380,Start replacement sourcing + secure backup tool,Q3/2024
T10003,2024-05-01,45891,229455,1170670,114.13442995669274,0.0,1.0047877270703636,HIGH,0,Start replacement sourcing + secure backup tool,Q3/2024
T10003,2024-06-01,43558,217790,1388460,135.3678582501214,0.0,0.9979990224231686,HIGH,0,Start replacement sourcing + secure backup tool,Q3/2024
T10003,2024-07-01,46266,231330,1619790,157.92136836132414,0.0,1.0651206335563879,HIGH,0,Start replacement sourcing + secure backup tool,Q4/2024
T10003,2024-08-01,47944,239720,1859510,181.2928612237178,0.0,1.0598091588991638,HIGH,0,Start replacement sourcing + secure backup tool,Q4/2024
T10003,2024-09-01,34699,173495,2033005,198.2077500697089,0.0,0.7555963649033157,HIGH,0,Start replacement sourcing + secure backup tool,Q4/2024
T10003,2024-10-01,58318,291590,2324595,226.63630673475717,0.0,1.3571899557051874,HIGH,0,Start replacement sourcing + secure backup tool,Q1/2025
T10003,2024-11-01,56217,281085,2605680,254.04067879894004,0.0,1.196437312448124,HIGH,0,Start replacement sourcing + secure backup tool,Q1/2025
T10003,2024-12-01,37340,186700,2792380,272.24298864963623,0.0,0.7506332337134969,HIGH,0,Start replacement sourcing + secure backup tool,Q1/2025
T10003,2025-01-01,44467,222335,3014715,293.9195315561951,0.0,0.8783604938271605,HIGH,0,Start replacement sourcing + secure backup tool,Q2/2025
T10003,2025-02-01,66912,334560,3349275,326.53744684087064,0.0,1.4543557642149192,HIGH,0,Start replacement sourcing + secure backup tool,Q2/2025
T10003,2025-03-01,28083,140415,3489690,340.22720226500303,0.0,0.56649789199766,HIGH,0,Start replacement sourcing + secure backup tool,Q2/2025
T10003,2025-04-01,34744,173720,3663410,357.16402747798077,0.0,0.7473863848216719,HIGH,0,Start replacement sourcing + secure backup tool,Q3/2025
T10003,2025-05-01,51846,259230,3922640,382.4376470955275,0.0,1.198853081956852,HIGH,0,Start replacement sourcing + secure backup tool,Q3/2025
T10003,2025-06-01,40630,203150,4125790,402.24374911035846,0.0,1.0629354774009576,HIGH,0,Start replacement sourcing + secure backup tool,Q3/2025
T10004,2024-01-01,8627,19548,19548,1.1149153290591491,98.88508467094086,0.09219305140701148,LOW,1558671,Monitor normally,Q4/2024
T10004,2024-02-01,7647,17328,36876,2.103213509023183,97.89678649097682,0.8864333947206875,LOW,1562872,Monitor normally,Q4/2024
T10004,2024-03-01,10175,23056,59932,3.4182067475533517,96.58179325244664,1.250461004447337,LOW,1555800,Monitor normally,Q4/2024
T10004,2024-04-01,7994,18114,78046,4.451334242467278,95.54866575753272,0.9067276246412601,LOW,1546710,Monitor normally,Q1/2025
T10004,2024-05-01,10523,23845,101891,5.811327900202873,94.18867209979713,1.222862320079319,LOW,1514703,Monitor normally,Q1/2025
T10004,2024-06-01,5793,13126,115017,6.559966052915701,93.4400339470843,0.6056756133200031,LOW,1500127,Monitor normally,Q1/2025
T10004,2024-07-01,11539,26147,141164,8.051253709397672,91.94874629060233,1.4239992738495053,LOW,1476509,Monitor normally,Q2/2025
T10004,2024-08-01,4825,10933,152097,8.674814651315192,91.32518534868481,0.5196457428942616,LOW,1455333,Monitor normally,Q2/2025
T10004,2024-09-01,7116,16124,168221,9.594442990058273,90.40555700994173,0.9634705015336813,LOW,1447800,Monitor normally,Q2/2025
T10004,2024-10-01,7732,17520,185741,10.593691842376478,89.40630815762353,0.9878956469438387,LOW,1419800,Monitor normally,Q3/2025
T10004,2024-11-01,10880,24654,210395,11.999826614354392,88.00017338564561,1.6591964465980213,LOW,1384893,Monitor normally,Q3/2025
T10004,2024-12-01,10466,23715,234110,13.352405754350183,86.64759424564981,1.2203677656180314,LOW,1376024,Monitor normally,Q3/2025
T10004,2025-01-01,9311,21098,255208,14.555724948768534,85.44427505123147,0.9606155807494422,LOW,1350558,Monitor normally,Q4/2025
T10004,2025-02-01,6468,14656,269864,15.391626271803673,84.60837372819633,0.6329336231591979,LOW,1310412,Monitor normally,Q4/2025
T10004,2025-03-01,8481,19217,289081,16.487663098002244,83.51233690199776,0.9694294506381476,LOW,1310696,Monitor normally,Q4/2025
T10004,2025-04-01,5919,17025,306106,17.458679748157348,82.54132025184265,0.9291262665769223,LOW,1307227,Monitor normally,Q1/2026
T10004,2025-05-01,7079,16041,322147,18.373574202497323,81.62642579750268,0.9454791936814806,LOW,1282479,Monitor normally,Q1/2026
T10004,2025-06-01,8086,18322,340469,19.418564925794936,80.58143507420506,1.0513168716408774,LOW,1252074,Monitor normally,Q1/2026
T10005,2024-01-01,46184,172081,172081,27.846939815811233,72.15306018418877,10.04598349809294,LOW,605790,Monitor normally,Q4/2024
T10005,2024-02-01,48815,181884,353965,57.280246232318646,42.719753767681354,1.0569673583951744,LOW,320771,Monitor normally,Q4/2024
T10005,2024-03-01,63584,236913,590878,95.61859882547702,4.381401174522978,1.3386238752419024,HIGH,14580,Start replacement sourcing + secure backup tool,Q2/2024
T10005,2024-04-01,39840,148443,739321,119.64032863340739,0.0,0.7536733471207254,HIGH,0,Start replacement sourcing + secure backup tool,Q3/2024
T10005,2024-05-01,36936,137623,876944,141.91111621757642,0.0,0.7278559339961921,HIGH,0,Start replacement sourcing + secure backup tool,Q3/2024
T10005,2024-06-01,61721,355364,1232308,199.41775507198767,0.0,2.038498677767176,HIGH,0,Start replacement sourcing + secure backup tool,Q3/2024
T10005,2024-07-01,36952,137683,1369991,221.6982521324437,0.0,0.6439502361910107,HIGH,0,Start replacement sourcing + secure backup tool,Q4/2024
T10005,2024-08-01,46620,173706,1543697,249.80815693102875,0.0,0.8262926728717078,HIGH,0,Start replacement sourcing + secure backup tool,Q4/2024
T10005,2024-09-01,44089,164275,1707972,276.3918938818972,0.0,0.7391417811393425,HIGH,0,Start replacement sourcing + secure backup tool,Q4/2024
T10005,2024-10-01,24847,92579,1800551,291.37345396818205,0.0,0.5838932523798311,HIGH,0,Start replacement sourcing + secure backup tool,Q1/2025
T10005,2024-11-01,48644,181247,1981798,320.7036781114421,0.0,1.2628692865105908,HIGH,0,Start replacement sourcing + secure backup tool,Q1/2025
T10005,2024-12-01,48910,182238,2164036,350.194270438043,0.0,1.2479177176039316,HIGH,0,Start replacement sourcing + secure backup tool,Q1/2025
T10005,2025-01-01,53365,198837,2362873,382.3709893794512,0.0,1.3079545853213583,HIGH,0,Start replacement sourcing + secure backup tool,Q2/2025
T10005,2025-02-01,37431,139467,2502340,404.94018153484166,0.0,0.7440594534803903,HIGH,0,Start replacement sourcing + secure backup tool,Q2/2025
T10005,2025-03-01,51027,190126,2692466,435.7072463439776,0.0,1.0957386723837845,HIGH,0,Start replacement sourcing + secure backup tool,Q2/2025
T10005,2025-04-01,49834,185681,2878147,465.7550007848493,0.0,1.054147190734818,HIGH,0,Start replacement sourcing + secure backup tool,Q3/2025
T10005,2025-05-01,53067,197727,3075874,497.7520944149474,0.0,1.151195286391318,HIGH,0,Start replacement sourcing + secure backup tool,Q3/2025
T10005,2025-06-01,40386,150478,3226352,522.1031372936129,0.0,0.7871093954325289,HIGH,0,Start replacement sourcing + secure backup tool,Q3/2025
T10006,2024-01-01,48781,158050,158050,8.824945029051685,91.17505497094831,0.8881109450332093,LOW,1477919,Monitor normally,Q4/2024
T10006,2024-02-01,3757,19202,177252,9.897115825937801,90.1028841740622,0.12149319835495097,LOW,1468894,Monitor normally,Q4/2024
T10006,2024-03-01,2003,6489,183741,10.259438308022688,89.74056169197732,0.07321779161871234,LOW,1472026,Monitor normally,Q4/2024
T10006,2024-04-01,2062,9790,193531,10.806076788468218,89.19392321153178,0.15984456381537054,LOW,1479295,Monitor normally,Q1/2025
T10006,2024-05-01,2406,7795,201326,11.241321625554317,88.75867837444568,0.659085144161664,LOW,1480994,Monitor normally,Q1/2025
T10006,2024-06-01,2754,8922,210248,11.739494099766269,88.26050590023374,1.1118218825288693,LOW,1468846,Monitor normally,Q1/2025
T10006,2024-07-01,2012,6518,216766,12.103435837819788,87.89656416218021,0.7376919304334705,LOW,1469379,Monitor normally,Q2/2025
T10006,2024-08-01,4404,14268,231034,12.900109774387392,87.09989022561261,1.8422207876049064,LOW,1443566,Monitor normally,Q2/2025
T10006,2024-09-01,569,1843,232877,13.003016283014675,86.99698371698533,0.18611148512185272,LOW,1425515,Monitor normally,Q2/2025
T10006,2024-10-01,2525,8181,241058,13.459813975407412,86.54018602459259,1.0845817314066022,LOW,1438496,Monitor normally,Q3/2025
T10006,2024-11-01,1667,5401,246459,13.761386440462193,86.23861355953781,0.6670097151325539,LOW,1430893,Monitor normally,Q3/2025
T10006,2024-12-01,4187,13565,260024,14.518807378893614,85.48119262110639,2.638249594813614,LOW,1394357,Monitor normally,Q3/2025
T10006,2025-01-01,67,217,260241,14.530923880452008,85.46907611954799,0.02398055033705382,LOW,1335814,Monitor normally,Q4/2025
T10006,2025-02-01,1465,4746,264987,14.79592349518076,85.20407650481924,0.7422196736693948,LOW,1408523,Monitor normally,Q4/2025
T10006,2025-03-01,4475,14499,279486,15.605495643084716,84.39450435691529,2.3476360103626943,LOW,1249690,Monitor normally,Q4/2025
T10006,2025-04-01,4625,14985,294471,16.442204287566458,83.55779571243355,2.3098859315589353,LOW,1194495,Monitor normally,Q1/2026
T10006,2025-05-01,48610,210145,504616,28.175947236823447,71.82405276317655,18.417616126205083,LOW,1044026,Monitor normally,Q1/2026
T10006,2025-06-01,4031,13060,517676,28.90517078683556,71.09482921316445,0.16350274799794684,LOW,1050607,Monitor normally,Q1/2026
T10007,2024-01-01,31959,34515,34515,6.5433016231710415,93.45669837682895,0.43471598303875053,LOW,761719,Monitor normally,Q4/2024
T10007,2024-02-01,23179,25033,59548,11.28901999294768,88.71098000705231,0.7252788642619151,LOW,649900,Monitor normally,Q4/2024
T10007,2024-03-01,15083,24927,84475,16.014643042658953,83.98535695734105,0.8372069590918251,LOW,547527,Monitor normally,Q4/2024
T10007,2024-04-01,26933,29087,113562,21.528912615690274,78.47108738430973,1.0329801716484168,LOW,506994,Monitor normally,Q1/2025
T10007,2024-05-01,25684,27738,141300,26.78744080411613,73.21255919588387,1.052715473072982,LOW,474393,Monitor normally,Q1/2025
T10007,2024-06-01,32344,34931,176231,33.40960707961918,66.59039292038082,1.2818401996281437,LOW,438372,Monitor normally,Q1/2025
T10007,2024-07-01,23225,25083,201314,38.164804373954944,61.835195626045056,0.8200989581062819,LOW,556938,Monitor normally,Q2/2025
T10007,2024-08-01,24331,26277,227591,43.14635838676287,56.85364161323713,0.8983384994074208,LOW,395133,Monitor normally,Q2/2025
T10007,2024-09-01,19537,30924,258515,49.00888364809683,50.99111635190317,1.0751063262680929,LOW,403366,Monitor normally,Q2/2025
T10007,2024-10-01,31896,34447,292962,55.53929393386744,44.46070606613256,1.2559063730494386,MED,246603,Plan replacement; increase monitoring; prepare PO,Q3/2025
T10007,2024-11-01,23175,25029,317991,60.28425398967935,39.71574601032065,0.819297747905028,LOW,188912,Monitor normally,Q3/2025
T10007,2024-12-01,22945,24780,342771,64.98200900118675,35.01799099881325,0.8223451327433628,LOW,163627,Monitor normally,Q3/2025
T10007,2025-01-01,27546,29749,372520,70.62177953538104,29.378220464618963,1.0592361374857577,MED,121987,Plan replacement; increase monitoring; prepare PO,Q4/2025
T10007,2025-02-01,24403,26355,398875,75.61812067050121,24.381879329498787,0.9938032630282311,MED,114598,Plan replacement; increase monitoring; prepare PO,Q4/2025
T10007,2025-03-01,24456,26412,425287,80.6252677796188,19.374732220381205,0.9796251421789229,MED,69771,Plan replacement; increase monitoring; prepare PO,Q3/2025
T10007,2025-04-01,25394,27425,452712,85.82445790030447,14.175542099695534,0.9970793543070435,HIGH,57528,Start replacement sourcing + secure backup tool,Q3/2025
T10007,2025-05-01,35731,38589,491301,93.14010229655383,6.8598977034461655,1.4436228052673583,HIGH,9196,Start replacement sourcing + secure backup tool,Q3/2025
T10007,2025-06-01,31046,33529,524830,99.49647952741873,0.5035204725812719,1.0882976651591543,HIGH,1187,Start replacement sourcing + secure backup tool,Q3/2025
T10008,2024-01-01,36940,140187,140187,20.45310304680285,79.54689695319715,4.224917874687321,LOW,886921,Monitor normally,Q4/2024
T10008,2024-02-01,31545,119713,259900,37.919075819184805,62.080924180815195,0.8539522209620007,LOW,484830,Monitor normally,Q4/2024
T10008,2024-03-01,29648,157119,417019,60.842535894731164,39.157464105268836,1.2090727202770297,LOW,291952,Monitor normally,Q4/2024
T10008,2024-04-01,44501,168881,585900,85.48205664663477,14.517943353365226,1.214915867142744,HIGH,11860,Start replacement sourcing + secure backup tool,Q3/2024
T10008,2024-05-01,34393,130521,716421,104.52490272203232,0.0,0.8785092649305719,HIGH,0,Start replacement sourcing + secure backup tool,Q3/2024
T10008,2024-06-01,41249,156539,872960,127.36374154334578,0.0,1.0286865226353223,HIGH,0,Start replacement sourcing + secure backup tool,Q3/2024
T10008,2024-07-01,29484,111891,984851,143.68849457329733,0.0,0.736220256568284,HIGH,0,Start replacement sourcing + secure backup tool,Q4/2024
T10008,2024-08-01,38603,146498,1131349,165.06236440538248,0.0,1.101624008963507,HIGH,0,Start replacement sourcing + secure backup tool,Q4/2024
T10008,2024-09-01,40992,155564,1286913,187.7589519803562,0.0,1.1247541742181775,HIGH,0,Start replacement sourcing + secure backup tool,Q4/2024
T10008,2024-10-01,31905,121079,1407992,205.42422239632802,0.0,0.8774836756829881,HIGH,0,Start replacement sourcing + secure backup tool,Q1/2025
T10008,2024-11-01,41559,157716,1565708,228.43478400424857,0.0,1.1181804646678057,HIGH,0,Start replacement sourcing + secure backup tool,Q1/2025
T10008,2024-12-01,44479,168797,1734505,253.06204926415984,0.0,1.1658351732092578,HIGH,0,Start replacement sourcing + secure backup tool,Q1/2025
T10008,2025-01-01,43362,164558,1899063,277.07084987460007,0.0,1.10295537006917,HIGH,0,Start replacement sourcing + secure backup tool,Q2/2025
T10008,2025-02-01,33091,125580,2024643,295.39281040316195,0.0,0.7671803059028124,HIGH,0,Start replacement sourcing + secure backup tool,Q2/2025
T10008,2025-03-01,43093,163537,2188180,319.2526484264094,0.0,1.0690206674147755,HIGH,0,Start replacement sourcing + secure backup tool,Q2/2025
T10008,2025-04-01,17308,65683,2253863,328.8357136708554,0.0,0.4343395602578939,HIGH,0,Start replacement sourcing + secure backup tool,Q3/2025
T10008,2025-05-01,40018,151868,2405731,350.99305959816576,0.0,1.2841149943630215,HIGH,0,Start replacement sourcing + secure backup tool,Q3/2025
T10008,2025-06-01,26685,101269,2507000,365.76807648594195,0.0,0.7972095683936519,HIGH,0,Start replacement sourcing + secure backup tool,Q3/2025
T10009,2024-01-01,26397,28508,28508,1.7897838924472225,98.21021610755278,0.2682516780628568,LOW,1335784,Monitor normally,Q4/2024
T10009,2024-02-01,28476,30754,59262,3.720575734327462,96.27942426567253,1.0787849024835134,LOW,1373069,Monitor normally,Q4/2024
T10009,2024-03-01,31146,33637,92899,5.832367539794252,94.16763246020575,1.1351962471735682,LOW,1351742,Monitor normally,Q4/2024
T10009,2024-04-01,22528,24330,117229,7.359849022298843,92.64015097770115,0.7856919880730686,LOW,1307280,Monitor normally,Q1/2025
T10009,2024-05-01,33588,36275,153504,9.637259247446977,90.36274075255302,1.2265979869478476,LOW,1289161,Monitor normally,Q1/2025
T10009,2024-06-01,27447,29642,183146,11.498237714541148,88.50176228545885,0.943592029031642,LOW,1260003,Monitor normally,Q1/2025
T10009,2024-07-01,25066,27071,210217,13.197804143348455,86.80219585665155,0.8998969494830853,LOW,1243682,Monitor normally,Q2/2025
T10009,2024-08-01,28996,31315,241532,15.163816581681019,84.83618341831898,1.010291650535553,LOW,1208701,Monitor normally,Q2/2025
T10009,2024-09-01,24212,26148,267680,16.805435398143416,83.19456460185658,0.8911255509610578,LOW,1155044,Monitor normally,Q2/2025
T10009,2024-10-01,23016,24857,292537,18.366002895497164,81.63399710450284,0.882142096671162,LOW,1138213,Monitor normally,Q3/2025
T10009,2024-11-01,28008,30248,322785,20.265027140577267,79.73497285942273,1.102332361516035,LOW,1078341,Monitor normally,Q3/2025
T10009,2024-12-01,26044,38767,361552,22.698889640875482,77.30111035912452,1.4313440734495957,LOW,1038453,Monitor normally,Q3/2025
T10009,2025-01-01,30011,32411,393963,24.73371094500439,75.26628905499561,1.0358040736321799,LOW,1031312,Monitor normally,Q4/2025
T10009,2025-02-01,28243,30502,424465,26.648681770296417,73.35131822970358,0.9021947035276952,LOW,989818,Monitor normally,Q4/2025
T10009,2025-03-01,25330,27356,451821,28.366141015483247,71.63385898451675,0.8071203776553894,LOW,964557,Monitor normally,Q4/2025
T10009,2025-04-01,20806,22470,474291,29.776848327932004,70.223151672068,0.7467679934418239,LOW,940360,Monitor normally,Q1/2026
T10009,2025-05-01,22523,24324,498615,31.30395311956545,68.69604688043455,0.9084254556319091,LOW,905696,Monitor normally,Q1/2026
T10009,2025-06-01,27059,29223,527838,33.138626007491126,66.86137399250887,1.1823196223870531,LOW,756293,Monitor normally,Q1/2026
T10010,2024-01-01,16606,146132,146132,7.14350310877207,92.85649689122793,5.767078416669955,LOW,1435901,Monitor normally,Q4/2024
T10010,2024-02-01,16597,146053,292185,14.28314438888517,85.71685561111482,0.9994593928776723,LOW,1502263,Monitor normally,Q4/2024
T10010,2024-03-01,10835,128463,420648,20.562917743538403,79.4370822564616,0.8793264541300888,LOW,1426794,Monitor normally,Q4/2024
T10010,2024-04-01,15156,133372,554020,27.082662198025776,72.91733780197423,0.9511895931990643,LOW,1277459,Monitor normally,Q1/2025
T10010,2024-05-01,17948,157942,711962,34.80348424936072,65.19651575063928,1.161657121562782,LOW,954936,Monitor normally,Q1/2025
T10010,2024-06-01,8298,73022,784984,38.373084911835434,61.626915088164566,0.5218627985811515,LOW,989907,Monitor normally,Q1/2025
T10010,2024-07-01,11827,104077,889061,43.460775308543,56.539224691457,0.856986408150718,LOW,928477,Monitor normally,Q2/2025
T10010,2024-08-01,11551,101648,990709,48.42972669496393,51.57027330503607,0.9101692031721491,LOW,810593,Monitor normally,Q2/2025
T10010,2024-09-01,18906,166372,1157081,56.56264008294622,43.43735991705378,1.7905699433536504,MED,525602,Plan replacement; increase monitoring; prepare PO,Q2/2025
T10010,2024-10-01,19460,171248,1328329,64.93391140182914,35.066088598170865,1.3806722440653916,MED,451521,Plan replacement; increase monitoring; prepare PO,Q3/2025
T10010,2024-11-01,10298,137933,1466262,71.67661535648834,28.32338464351166,0.9420194505404447,MED,356528,Plan replacement; increase monitoring; prepare PO,Q3/2025
T10010,2024-12-01,16799,147831,1614093,78.90317222338186,21.09682777661814,0.9325837498659456,MED,173305,Plan replacement; increase monitoring; prepare PO,Q3/2025
T10010,2025-01-01,16015,140932,1755025,85.79247901536078,14.207520984639217,0.9251310687684349,HIGH,75584,Start replacement sourcing + secure backup tool,Q2/2025
T10010,2025-02-01,13000,114400,1869425,91.38479798480982,8.615202015190178,0.8043197030204173,HIGH,18705,Start replacement sourcing + secure backup tool,Q2/2025
T10010,2025-03-01,16668,202481,2071906,101.28286037338505,0.0,1.5066933225519208,HIGH,0,Start replacement sourcing + secure backup tool,Q2/2025
T10010,2025-04-01,15591,137200,2209106,107.98973242415784,0.0,0.8990570385725175,HIGH,0,Start replacement sourcing + secure backup tool,Q3/2025
T10010,2025-05-01,15833,139330,2348436,114.80072719700165,0.0,0.9205185858910634,HIGH,0,Start replacement sourcing + secure backup tool,Q3/2025
T10010,2025-06-01,16539,193875,2542311,124.27809468128426,0.0,1.2142205502587622,HIGH,0,Start replacement sourcing + secure backup tool,Q3/2025
T10011,2024-01-01,37128,234834,234834,34.77456079039958,65.22543920960041,1.4976498974288115,LOW,561426,Monitor normally,Q4/2024
T10011,2024-02-01,52360,331177,566011,83.81573335860591,16.18426664139409,1.410260013456314,HIGH,117892,Start replacement sourcing + secure backup tool,Q2/2024
T10011,2024-03-01,46536,294340,860351,127.40202930828191,0.0,1.0400504583833177,HIGH,0,Start replacement sourcing + secure backup tool,Q2/2024
T10011,2024-04-01,32773,207289,1067640,158.09768637532133,0.0,0.7228061570219596,HIGH,0,Start replacement sourcing + secure backup tool,Q3/2024
T10011,2024-05-01,58832,372112,1439752,213.20057337140014,0.0,1.3404514376697574,HIGH,0,Start replacement sourcing + secure backup tool,Q3/2024
T10011,2024-06-01,38073,240811,1680563,248.8602170281829,0.0,0.8268274007972615,HIGH,0,Start replacement sourcing + secure backup tool,Q3/2024
T10011,2024-07-01,32245,279343,1959906,290.2257353725137,0.0,1.021722432736902,HIGH,0,Start replacement sourcing + secure backup tool,Q4/2024
T10011,2024-08-01,45402,287167,2247073,332.74984303365596,0.0,0.9655203717277134,HIGH,0,Start replacement sourcing + secure backup tool,Q4/2024
T10011,2024-09-01,37878,239578,2486651,368.2269022543921,0.0,0.8902704128840945,HIGH,0,Start replacement sourcing + secure backup tool,Q4/2024
T10011,2024-10-01,27764,175607,2662258,394.23104261192,0.0,0.6535527138476196,HIGH,0,Start replacement sourcing + secure backup tool,Q1/2025
T10011,2024-11-01,53740,339905,3002163,444.56467013374714,0.0,1.4518574731758433,HIGH,0,Start replacement sourcing + secure backup tool,Q1/2025
T10011,2024-12-01,32315,204392,3206555,474.83133522087826,0.0,0.8120568409063821,HIGH,0,Start replacement sourcing + secure backup tool,Q1/2025
T10011,2025-01-01,44100,278932,3485487,516.1359920865269,0.0,1.1623716495532739,HIGH,0,Start replacement sourcing + secure backup tool,Q2/2025
T10011,2025-02-01,37976,240198,3725685,551.7048618103846,0.0,0.8753263065319613,HIGH,0,Start replacement sourcing + secure backup tool,Q2/2025
T10011,2025-03-01,33776,213633,3939318,583.339947638397,0.0,0.8858044399479215,HIGH,0,Start replacement sourcing + secure backup tool,Q2/2025
T10011,2025-04-01,27945,176752,4116070,609.5136412637863,0.0,0.7236391575447996,HIGH,0,Start replacement sourcing + secure backup tool,Q3/2025
T10011,2025-05-01,36532,231064,4347134,643.7299349626242,0.0,1.09928748475617,HIGH,0,Start replacement sourcing + secure backup tool,Q3/2025
T10011,2025-06-01,42304,267572,4614706,683.3523864807553,0.0,1.2916844342818157,HIGH,0,Start replacement sourcing + secure backup tool,Q3/2025
T10012,2024-01-01,15590,106495,106495,11.093414056900947,88.90658594309906,0.47303920117029025,LOW,945945,Monitor normally,Q4/2024
T10012,2024-02-01,19364,132275,238770,24.87228953815897,75.12771046184103,1.2420770928212592,LOW,743981,Monitor normally,Q4/2024
T10012,2024-03-01,13144,89786,328556,34.22515375256254,65.77484624743747,0.752071030698999,LOW,659181,Monitor normally,Q4/2024
T10012,2024-04-01,16605,113428,441984,46.040767346122436,53.959232653877564,1.0356955891841877,LOW,447857,Monitor normally,Q1/2025
T10012,2024-05-01,12330,84226,526210,54.81445524092068,45.18554475907932,0.7531632929842706,LOW,329855,Monitor normally,Q1/2025
T10012,2024-06-01,15481,105750,631960,65.83026383773063,34.16973616226937,1.103708600055664,MED,171059,Plan replacement; increase monitoring; prepare PO,Q1/2025
T10012,2024-07-01,12515,85489,717449,74.73551642527376,25.264483574726242,0.8452986776706964,MED,100731,Plan replacement; increase monitoring; prepare PO,Q2/2025
T10012,2024-08-01,15874,108435,825884,86.03101718361972,13.968982816380276,1.1809304267329788,HIGH,10175,Start replacement sourcing + secure backup tool,Q4/2024
T10012,2024-09-01,11643,79533,905417,94.31584276404607,5.684157235953933,0.7961951987826772,HIGH,874,Start replacement sourcing + secure backup tool,Q4/2024
T10012,2024-10-01,14707,100463,1005880,104.78091301521692,0.0,1.1021440299571779,HIGH,0,Start replacement sourcing + secure backup tool,Q1/2025
T10012,2024-11-01,12954,88488,1094368,113.99856664277739,0.0,0.9203726367831474,HIGH,0,Start replacement sourcing + secure backup tool,Q1/2025
T10012,2024-12-01,16111,110054,1204422,125.46271604526741,0.0,1.2297269111008478,HIGH,0,Start replacement sourcing + secure backup tool,Q1/2025
T10012,2025-01-01,14914,101877,1306299,136.075080418007,0.0,1.0221601645457434,HIGH,0,Start replacement sourcing + secure backup tool,Q2/2025
T10012,2025-02-01,13518,92341,1398640,145.6940949015817,0.0,0.9221221027964276,HIGH,0,Start replacement sourcing + secure backup tool,Q2/2025
T10012,2025-03-01,13522,92368,1491008,155.3159219320322,0.0,0.9107114686859126,HIGH,0,Start replacement sourcing + secure backup tool,Q2/2025
T10012,2025-04-01,9738,66520,1557528,162.24520408673476,0.0,0.6963354804491496,HIGH,0,Start replacement sourcing + secure backup tool,Q3/2025
T10012,2025-05-01,11058,75537,1633065,170.11377272954547,0.0,0.902009720215421,HIGH,0,Start replacement sourcing + secure backup tool,Q3/2025
T10012,2025-06-01,7988,54566,1687631,175.7978257970966,0.0,0.6982958302228858,HIGH,0,Start replacement sourcing + secure backup tool,Q3/2025
T10013,2024-01-01,1981,12302,12302,0.5267926881072119,99.47320731189279,0.1876993027265376,LOW,1996947,Monitor normally,Q4/2024
T10013,2024-02-01,266,2143,14445,0.6185596146731162,99.38144038532688,0.1741993171841977,LOW,1992621,Monitor normally,Q4/2024
T10013,2024-03-01,54,335,14780,0.6329048878413747,99.36709511215862,0.0463828314295604,LOW,1988977,Monitor normally,Q4/2024
T10013,2024-04-01,1174,7290,22070,0.9450751606670594,99.05492483933294,1.479702300405954,LOW,1982611,Monitor normally,Q1/2025
T10013,2024-05-01,389,2415,24485,1.0484895926113706,98.95151040738862,0.7417076167076168,LOW,1989588,Monitor normally,Q1/2025
T10013,2024-06-01,16899,104942,129427,5.542285583128931,94.45771441687107,31.357171314741038,LOW,1868701,Monitor normally,Q1/2025
T10013,2024-07-01,1812,11252,140679,6.0241154747386165,93.97588452526138,0.2944342198225859,LOW,1875251,Monitor normally,Q2/2025
T10013,2024-08-01,753,4676,145355,6.224349795140935,93.77565020485906,0.11827095751587147,LOW,1866436,Monitor normally,Q2/2025
T10013,2024-09-01,42,260,145615,6.2354834399879415,93.76451656001205,0.006453214197071234,LOW,1865198,Monitor normally,Q2/2025
T10013,2024-10-01,696,4322,149937,6.420558874713951,93.57944112528605,0.8009636767976279,LOW,1864062,Monitor normally,Q3/2025
T10013,2024-11-01,1171,7271,157208,6.731915535031585,93.26808446496841,2.3561244329228774,LOW,1840286,Monitor normally,Q3/2025
T10013,2024-12-01,21,130,157338,6.737482357455088,93.2625176425449,0.03290306251581878,LOW,1856029,Monitor normally,Q3/2025
T10013,2025-01-01,16899,104942,262280,11.23127834797265,88.76872165202735,26.855412437089484,LOW,1656261,Monitor normally,Q4/2025
T10013,2025-02-01,68,422,262702,11.24934910999356,88.75065089000644,0.011269059932528061,LOW,1701323,Monitor normally,Q4/2025
T10013,2025-03-01,32,198,262900,11.257827808761665,88.74217219123834,0.005630651980207405,LOW,1675976,Monitor normally,Q4/2025
T10013,2025-04-01,1220,7576,270476,11.582245090919056,88.41775490908094,0.21530474981527442,LOW,1677313,Monitor normally,Q1/2026
T10013,2025-05-01,1021,6340,276816,11.853734738342217,88.14626526165779,2.320644216691069,LOW,1614510,Monitor normally,Q1/2026
T10013,2025-06-01,19,117,276933,11.858744878523371,88.14125512147663,0.024868924472155305,LOW,1661312,Monitor normally,Q1/2026
T10014,2024-01-01,24337,175469,175469,7.0830628780319245,92.91693712196808,37.51207867170241,LOW,1577533,Monitor normally,Q4/2024
T10014,2024-02-01,28265,203790,379259,15.309344351763047,84.69065564823696,1.1614017290803504,LOW,1775711,Monitor normally,Q4/2024
T10014,2024-03-01,28081,202464,581723,23.48209989569306,76.51790010430693,1.0676819798607284,LOW,1253366,Monitor normally,Q4/2024
T10014,2024-04-01,33691,242912,824635,33.2875981308713,66.7124018691287,1.2527199371522186,LOW,1344469,Monitor normally,Q1/2025
T10014,2024-05-01,21166,152606,977241,39.44776256769456,60.55223743230544,0.7052402621209367,LOW,1198715,Monitor normally,Q1/2025
T10014,2024-06-01,26905,193985,1171226,47.27825087272293,52.72174912727707,0.9731981899120709,LOW,1088560,Monitor normally,Q1/2025
T10014,2024-07-01,32614,235146,1406372,56.77026315704492,43.22973684295508,1.1966656658235837,LOW,807383,Monitor normally,Q2/2025
T10014,2024-08-01,34287,247209,1653581,66.74921608329055,33.25078391670945,1.2748492875646555,MED,606086,Plan replacement; increase monitoring; prepare PO,Q2/2025
T10014,2024-09-01,23137,166817,1820398,73.48302832433968,26.516971675660315,0.7399399710204927,MED,523649,Plan replacement; increase monitoring; prepare PO,Q2/2025
T10014,2024-10-01,33642,242558,2062956,83.27423683165247,16.725763168347527,1.1209263492572077,MED,293969,Plan replacement; increase monitoring; prepare PO,Q2/2025
T10014,2024-11-01,42634,307391,2370347,95.68252422795102,4.317475772048979,1.404501175782535,HIGH,44388,Start replacement sourcing + secure backup tool,Q1/2025
T10014,2024-12-01,26315,189731,2560078,103.34129359981657,0.0,0.7941127229807218,HIGH,0,Start replacement sourcing + secure backup tool,Q1/2025
T10014,2025-01-01,42079,303389,2863467,115.58803441160228,0.0,1.2304875081116158,HIGH,0,Start replacement sourcing + secure backup tool,Q2/2025
T10014,2025-02-01,31433,226631,3090098,124.73632626435835,0.0,0.8493237444582273,HIGH,0,Start replacement sourcing + secure backup tool,Q2/2025
T10014,2025-03-01,31142,224533,3314631,133.799929277957,0.0,0.9358778244142766,HIGH,0,Start replacement sourcing + secure backup tool,Q2/2025
T10014,2025-04-01,26832,193458,3508089,141.60914445703878,0.0,0.769162669819085,HIGH,0,Start replacement sourcing + secure backup tool,Q3/2025
T10014,2025-05-01,17433,125691,3633780,146.6828455449957,0.0,0.5849521114699777,HIGH,0,Start replacement sourcing + secure backup tool,Q3/2025
T10014,2025-06-01,19816,142873,3776653,152.45012319844474,0.0,0.7883634183217395,HIGH,0,Start replacement sourcing + secure backup tool,Q3/2025
T10015,2024-01-01,36879,43683,43683,2.7676651456535817,97.23233485434642,0.28364233737787375,LOW,1389590,Monitor normally,Q4/2024
T10015,2024-02-01,31959,37855,81538,5.166080183281865,94.83391981671814,0.8665842547444086,LOW,1374985,Monitor normally,Q4/2024
T10015,2024-03-01,41786,70209,151747,9.614378198784287,90.3856218012157,1.7221172950035566,LOW,1319225,Monitor normally,Q4/2024
T10015,2024-04-01,42617,50479,202226,12.81262394398144,87.18737605601856,0.9979571260057859,LOW,1274974,Monitor normally,Q1/2025
T10015,2024-05-01,42046,49803,252029,15.968039717829052,84.03196028217094,0.9423878695369711,LOW,1151561,Monitor normally,Q1/2025
T10015,2024-06-01,41927,49662,301691,19.114522021321214,80.88547797867878,0.8738643095529969,LOW,1114048,Monitor normally,Q1/2025
T10015,2024-07-01,33712,39931,341622,21.64446815439571,78.35553184560429,0.7989182628181187,LOW,1096587,Monitor normally,Q2/2025
T10015,2024-08-01,54866,64988,406610,25.761974334963323,74.23802566503667,1.3986341071479813,LOW,1033985,Monitor normally,Q2/2025
T10015,2024-09-01,23164,27437,434047,27.500326293420784,72.49967370657922,0.5324781182680924,LOW,981181,Monitor normally,Q2/2025
T10015,2024-10-01,37909,44903,478950,30.345288132930037,69.65471186706996,1.0177778113572487,LOW,987211,Monitor normally,Q3/2025
T10015,2024-11-01,39775,47113,526063,33.33027103262047,66.66972896737953,1.0292074449493185,LOW,918522,Monitor normally,Q3/2025
T10015,2024-12-01,35599,42167,568230,36.00188553246651,63.99811446753349,1.0590022854176957,LOW,855940,Monitor normally,Q3/2025
T10015,2025-01-01,45095,53415,621645,39.38615020648354,60.61384979351646,1.1942272866160393,LOW,813002,Monitor normally,Q4/2025
T10015,2025-02-01,54187,64184,685829,43.45271659864135,56.54728340135865,1.3493955639651003,LOW,744946,Monitor normally,Q4/2025
T10015,2025-03-01,40430,47889,733718,46.486865264259656,53.513134735740344,0.8992338795488402,LOW,712893,Monitor normally,Q4/2025
T10015,2025-04-01,33976,40244,773962,49.03664243436434,50.96335756563566,0.7295513874117762,LOW,670497,Monitor normally,Q1/2026
T10015,2025-05-01,46354,54906,828868,52.51537380554433,47.48462619445567,1.0814157316648831,LOW,587856,Monitor normally,Q1/2026
T10015,2025-06-01,50919,60313,889181,56.33668158957483,43.66331841042517,1.2649627024797434,MED,505025,Plan replacement; increase monitoring; prepare PO,Q1/2026
T10016,2024-01-01,22150,196138,196138,15.281698316222341,84.71830168377765,3.7849134520754135,LOW,919322,Monitor normally,Q4/2024
T10016,2024-02-01,13376,118444,314582,24.51002467504439,75.48997532495561,0.6038809409701332,LOW,863972,Monitor normally,Q4/2024
T10016,2024-03-01,20656,182908,497490,38.76093411443705,61.23906588556295,1.162863736641003,LOW,845208,Monitor normally,Q4/2024
T10016,2024-04-01,27074,239740,737230,57.439794683684944,42.560205316315056,1.445697400952783,MED,583330,Plan replacement; increase monitoring; prepare PO,Q1/2025
T10016,2024-05-01,19377,171583,908813,70.8083394949524,29.191660505047594,0.9513151183162937,HIGH,228879,Start replacement sourcing + secure backup tool,Q3/2024
T10016,2024-06-01,21854,193517,1102330,85.88582786059496,14.114172139405042,0.9769786497170292,HIGH,15260,Start replacement sourcing + secure backup tool,Q3/2024
T10016,2024-07-01,21350,189054,1291384,100.6155905454143,0.0,0.9377058395608756,HIGH,0,Start replacement sourcing + secure backup tool,Q4/2024
T10016,2024-08-01,19903,227638,1519022,118.35154809218353,0.0,1.2323541831332085,HIGH,0,Start replacement sourcing + secure backup tool,Q4/2024
T10016,2024-09-01,23449,207640,1726662,134.52940163601698,0.0,1.020830567887396,HIGH,0,Start replacement sourcing + secure backup tool,Q4/2024
T10016,2024-10-01,21276,188398,1915060,149.20805339844782,0.0,0.9052779610848075,HIGH,0,Start replacement sourcing + secure backup tool,Q1/2025
T10016,2024-11-01,9555,84609,1999669,155.80019369169673,0.0,0.40698535778192524,HIGH,0,Start replacement sourcing + secure backup tool,Q1/2025
T10016,2024-12-01,13949,123518,2123187,165.42385056911544,0.0,0.7709483259023775,HIGH,0,Start replacement sourcing + secure backup tool,Q1/2025
T10016,2025-01-01,15991,193969,2317156,180.53655560689157,0.0,1.4675165500283716,HIGH,0,Start replacement sourcing + secure backup tool,Q2/2025
T10016,2025-02-01,28387,251366,2568522,200.12123261468986,0.0,1.8754178106720782,HIGH,0,Start replacement sourcing + secure backup tool,Q2/2025
T10016,2025-03-01,26108,231186,2799708,218.13362545510927,0.0,1.2192218376276474,HIGH,0,Start replacement sourcing + secure backup tool,Q2/2025
T10016,2025-04-01,19823,280443,3080151,239.98377851518094,0.0,1.243611063071213,HIGH,0,Start replacement sourcing + secure backup tool,Q3/2025
T10016,2025-05-01,17521,155148,3235299,252.07182331203452,0.0,0.6100223461490574,HIGH,0,Start replacement sourcing + secure backup tool,Q3/2025
T10016,2025-06-01,19193,169954,3405253,265.3134478602365,0.0,0.7646664477029051,HIGH,0,Start replacement sourcing + secure backup tool,Q3/2025
T10017,2024-01-01,28386,33623,33623,3.1626929592620914,96.83730704073791,0.16657556416121014,LOW,1120333,Monitor normally,Q4/2024
T10017,2024-02-01,20759,24589,58212,5.475617361465809,94.52438263853419,0.7313148737471373,LOW,1107598,Monitor normally,Q4/2024
T10017,2024-03-01,19033,22544,80756,7.596182155612809,92.40381784438719,0.7745482031196317,LOW,1132728,Monitor normally,Q4/2024
T10017,2024-04-01,18510,21925,102681,9.65852171876367,90.34147828123633,0.8144905641686067,LOW,1142801,Monitor normally,Q1/2025
T10017,2024-05-01,27271,45460,148141,13.934642883682166,86.06535711631784,1.9748617104462916,LOW,946925,Monitor normally,Q1/2025
T10017,2024-06-01,24158,28615,176756,16.626266445805854,83.37373355419415,0.9545863959345706,LOW,854392,Monitor normally,Q1/2025
T10017,2024-07-01,32353,38322,215078,20.230963218397292,79.76903678160271,1.1975625,LOW,779664,Monitor normally,Q2/2025
T10017,2024-08-01,25045,29665,244743,23.021353327444967,76.97864667255503,0.7917915958610996,LOW,763045,Monitor normally,Q2/2025
T10017,2024-09-01,26107,30923,275666,25.93007516604538,74.06992483395462,0.960321732469307,LOW,748778,Monitor normally,Q2/2025
T10017,2024-10-01,25277,29940,305606,28.746332704049333,71.25366729595066,0.908098271155596,LOW,712557,Monitor normally,Q3/2025
T10017,2024-11-01,28465,33716,339322,31.917773557467548,68.08222644253246,1.1173117709437963,LOW,627281,Monitor normally,Q3/2025
T10017,2024-12-01,28631,33913,373235,35.107744896356266,64.89225510364373,1.0757039089015532,LOW,600975,Monitor normally,Q3/2025
T10017,2025-01-01,27292,32327,405562,38.14853171770075,61.85146828229925,0.9939734956799803,LOW,547524,Monitor normally,Q4/2025
T10017,2025-02-01,23247,27536,433098,40.73866089493779,59.26133910506221,0.8264436351994878,LOW,529120,Monitor normally,Q4/2025
T10017,2025-03-01,20854,24701,457799,43.06212039548007,56.93787960451993,0.790212847636922,LOW,510281,Monitor normally,Q4/2025
T10017,2025-04-01,24000,28427,486226,45.736060042535456,54.263939957464544,1.0084787852987087,LOW,484828,Monitor normally,Q1/2026
T10017,2025-05-01,27003,31985,518211,48.74467718859613,51.25532281140387,1.1895641178220768,LOW,500190,Monitor normally,Q1/2026
T10017,2025-06-01,15855,18780,536991,50.511187427865146,49.488812572134854,0.6619435338902401,LOW,469203,Monitor normally,Q1/2026
T10018,2024-01-01,3703,18737,18737,1.137372116202924,98.86262788379707,0.7098065461157693,LOW,1327046,Monitor normally,Q4/2024
T10018,2024-02-01,4372,22122,40859,2.480220275174002,97.519779724826,1.1806585899557027,LOW,1315635,Monitor normally,Q4/2024
T10018,2024-03-01,3348,23546,64405,3.909507986553308,96.09049201344669,1.1525490100100344,LOW,1311015,Monitor normally,Q4/2024
T10018,2024-04-01,4333,21924,86329,5.240337162815938,94.75966283718407,1.0212250601661361,LOW,1299895,Monitor normally,Q1/2025
T10018,2024-05-01,4128,20887,107216,6.508218434691397,93.4917815653086,0.9270475795952183,LOW,1277769,Monitor normally,Q1/2025
T10018,2024-06-01,4142,20958,128174,7.780409543800694,92.21959045619931,0.9475111894751119,LOW,1261435,Monitor normally,Q1/2025
T10018,2024-07-01,3110,15736,143910,8.735615159457907,91.26438484054209,0.7402970095187317,LOW,1244175,Monitor normally,Q2/2025
T10018,2024-08-01,3046,15412,159322,9.671153348864934,90.32884665113507,0.8029732029662562,LOW,1234784,Monitor normally,Q2/2025
T10018,2024-09-01,3544,17932,177254,10.759660409106747,89.24033959089326,1.0324338847733465,LOW,1207220,Monitor normally,Q2/2025
T10018,2024-10-01,2767,14001,191255,11.609548171232868,88.39045182876713,0.8558068459657702,LOW,1195604,Monitor normally,Q3/2025
T10018,2024-11-01,3952,19997,211252,12.823404722853185,87.17659527714682,1.2671031787939593,LOW,1182972,Monitor normally,Q3/2025
T10018,2024-12-01,3578,18104,229356,13.9223525155488,86.0776474844512,1.0458694396302715,LOW,1155958,Monitor normally,Q3/2025
T10018,2025-01-01,4429,22410,251766,15.282682831186712,84.71731716881328,1.2903535372922346,LOW,1143105,Monitor normally,Q4/2025
T10018,2025-02-01,3889,19678,271444,16.477175466221194,83.5228245337788,0.975591214820446,LOW,1127003,Monitor normally,Q4/2025
T10018,2025-03-01,3628,18357,289801,17.591480847933163,82.40851915206684,0.9149222488038278,LOW,1110830,Monitor normally,Q4/2025
T10018,2025-04-01,3528,17851,307652,18.675071051612424,81.32492894838758,0.8859789891637025,LOW,1091073,Monitor normally,Q1/2026
T10018,2025-05-01,3830,19379,327031,19.851413808718497,80.14858619128151,1.0402784239344378,LOW,1069629,Monitor normally,Q1/2026
T10018,2025-06-01,3291,16652,343683,20.8622223948855,79.13777760511451,0.8986993361757245,LOW,1041245,Monitor normally,Q1/2026
T10019,2024-01-01,8884,39089,39089,2.44304112339017,97.55695887660983,2.1763668757655616,LOW,1337628,Monitor normally,Q4/2024
T10019,2024-02-01,7346,32322,71411,4.4631484474510845,95.53685155254891,0.8268822430862902,LOW,1330919,Monitor normally,Q4/2024
T10019,2024-03-01,5437,23922,95333,5.958260365221804,94.0417396347782,0.669980815280559,LOW,1299964,Monitor normally,Q4/2024
T10019,2024-04-01,6904,30377,125710,7.856806252945287,92.14319374705471,0.9559229228074224,LOW,1298688,Monitor normally,Q1/2025
T10019,2024-05-01,8305,36542,162252,10.140661269213895,89.8593387307861,1.2655822491081838,LOW,1266982,Monitor normally,Q1/2025
T10019,2024-06-01,8869,58719,220971,13.810566657541745,86.18943334245826,1.939179445404608,LOW,1186077,Monitor normally,Q1/2025
T10019,2024-07-01,8890,39116,260087,16.25529526616642,83.74470473383357,0.934016778363234,LOW,1179688,Monitor normally,Q2/2025
T10019,2024-08-01,8048,35411,295498,18.468463400945243,81.53153659905476,0.790559396325264,LOW,1128535,Monitor normally,Q2/2025
T10019,2024-09-01,8182,36000,331498,20.718443713617507,79.2815562863825,0.8105308977380183,LOW,1065320,Monitor normally,Q2/2025
T10019,2024-10-01,8970,39468,370966,23.185172129743865,76.81482787025614,1.0712676540573796,LOW,1042935,Monitor normally,Q3/2025
T10019,2024-11-01,6910,30404,401370,25.085405502701853,74.91459449729814,0.8226264666889131,LOW,1018284,Monitor normally,Q3/2025
T10019,2024-12-01,7399,32555,433925,27.120075199342004,72.87992480065799,0.9224818648934563,LOW,997249,Monitor normally,Q3/2025
T10019,2025-01-01,6793,29889,463814,28.98812135393815,71.01187864606185,0.8754234723266325,LOW,935838,Monitor normally,Q4/2025
T10019,2025-02-01,9671,59688,523502,32.71858871234877,67.28141128765122,1.9285714285714286,LOW,875004,Monitor normally,Q4/2025
T10019,2025-03-01,7025,30910,554412,34.650446808590424,65.34955319140957,0.7592604722758982,LOW,864714,Monitor normally,Q4/2025
T10019,2025-04-01,7137,31402,585814,36.61305463577194,63.38694536422806,0.7818768829832263,LOW,810560,Monitor normally,Q1/2026
T10019,2025-05-01,6096,26822,612636,38.28941496761903,61.71058503238097,0.6595573770491804,LOW,791123,Monitor normally,Q1/2026
T10019,2025-06-01,9073,39921,652557,40.784455636013185,59.215544363986815,1.3436286938766353,LOW,744464,Monitor normally,Q1/2026
T10020,2024-01-01,4418,10161,10161,1.0713201244970774,98.92867987550292,0.3105914718019257,LOW,849628,Monitor normally,Q4/2024
T10020,2024-02-01,4300,9890,20051,2.11406749496023,97.88593250503978,0.973329396712922,LOW,843229,Monitor normally,Q4/2024
T10020,2024-03-01,2545,5853,25904,2.7311757213829635,97.26882427861703,0.5838112812328562,LOW,833388,Monitor normally,Q4/2024
T10020,2024-04-01,4381,10076,35980,3.7935339119579607,96.20646608804203,1.16692402717727,LOW,832999,Monitor normally,Q1/2025
T10020,2024-05-01,4067,9354,45334,4.779768381453646,95.22023161854635,1.0868740075138463,LOW,817117,Monitor normally,Q1/2025
T10020,2024-06-01,4514,10382,55716,5.874389534148131,94.12561046585186,1.2318949491753353,LOW,811420,Monitor normally,Q1/2025
T10020,2024-07-01,3928,9034,64750,6.826884958290106,93.17311504170989,0.9090970079162752,LOW,802423,Monitor normally,Q2/2025
T10020,2024-08-01,4371,10053,74803,7.886818154980305,92.1131818450197,1.0482794577685088,LOW,779412,Monitor normally,Q2/2025
T10020,2024-09-01,3254,7484,82287,8.675890078190237,91.32410992180976,0.7618853710679019,LOW,770376,Monitor normally,Q2/2025
T10020,2024-10-01,4169,9588,91875,9.686796224600824,90.31320377539917,1.0825335892514396,LOW,767557,Monitor normally,Q3/2025
T10020,2024-11-01,3692,8491,100366,10.58204070615822,89.41795929384178,0.9390967741935484,LOW,757808,Monitor normally,Q3/2025
T10020,2024-12-01,4046,13590,113956,12.014895788523663,87.98510421147634,1.5948832296678794,LOW,756657,Monitor normally,Q3/2025
T10020,2025-01-01,4278,9839,123795,13.052265998633569,86.94773400136643,0.9320471123180397,LOW,745730,Monitor normally,Q4/2025
T10020,2025-02-01,3111,7155,130950,13.806649965839215,86.19335003416079,0.6724624060150376,LOW,725486,Monitor normally,Q4/2025
T10020,2025-03-01,4658,10713,141663,14.936169943571448,85.06383005642856,1.0508435783416166,LOW,719966,Monitor normally,Q4/2025
T10020,2025-04-01,5042,11596,153259,16.158788599576575,83.84121140042342,1.2555671851878587,LOW,715129,Monitor normally,Q1/2026
T10020,2025-05-01,5454,12544,165803,17.481359177442073,82.51864082255793,1.2772196578875916,LOW,737001,Monitor normally,Q1/2026
T10020,2025-06-01,4657,10711,176514,18.610668286140843,81.38933171385915,0.921957937623734,LOW,718800,Monitor normally,Q1/2026
T10021,2024-01-01,6568,7802,7802,2.2280733819195357,97.77192661808047,0.6716019626409572,LOW,343432,Monitor normally,Q4/2024
T10021,2024-02-01,4911,7731,15533,4.435870782024629,95.56412921797538,0.9908997692899256,LOW,320374,Monitor normally,Q4/2024
T10021,2024-03-01,4010,4763,20296,5.796075026844258,94.20392497315574,0.6132749629820382,LOW,316901,Monitor normally,Q4/2024
T10021,2024-04-01,4168,4951,25247,7.209967786890864,92.79003221310913,0.7318190776507687,LOW,297660,Monitor normally,Q1/2025
T10021,2024-05-01,5538,6579,31826,9.088780242626395,90.9112197573736,1.131384350816853,LOW,286102,Monitor normally,Q1/2025
T10021,2024-06-01,4524,5374,37200,10.6234721619337,89.3765278380663,0.9895046952679064,LOW,274140,Monitor normally,Q1/2025
T10021,2024-07-01,8550,10157,47357,13.524079870233715,86.47592012976628,1.8025911026975863,LOW,309132,Monitor normally,Q2/2025
T10021,2024-08-01,4695,5577,52934,15.116743962897807,84.8832560371022,0.7567164179104477,LOW,305656,Monitor normally,Q2/2025
T10021,2024-09-01,2691,3196,56130,16.029448721756413,83.97055127824359,0.4542353610005685,LOW,324033,Monitor normally,Q2/2025
T10021,2024-10-01,3063,3638,59768,17.068378606840145,82.93162139315986,0.5765451664025356,LOW,316128,Monitor normally,Q3/2025
T10021,2024-11-01,5107,6067,65835,18.80097553174476,81.19902446825523,1.4665216340343243,LOW,309045,Monitor normally,Q3/2025
T10021,2024-12-01,5874,9702,75537,21.571645610107147,78.42835438989286,2.2561041779707,LOW,279295,Monitor normally,Q3/2025
T10021,2025-01-01,4614,5481,81018,23.136894290740447,76.86310570925956,0.8472716030298346,LOW,265444,Monitor normally,Q4/2025
T10021,2025-02-01,4639,5511,86529,24.710710287633365,75.28928971236664,0.7780235294117648,LOW,254460,Monitor normally,Q4/2025
T10021,2025-03-01,5229,6212,92741,26.484715907792832,73.51528409220717,0.900550884314294,LOW,247658,Monitor normally,Q4/2025
T10021,2025-04-01,5173,6145,98886,28.23958785497247,71.76041214502753,1.0715531271797256,LOW,284853,Monitor normally,Q1/2026
T10021,2025-05-01,6587,7825,106711,30.474229512691053,69.52577048730895,1.3138012088650102,LOW,245920,Monitor normally,Q1/2026
T10021,2025-06-01,6709,7970,114681,32.75027986566448,67.24972013433552,1.1847190565850758,LOW,267531,Monitor normally,Q1/2026
T10022,2024-01-01,44179,100109,100109,15.807616027892172,84.19238397210783,13.688559708295351,LOW,579263,Monitor normally,Q4/2024
T10022,2024-02-01,1907,4321,104430,16.4899194057755,83.5100805942245,0.04316295238190373,LOW,511470,Monitor normally,Q4/2024
T10022,2024-03-01,1475,3342,107772,17.017634723731085,82.98236527626892,0.06400459638035047,LOW,480991,Monitor normally,Q4/2024
T10022,2024-04-01,4144,9390,117162,18.50035370506051,81.4996462949395,0.2613851464202205,LOW,474003,Monitor normally,Q1/2025
T10022,2024-05-01,1033,2340,119502,18.86984917005634,81.13015082994366,0.4116577728258958,LOW,473725,Monitor normally,Q1/2025
T10022,2024-06-01,256,580,120082,18.961433516080948,81.03856648391906,0.11544585987261147,LOW,469379,Monitor normally,Q1/2025
T10022,2024-07-01,21,69,120151,18.97232889517698,81.02767110482301,0.016815597075548337,LOW,470858,Monitor normally,Q2/2025
T10022,2024-08-01,3573,8096,128247,20.250720042444605,79.74927995755539,8.125794580127133,LOW,490788,Monitor normally,Q2/2025
T10022,2024-09-01,1459,3306,131553,20.77275081478487,79.22724918521513,1.1341337907375644,LOW,541285,Monitor normally,Q2/2025
T10022,2024-10-01,804,1821,133374,21.060294080493165,78.93970591950684,0.47624444250719206,LOW,455721,Monitor normally,Q3/2025
T10022,2024-11-01,45669,103485,236859,37.4009941638665,62.5990058361335,23.47840883309385,LOW,438335,Monitor normally,Q3/2025
T10022,2024-12-01,3034,6875,243734,38.48658447234784,61.51341552765216,0.18989614407247818,LOW,440550,Monitor normally,Q3/2025
T10022,2025-01-01,2735,6197,249931,39.465115838407314,60.534884161592686,0.1657232508178747,LOW,388690,Monitor normally,Q4/2025
T10022,2025-02-01,2227,5046,254977,40.261899648821405,59.738100351178595,0.12987636950161724,LOW,364993,Monitor normally,Q4/2025
T10022,2025-03-01,1164,2637,257614,40.67829261514363,59.32170738485637,0.43663759796887075,LOW,372711,Monitor normally,Q4/2025
T10022,2025-04-01,3968,8991,266605,42.098007882569924,57.901992117430076,1.943299711815562,LOW,345140,Monitor normally,Q1/2026
T10022,2025-05-01,174,394,266999,42.16022207624871,57.83977792375129,0.07088880892407341,LOW,356745,Monitor normally,Q1/2026
T10022,2025-06-01,587,1330,268329,42.37023445592582,57.62976554407418,0.33189153219098316,LOW,348998,Monitor normally,Q1/2026
T10023,2024-01-01,49046,264848,264848,10.994881332431097,89.00511866756891,74.15249650023333,LOW,1444061,Monitor normally,Q4/2024
T10023,2024-02-01,45504,245721,510569,21.195725725767282,78.80427427423271,0.9277812179061198,LOW,1210697,Monitor normally,Q4/2024
T10023,2024-03-01,47379,255846,766415,31.816898660345476,68.18310133965453,1.0021995068247387,LOW,1121611,Monitor normally,Q4/2024
T10023,2024-04-01,36278,195901,962316,39.94951906112096,60.05048093887904,0.7668208477130537,LOW,1086493,Monitor normally,Q1/2025
T10023,2024-05-01,48937,264259,1226575,50.919948688782526,49.080051311217474,1.1366499968457333,LOW,862672,Monitor normally,Q1/2025
T10023,2024-06-01,44855,242217,1468792,60.975328271401466,39.024671728598534,1.0148671938503309,LOW,594907,Monitor normally,Q1/2025
T10023,2024-07-01,41530,353785,1822577,75.66233399617242,24.33766600382758,1.5110901979990803,MED,305646,Plan replacement; increase monitoring; prepare PO,Q2/2025
T10023,2024-08-01,45051,243275,2065852,85.76163531673053,14.238364683269467,0.8483762486036214,HIGH,102918,Start replacement sourcing + secure backup tool,Q4/2024
T10023,2024-09-01,39494,213267,2279119,94.61518662587231,5.384813374127688,0.7623240003002585,HIGH,5483,Start replacement sourcing + secure backup tool,Q4/2024
T10023,2024-10-01,40426,218300,2497419,103.67767754470012,0.0,0.8081922483145693,HIGH,0,Start replacement sourcing + secure backup tool,Q1/2025
T10023,2024-11-01,39737,214579,2711998,112.58569513000087,0.0,0.9539077295129823,HIGH,0,Start replacement sourcing + secure backup tool,Q1/2025
T10023,2024-12-01,45237,244279,2956277,122.7266764362782,0.0,1.1341662720190173,HIGH,0,Start replacement sourcing + secure backup tool,Q1/2025
T10023,2025-01-01,51861,280049,3236326,134.3526110186273,0.0,1.2406956722064866,HIGH,0,Start replacement sourcing + secure backup tool,Q2/2025
T10023,2025-02-01,48685,262899,3499225,145.26658170148994,0.0,1.0673833107549393,HIGH,0,Start replacement sourcing + secure backup tool,Q2/2025
T10023,2025-03-01,42177,227755,3726980,154.7215868284603,0.0,0.8679389807514224,HIGH,0,Start replacement sourcing + secure backup tool,Q2/2025
T10023,2025-04-01,43714,236055,3963035,164.52115757442408,0.0,0.918855901689756,HIGH,0,Start replacement sourcing + secure backup tool,Q3/2025
T10023,2025-05-01,51711,279239,4242274,176.11346587347384,0.0,1.1527544037572122,HIGH,0,Start replacement sourcing + secure backup tool,Q3/2025
T10023,2025-06-01,41107,221977,4464251,185.32860351290876,0.0,0.8962141123936644,HIGH,0,Start replacement sourcing + secure backup tool,Q3/2025
T10024,2024-01-01,50694,69258,69258,5.67716445071069,94.32283554928931,0.28181496356156693,LOW,1433959,Monitor normally,Q4/2024
T10024,2024-02-01,54245,74109,143367,11.751971408429924,88.24802859157008,1.0700424499696786,LOW,1325273,Monitor normally,Q4/2024
T10024,2024-03-01,52398,93429,236796,19.410462809646376,80.58953719035362,1.3033543284019335,LOW,857019,Monitor normally,Q4/2024
T10024,2024-04-01,55265,75503,312299,25.59953768218109,74.4004623178189,0.9565575432017432,LOW,784842,Monitor normally,Q1/2025
T10024,2024-05-01,45679,62406,374705,30.715035165663885,69.28496483433611,0.7703144736896244,LOW,700315,Monitor normally,Q1/2025
T10024,2024-06-01,38977,53250,427955,35.08000393461973,64.91999606538027,0.6905480292904753,LOW,607588,Monitor normally,Q1/2025
T10024,2024-07-01,47412,64774,492729,40.389609325048774,59.610390674951226,1.0165464351665368,LOW,590659,Monitor normally,Q2/2025
T10024,2024-08-01,46246,63181,555910,45.56863452300933,54.43136547699067,1.0505071218755195,LOW,485213,Monitor normally,Q2/2025
T10024,2024-09-01,38270,52284,608194,49.85441906979032,50.14558093020968,0.8656052537181645,LOW,457058,Monitor normally,Q2/2025
T10024,2024-10-01,50785,69382,677576,55.54174795481745,44.45825204518255,1.1548333046676913,LOW,342848,Monitor normally,Q3/2025
T10024,2024-11-01,57999,79238,756814,62.036985425512725,37.963014574487275,1.2860041006886778,MED,262932,Plan replacement; increase monitoring; prepare PO,Q3/2025
T10024,2024-12-01,41599,56832,813646,66.69557519222256,33.30442480777744,0.8486441285390037,MED,193755,Plan replacement; increase monitoring; prepare PO,Q3/2025
T10024,2025-01-01,44300,60522,874168,71.65663885109103,28.34336114890897,0.8837392675661468,HIGH,140119,Start replacement sourcing + secure backup tool,Q2/2025
T10024,2025-02-01,34600,47270,921438,75.53141957801203,24.468580421987966,0.7213416619191015,HIGH,84426,Start replacement sourcing + secure backup tool,Q2/2025
T10024,2025-03-01,46268,63211,984649,80.71290391330722,19.287096086692785,1.151915881038002,HIGH,26059,Start replacement sourcing + secure backup tool,Q2/2025
T10024,2025-04-01,34469,47091,1031740,84.57301178746496,15.426988212535036,0.826143400992965,HIGH,11630,Start replacement sourcing + secure backup tool,Q3/2025
T10024,2025-05-01,43156,58959,1090699,89.40595439119957,10.594045608800428,1.1225154215215902,HIGH,4520,Start replacement sourcing + secure backup tool,Q3/2025
T10024,2025-06-01,19370,26463,1117162,91.57515943407053,8.424840565929472,0.46903303182658734,HIGH,4862,Start replacement sourcing + secure backup tool,Q3/2025
T10025,2024-01-01,3831,4214,4214,0.309610033892527,99.69038996610747,0.09540196056235992,LOW,1225559,Monitor normally,Q4/2024
T10025,2024-02-01,4350,4785,8999,0.6611724477927978,99.3388275522072,1.135500711912672,LOW,1246387,Monitor normally,Q4/2024
T10025,2024-03-01,4579,5036,14035,1.0311762756719545,98.96882372432805,1.1192354706078453,LOW,1247648,Monitor normally,Q4/2024
T10025,2024-04-01,4111,4522,18557,1.3634156143672576,98.63658438563274,0.9665835411471322,LOW,1241616,Monitor normally,Q1/2025
T10025,2024-05-01,5839,6422,24979,1.8352513138589062,98.1647486861411,1.343233633131144,LOW,1234608,Monitor normally,Q1/2025
T10025,2024-06-01,5501,6051,31030,2.2798289871108475,97.72017101288915,1.135982478097622,LOW,1230731,Monitor normally,Q1/2025
T10025,2024-07-01,4423,4865,35895,2.637269142518333,97.36273085748167,0.8587819947043248,LOW,1228073,Monitor normally,Q2/2025
T10025,2024-08-01,5106,5616,41511,3.049886596324795,96.9501134036752,0.9717383781289654,LOW,1222378,Monitor normally,Q2/2025
T10025,2024-09-01,4712,5183,46694,3.4306907742234585,96.56930922577654,0.9405395596419066,LOW,1213747,Monitor normally,Q2/2025
T10025,2024-10-01,3344,3678,50372,3.700919940017648,96.29908005998236,0.704417773237998,LOW,1209172,Monitor normally,Q3/2025
T10025,2024-11-01,2967,3263,53635,3.9406583217431614,96.05934167825684,0.676176003315604,LOW,1204808,Monitor normally,Q3/2025
T10025,2024-12-01,4341,4775,58410,4.291486017955031,95.70851398204496,1.1815407456285054,LOW,1199410,Monitor normally,Q3/2025
T10025,2025-01-01,4224,4646,63056,4.632835855986516,95.36716414401349,1.1896551724137931,LOW,1197149,Monitor normally,Q4/2025
T10025,2025-02-01,4045,4449,67505,4.959711755556486,95.04028824444352,1.0522705771050143,LOW,1193408,Monitor normally,Q4/2025
T10025,2025-03-01,4793,5272,72777,5.347054920881926,94.65294507911807,1.1403028118240808,LOW,1187869,Monitor normally,Q4/2025
T10025,2025-04-01,4961,5457,78234,5.747990363442799,94.2520096365572,1.1394863228231364,LOW,1181092,Monitor normally,Q1/2026
T10025,2025-05-01,3276,3603,81837,6.012709146573974,93.98729085342603,0.712149163262617,LOW,1181499,Monitor normally,Q1/2026
T10025,2025-06-01,3869,4255,86092,6.325331522988948,93.67466847701105,0.8906642478370081,LOW,1174272,Monitor normally,Q1/2026
T10026,2024-01-01,210,1617,1617,0.12179543188042506,99.87820456811957,0.3643259481787458,LOW,1219250,Monitor normally,Q4/2024
T10026,2024-02-01,192,1478,3095,0.2331211265738501,99.76687887342615,0.9140383426097711,LOW,1223749,Monitor normally,Q4/2024
T10026,2024-03-01,313,2410,5505,0.41464678571536173,99.58535321428464,1.55735056542811,LOW,1222754,Monitor normally,Q4/2024
T10026,2024-04-01,146,1124,6629,0.4993085454145564,99.50069145458545,0.6125340599455041,LOW,1226927,Monitor normally,Q1/2025
T10026,2024-05-01,148,1139,7768,0.5851001328677439,99.41489986713226,0.6817637669592976,LOW,1220826,Monitor normally,Q1/2025
T10026,2024-06-01,580,4466,12234,0.921487516156537,99.07851248384347,2.8671089236036806,LOW,1223813,Monitor normally,Q1/2025
T10026,2024-07-01,5190,39963,52197,3.931574618344184,96.06842538165581,17.8167632634864,LOW,1184955,Monitor normally,Q2/2025
T10026,2024-08-01,314,2417,54614,4.11362753043756,95.88637246956245,0.15912482443820225,LOW,1169341,Monitor normally,Q2/2025
T10026,2024-09-01,478,3680,58294,4.390811939417129,95.60918806058287,0.23566579857405115,LOW,1170808,Monitor normally,Q2/2025
T10026,2024-10-01,611,4704,62998,4.745125923069275,95.25487407693072,0.30638297872340425,LOW,1167707,Monitor normally,Q3/2025
T10026,2024-11-01,167,1285,64283,4.841914500661326,95.15808549933867,0.35691139709286174,LOW,1171038,Monitor normally,Q3/2025
T10026,2024-12-01,109,839,65122,4.905109533034658,95.09489046696534,0.2603164753335402,LOW,1168267,Monitor normally,Q3/2025
T10026,2025-01-01,4712,36282,101404,7.637936904392468,92.36206309560754,15.941124780316345,LOW,1128996,Monitor normally,Q4/2025
T10026,2025-02-01,84,646,102050,7.686594819664426,92.31340518033558,0.05046086548976722,LOW,1110621,Monitor normally,Q4/2025
T10026,2025-03-01,341,2625,104675,7.884314676613167,92.11568532338683,0.2085153705616014,LOW,1118624,Monitor normally,Q4/2025
T10026,2025-04-01,4799,36952,141627,10.667607687649326,89.33239231235068,2.8027204004753115,LOW,1114845,Monitor normally,Q1/2026
T10026,2025-05-01,300,2310,143937,10.841601161764219,89.15839883823578,0.17228948611490938,LOW,1068175,Monitor normally,Q1/2026
T10026,2025-06-01,1,7,143944,10.842128414716083,89.15787158528391,0.0005013488671902976,LOW,1032062,Monitor normally,Q1/2026
T10027,2024-01-01,16176,44199,44199,2.1858866666303993,97.8141133333696,3.37663296748071,LOW,1526540,Monitor normally,Q4/2024
T10027,2024-02-01,14809,40464,84663,4.187056785378164,95.81294321462184,0.915495825697414,LOW,1505540,Monitor normally,Q4/2024
T10027,2024-03-01,14901,40715,125378,6.20064025178819,93.79935974821181,0.9618133068754946,LOW,1493527,Monitor normally,Q4/2024
T10027,2024-04-01,17813,48672,174050,8.60774167576237,91.39225832423763,1.1646062307581873,LOW,1457967,Monitor normally,Q1/2025
T10027,2024-05-01,11428,31225,205275,10.15199179828854,89.84800820171147,0.7214037627742567,LOW,1398763,Monitor normally,Q1/2025
T10027,2024-06-01,13229,36146,241421,11.939612772790733,88.06038722720926,0.8990647696746592,LOW,1387226,Monitor normally,Q1/2025
T10027,2024-07-01,16108,44013,285434,14.116300703703283,85.88369929629671,1.1378454538403868,LOW,1335645,Monitor normally,Q2/2025
T10027,2024-08-01,12302,33613,319047,15.778650723510237,84.22134927648976,0.9053275156216333,LOW,1306227,Monitor normally,Q2/2025
T10027,2024-09-01,18695,51082,370129,18.304940067269467,81.69505993273053,1.3469570720388144,LOW,1198650,Monitor normally,Q2/2025
T10027,2024-10-01,18951,51781,421910,20.86579885332319,79.13420114667682,1.2069412934704915,LOW,1087484,Monitor normally,Q3/2025
T10027,2024-11-01,14632,39980,461890,22.843032476977196,77.1569675230228,0.8788358392684428,LOW,1157284,Monitor normally,Q3/2025
T10027,2024-12-01,14537,39720,501610,24.80740765285356,75.19259234714644,0.8342025860560195,LOW,1088502,Monitor normally,Q3/2025
T10027,2025-01-01,13370,36532,538142,26.61411847674871,73.38588152325129,0.8335500946904876,LOW,1068738,Monitor normally,Q4/2025
T10027,2025-02-01,10357,28299,566441,28.013661606208057,71.98633839379194,0.7304098699153417,LOW,1050558,Monitor normally,Q4/2025
T10027,2025-03-01,20619,56339,622780,30.799938872917487,69.2000611270825,1.6165985978135071,LOW,969410,Monitor normally,Q4/2025
T10027,2025-04-01,18451,50415,673195,33.29324135257023,66.70675864742978,1.2482050012379302,LOW,829852,Monitor normally,Q1/2026
T10027,2025-05-01,8802,24050,697245,34.48264777200192,65.51735222799809,0.5342347078554346,LOW,885494,Monitor normally,Q1/2026
T10027,2025-06-01,21990,60085,757330,37.45418559784611,62.54581440215389,1.3780541879453228,LOW,811832,Monitor normally,Q1/2026
T10028,2024-01-01,29750,238000,238000,53.73624984195221,46.26375015804779,5.306577480490524,LOW,400671,Monitor normally,Q4/2024
T10028,2024-02-01,30466,243728,481728,108.76578220110903,0.0,1.0240672268907562,HIGH,0,Start replacement sourcing + secure backup tool,Q2/2024
T10028,2024-03-01,34070,272560,754288,170.30507739826237,0.0,1.131592932111067,HIGH,0,Start replacement sourcing + secure backup tool,Q2/2024
T10028,2024-04-01,21312,170496,924784,208.80010115058795,0.0,0.6781070360392847,HIGH,0,Start replacement sourcing + secure backup tool,Q3/2024
T10028,2024-05-01,26584,212672,1137456,256.81773025305705,0.0,0.9289907743919485,HIGH,0,Start replacement sourcing + secure backup tool,Q3/2024
T10028,2024-06-01,29267,234136,1371592,309.6815562740459,0.0,1.071188053583193,HIGH,0,Start replacement sourcing + secure backup tool,Q3/2024
T10028,2024-07-01,28056,224448,1596040,360.3580008308798,0.0,1.0907818514054664,HIGH,0,Start replacement sourcing + secure backup tool,Q4/2024
T10028,2024-08-01,35630,285040,1881080,424.71506240630026,0.0,1.2739104008008868,HIGH,0,Start replacement sourcing + secure backup tool,Q4/2024
T10028,2024-09-01,27755,222040,2103120,474.8478225529686,0.0,0.8957752842834551,HIGH,0,Start replacement sourcing + secure backup tool,Q4/2024
T10028,2024-10-01,19806,158448,2261568,510.6226179939671,0.0,0.6497960433503571,HIGH,0,Start replacement sourcing + secure backup tool,Q1/2025
T10028,2024-11-01,41444,331552,2593120,585.481278109929,0.0,1.49453666863002,HIGH,0,Start replacement sourcing + secure backup tool,Q1/2025
T10028,2024-12-01,38372,306976,2900096,654.7911059733035,0.0,1.2933655412617269,HIGH,0,Start replacement sourcing + secure backup tool,Q1/2025
T10028,2025-01-01,30157,241256,3141352,709.2625038383036,0.0,0.9081427797072935,HIGH,0,Start replacement sourcing + secure backup tool,Q2/2025
T10028,2025-02-01,25343,202744,3344096,755.0385636616513,0.0,0.6913424204122831,HIGH,0,Start replacement sourcing + secure backup tool,Q2/2025
T10028,2025-03-01,29694,237552,3581648,808.6736629156658,0.0,0.9489730697119482,HIGH,0,Start replacement sourcing + secure backup tool,Q2/2025
T10028,2025-04-01,20561,164488,3746136,845.8121850333255,0.0,0.7240298612578351,HIGH,0,Start replacement sourcing + secure backup tool,Q3/2025
T10028,2025-05-01,25200,267534,4013670,906.2166970720517,0.0,1.3270886795946983,HIGH,0,Start replacement sourcing + secure backup tool,Q3/2025
T10028,2025-06-01,26182,209456,4223126,953.5082094539675,0.0,0.9384593786497086,HIGH,0,Start replacement sourcing + secure backup tool,Q3/2025
T10029,2024-01-01,24323,145938,145938,30.277279281335257,69.72272071866475,0.6825082076080552,LOW,610349,Monitor normally,Q4/2024
T10029,2024-02-01,18611,111666,257604,53.44425887698261,46.55574112301739,0.7651605476298154,LOW,389416,Monitor normally,Q4/2024
T10029,2024-03-01,16100,96600,354204,73.48554475575979,26.51445524424021,0.7499883542181022,MED,207649,Plan replacement; increase monitoring; prepare PO,Q4/2024
T10029,2024-04-01,13384,80304,434508,90.14595284281283,9.854047157187168,0.6801504217908324,HIGH,61070,Start replacement sourcing + secure backup tool,Q3/2024
T10029,2024-05-01,13810,82860,517368,107.33664588541612,0.0,0.8614201060401289,HIGH,0,Start replacement sourcing + secure backup tool,Q3/2024
T10029,2024-06-01,25431,152586,669954,138.9931639713281,0.0,1.7622072342587887,HIGH,0,Start replacement sourcing + secure backup tool,Q3/2024
T10029,2024-07-01,18652,111912,781866,162.21118038194624,0.0,1.0632969121140143,HIGH,0,Start replacement sourcing + secure backup tool,Q4/2024
T10029,2024-08-01,10358,62148,844014,175.10482256408127,0.0,0.5367488297376194,HIGH,0,Start replacement sourcing + secure backup tool,Q4/2024
T10029,2024-09-01,16361,98166,942180,195.4710013381604,0.0,0.9015815286273213,HIGH,0,Start replacement sourcing + secure backup tool,Q4/2024
T10029,2024-10-01,17290,103740,1045920,216.9935996514559,0.0,1.143241277467986,HIGH,0,Start replacement sourcing + secure backup tool,Q1/2025
T10029,2024-11-01,19871,119226,1165146,241.72902770718147,0.0,1.3545638392147061,HIGH,0,Start replacement sourcing + secure backup tool,Q1/2025
T10029,2024-12-01,18221,109326,1274472,264.41053516042365,0.0,1.021318336385038,HIGH,0,Start replacement sourcing + secure backup tool,Q1/2025
T10029,2025-01-01,19760,118560,1393032,289.0077903756185,0.0,1.070383879238742,HIGH,0,Start replacement sourcing + secure backup tool,Q2/2025
T10029,2025-02-01,13333,127711,1520743,315.5035736143816,0.0,1.1037734218350272,HIGH,0,Start replacement sourcing + secure backup tool,Q2/2025
T10029,2025-03-01,22583,135498,1656241,343.61490026037075,0.0,1.1431311287778019,HIGH,0,Start replacement sourcing + secure backup tool,Q2/2025
T10029,2025-04-01,18050,108300,1764541,366.08354685117376,0.0,0.8510381932529881,HIGH,0,Start replacement sourcing + secure backup tool,Q3/2025
T10029,2025-05-01,17717,106302,1870843,388.13767492038465,0.0,0.8584071987488864,HIGH,0,Start replacement sourcing + secure backup tool,Q3/2025
T10029,2025-06-01,16159,96954,1967797,408.2524040207052,0.0,0.8307969151670951,HIGH,0,Start replacement sourcing + secure backup tool,Q3/2025
T10030,2024-01-01,24371,80424,80424,8.868373723484142,91.13162627651586,0.7744097369333282,LOW,1159031,Monitor normally,Q4/2024
T10030,2024-02-01,25737,84932,165356,18.233845685621752,81.76615431437824,1.0560529195265096,LOW,1056886,Monitor normally,Q4/2024
T10030,2024-03-01,27532,90855,256211,28.25244827498751,71.74755172501249,1.0989017634679117,LOW,800628,Monitor normally,Q4/2024
T10030,2024-04-01,21713,108750,364961,40.24433679618642,59.75566320381358,1.2733645315774889,LOW,650157,Monitor normally,Q1/2025
T10030,2024-05-01,29287,96647,461608,50.901624611435246,49.098375388564754,1.0189922575974302,LOW,597402,Monitor normally,Q1/2025
T10030,2024-06-01,22250,73425,535033,58.99821693023092,41.00178306976908,0.7435392841229763,LOW,419212,Monitor normally,Q1/2025
T10030,2024-07-01,28087,92687,627720,69.2188345979492,30.781165402050803,0.9972706601344227,MED,254366,Plan replacement; increase monitoring; prepare PO,Q2/2025
T10030,2024-08-01,20550,67815,695535,76.69681087440992,23.30318912559008,0.7742646303266492,MED,161772,Plan replacement; increase monitoring; prepare PO,Q2/2025
T10030,2024-09-01,21700,71610,767145,84.59326270892075,15.406737291079253,0.918363421067256,MED,84324,Plan replacement; increase monitoring; prepare PO,Q1/2025
T10030,2024-10-01,26762,88314,855459,94.33166862028773,5.668331379712271,1.1414403391466188,HIGH,113,Start replacement sourcing + secure backup tool,Q1/2025
T10030,2024-11-01,29056,95884,951343,104.90482024296945,0.0,1.2630774702620104,HIGH,0,Start replacement sourcing + secure backup tool,Q1/2025
T10030,2024-12-01,23181,76497,1027840,113.34016273681912,0.0,0.8971220602952215,HIGH,0,Start replacement sourcing + secure backup tool,Q1/2025
T10030,2025-01-01,32980,108834,1136674,125.34131395811715,0.0,1.2524290837952397,HIGH,0,Start replacement sourcing + secure backup tool,Q2/2025
T10030,2025-02-01,19115,63079,1199753,132.29705038136962,0.0,0.6729264086197394,HIGH,0,Start replacement sourcing + secure backup tool,Q2/2025
T10030,2025-03-01,31873,150459,1350212,148.88820031250586,0.0,1.8170645304134294,HIGH,0,Start replacement sourcing + secure backup tool,Q2/2025
T10030,2025-04-01,20765,68524,1418736,156.44435818861285,0.0,0.6376856550817068,HIGH,0,Start replacement sourcing + secure backup tool,Q3/2025
T10030,2025-05-01,30269,99887,1518623,167.45892157911393,0.0,1.0623940835702788,HIGH,0,Start replacement sourcing + secure backup tool,Q3/2025
T10030,2025-06-01,29844,123125,1641748,181.0359447898966,0.0,1.158387430614357,HIGH,0,Start replacement sourcing + secure backup tool,Q3/2025
T10031,2024-01-01,9485,10433,10433,0.7611728175286434,99.23882718247135,0.10735895395422863,LOW,1178290,Monitor normally,Q4/2024
T10031,2024-02-01,9440,10384,20817,1.5187706836474426,98.48122931635255,0.9953033643247388,LOW,1186520,Monitor normally,Q4/2024
T10031,2024-03-01,9010,9911,30728,2.2418593249324403,97.75814067506757,0.9522025267809963,LOW,1179237,Monitor normally,Q4/2024
T10031,2024-04-01,10826,11908,42636,3.1106454757165953,96.8893545242834,1.1625878677427754,LOW,1166694,Monitor normally,Q1/2025
T10031,2024-05-01,10194,11213,53849,3.928725683034594,96.0712743169654,1.0445921187467007,LOW,1157240,Monitor normally,Q1/2025
T10031,2024-06-01,10026,11028,64877,4.73330862482563,95.26669137517437,1.0015742310486802,LOW,1149445,Monitor normally,Q1/2025
T10031,2024-07-01,6503,7153,72030,5.255178572470831,94.74482142752917,0.628393217956602,LOW,1137750,Monitor normally,Q2/2025
T10031,2024-08-01,10015,11016,83046,6.058886015957416,93.94111398404259,1.1243110838946724,LOW,1132303,Monitor normally,Q2/2025
T10031,2024-09-01,11227,12349,95395,6.959846729430168,93.04015327056983,1.268863239373908,LOW,1112640,Monitor normally,Q2/2025
T10031,2024-10-01,9557,10512,105907,7.726783244129784,92.27321675587021,1.0333573628678159,LOW,1106029,Monitor normally,Q3/2025
T10031,2024-11-01,12233,13456,119363,8.708508676188197,91.2914913238118,1.1916049236945419,LOW,1092526,Monitor normally,Q3/2025
T10031,2024-12-01,11244,12368,131731,9.610855595309664,90.38914440469034,1.021670292149682,LOW,1077889,Monitor normally,Q3/2025
T10031,2025-01-01,8446,9290,141021,10.28863719933929,89.71136280066071,0.7670079260237781,LOW,1059810,Monitor normally,Q4/2025
T10031,2025-02-01,10131,11144,152165,11.101683291406692,88.89831670859331,0.9520988779404227,LOW,1059442,Monitor normally,Q4/2025
T10031,2025-03-01,11072,12179,164344,11.990241112233047,88.00975888776695,1.1138650082312054,LOW,1042282,Monitor normally,Q4/2025
T10031,2025-04-01,9561,10517,174861,12.75754241789285,87.24245758210715,0.9674362984086101,LOW,1030636,Monitor normally,Q1/2026
T10031,2025-05-01,8967,9863,184724,13.477129065960042,86.52287093403996,0.8743794326241134,LOW,1027532,Monitor normally,Q1/2026
T10031,2025-06-01,7325,8057,192781,14.064953219207265,85.93504678079273,0.7423753800792408,LOW,1002639,Monitor normally,Q1/2026
T10032,2024-01-01,37204,88396,88396,4.975929820453122,95.02407017954688,9.325456271758624,LOW,1407556,Monitor normally,Q4/2024
T10032,2024-02-01,34426,81796,170192,9.580336757348272,90.41966324265172,0.925335988053758,LOW,1348650,Monitor normally,Q4/2024
T10032,2024-03-01,38526,91537,261729,14.733077695567395,85.2669223044326,1.0756909843000846,LOW,1230539,Monitor normally,Q4/2024
T10032,2024-04-01,49396,117364,379093,21.33965522676406,78.66034477323595,1.3452540604976904,LOW,1096045,Monitor normally,Q1/2025
T10032,2024-05-01,53182,126360,505453,28.45262970651944,71.54737029348055,1.3040382253686829,LOW,1002664,Monitor normally,Q1/2025
T10032,2024-06-01,41351,98249,603702,33.983198159047824,66.01680184095218,0.8791568360173119,LOW,929789,Monitor normally,Q1/2025
T10032,2024-07-01,53051,126049,729751,41.07866603019918,58.92133396980082,1.1057802808993693,LOW,808278,Monitor normally,Q2/2025
T10032,2024-08-01,44842,106544,836295,47.07617119774474,52.92382880225526,0.9115206269356467,LOW,713779,Monitor normally,Q2/2025
T10032,2024-09-01,38555,91606,927901,52.23279623883743,47.76720376116257,0.8306623705575471,LOW,592159,Monitor normally,Q2/2025
T10032,2024-10-01,32884,78132,1006033,56.63095168401191,43.36904831598809,0.7230003793966052,LOW,511201,Monitor normally,Q3/2025
T10032,2024-11-01,24814,58958,1064991,59.94977686110449,40.05022313889551,0.6401937151171629,LOW,459441,Monitor normally,Q3/2025
T10032,2024-12-01,46476,110426,1175417,66.16580503379733,33.83419496620267,1.4485517892748452,MED,365184,Plan replacement; increase monitoring; prepare PO,Q3/2025
T10032,2025-01-01,55701,132345,1307762,73.6156832193246,26.384316780675405,1.6040781202023304,MED,256532,Plan replacement; increase monitoring; prepare PO,Q4/2025
T10032,2025-02-01,32865,78087,1385849,78.01130555392936,21.98869444607064,0.7763953746573913,MED,124651,Plan replacement; increase monitoring; prepare PO,Q4/2025
T10032,2025-03-01,38316,91038,1476887,83.13595711049766,16.864042889502343,0.8511989727543025,MED,72078,Plan replacement; increase monitoring; prepare PO,Q3/2025
T10032,2025-04-01,43807,104085,1580972,88.99504185824489,11.004958141755111,1.0357747039506418,HIGH,4790,Start replacement sourcing + secure backup tool,Q3/2025
T10032,2025-05-01,22632,71424,1652396,93.01559495449408,6.984405045505923,0.7842758317777534,HIGH,4858,Start replacement sourcing + secure backup tool,Q3/2025
T10032,2025-06-01,40003,95047,1747443,98.36591851715085,1.6340814828491546,1.0697588042634132,HIGH,212,Start replacement sourcing + secure backup tool,Q3/2025
T10033,2024-01-01,1408,4561,4561,0.3306138573670495,99.66938614263294,0.050573633554606076,LOW,1593917,Monitor normally,Q4/2024
T10033,2024-02-01,22923,112671,117232,8.497812700472254,91.50218729952775,24.703135277351457,LOW,1319132,Monitor normally,Q4/2024
T10033,2024-03-01,18157,58828,176060,12.762086324938112,87.23791367506189,1.0036167599290295,LOW,1196242,Monitor normally,Q4/2024
T10033,2024-04-01,750,2430,178490,12.938230081439306,87.0617699185607,0.04140633874815404,LOW,1160422,Monitor normally,Q1/2025
T10033,2024-05-01,119,385,178875,12.96613763133764,87.03386236866235,0.006640640721213828,LOW,1122515,Monitor normally,Q1/2025
T10033,2024-06-01,632,2047,180922,13.11451881222568,86.88548118777432,0.099622017098454,LOW,1102239,Monitor normally,Q1/2025
T10033,2024-07-01,427,1383,182305,13.214768530431915,86.78523146956809,0.853352529823118,LOW,1125249,Monitor normally,Q2/2025
T10033,2024-08-01,1784,5780,188085,13.63374421461993,86.36625578538008,4.54521625163827,LOW,1100821,Monitor normally,Q2/2025
T10033,2024-09-01,1370,4438,192523,13.955442153448033,86.04455784655197,1.4456026058631921,LOW,1096204,Monitor normally,Q2/2025
T10033,2024-10-01,90,291,192814,13.97653591194262,86.02346408805738,0.07525213343677269,LOW,1093128,Monitor normally,Q3/2025
T10033,2024-11-01,1070,3466,196280,14.227776348170243,85.77222365182976,0.989437624892949,LOW,1118786,Monitor normally,Q3/2025
T10033,2024-12-01,1251,4053,200333,14.521566737100006,85.4784332629,1.4837095790115926,LOW,1087903,Monitor normally,Q3/2025
T10033,2025-01-01,1413,4578,204911,14.85341287589114,85.14658712410886,1.7585147247119077,LOW,1085526,Monitor normally,Q4/2025
T10033,2025-02-01,76,246,205157,14.871244712969037,85.12875528703097,0.0610068612052575,LOW,1080711,Monitor normally,Q4/2025
T10033,2025-03-01,810,2624,207781,15.061450975133287,84.93854902486672,0.8867860763771545,LOW,1109129,Monitor normally,Q4/2025
T10033,2025-04-01,1705,5524,213305,15.461869950817475,84.53813004918253,2.2250268528464017,LOW,1054493,Monitor normally,Q1/2026
T10033,2025-05-01,1017,3295,216600,15.700715085661681,84.29928491433832,1.177626876340243,LOW,1069621,Monitor normally,Q1/2026
T10033,2025-06-01,35,113,216713,15.7089061327747,84.2910938672253,0.029625098313379356,LOW,1036034,Monitor normally,Q1/2026
T10034,2024-01-01,4173,16692,16692,1.3137421108180665,98.68625788918193,5.606359158083296,LOW,1247019,Monitor normally,Q4/2024
T10034,2024-02-01,5225,20900,37592,2.9586744206729425,97.04132557932705,1.2520968128444765,LOW,1238200,Monitor normally,Q4/2024
T10034,2024-03-01,6950,27800,65392,5.1466705074655525,94.85332949253444,1.4790380932113216,LOW,1219763,Monitor normally,Q4/2024
T10034,2024-04-01,5149,20596,85988,6.767676529177086,93.23232347082292,0.9448862246146318,LOW,1193686,Monitor normally,Q1/2025
T10034,2024-05-01,6827,38387,124375,9.788921341540679,90.21107865845931,1.6618708150542598,LOW,1167346,Monitor normally,Q1/2025
T10034,2024-06-01,5103,20412,144787,11.395445662533872,88.60455433746613,0.705622068838367,LOW,1128696,Monitor normally,Q1/2025
T10034,2024-07-01,4799,19196,163983,12.90626483095369,87.09373516904631,0.7253353485735877,LOW,1102504,Monitor normally,Q2/2025
T10034,2024-08-01,5431,21724,185707,14.616049974460262,85.38395002553973,0.835592025129816,LOW,1093916,Monitor normally,Q2/2025
T10034,2024-09-01,5460,21840,207547,16.334964885811004,83.665035114189,1.0682840931324593,LOW,1053518,Monitor normally,Q2/2025
T10034,2024-10-01,7499,29996,237543,18.695796922481186,81.30420307751882,1.4338432122370937,LOW,1038415,Monitor normally,Q3/2025
T10034,2024-11-01,4301,17204,254747,20.049835939645938,79.95016406035407,0.7016313213703099,LOW,1013749,Monitor normally,Q3/2025
T10034,2024-12-01,4894,19576,274323,21.590562968244935,78.40943703175506,0.8506373117033604,LOW,1004417,Monitor normally,Q3/2025
T10034,2025-01-01,4820,19280,293603,23.10799334786226,76.89200665213774,0.8661794656762908,LOW,981255,Monitor normally,Q4/2025
T10034,2025-02-01,5378,21512,315115,24.80109305358465,75.19890694641535,1.1511951480556546,LOW,958985,Monitor normally,Q4/2025
T10034,2025-03-01,4461,17844,332959,26.205503203682763,73.79449679631723,0.8867611979856878,LOW,949995,Monitor normally,Q4/2025
T10034,2025-04-01,5461,30300,363259,28.590261528496285,71.40973847150372,1.550242172044478,LOW,843582,Monitor normally,Q1/2026
T10034,2025-05-01,4475,17900,381159,29.99907915272606,70.00092084727393,0.7709314344780062,LOW,832998,Monitor normally,Q1/2026
T10034,2025-06-01,5140,20560,401719,31.617251798210095,68.38274820178991,0.9339228393192417,LOW,804749,Monitor normally,Q1/2026
T10035,2024-01-01,50520,54561,54561,2.3087586502810997,97.6912413497189,2.380497382198953,LOW,2010960,Monitor normally,Q4/2024
T10035,2024-02-01,28238,30497,85058,3.59924475862997,96.40075524137004,0.5589523652425725,LOW,1968099,Monitor normally,Q4/2024
T10035,2024-03-01,40929,44203,129261,5.469702752771856,94.53029724722815,1.039361376942792,LOW,1979281,Monitor normally,Q4/2024
T10035,2024-04-01,42748,46167,175428,7.423267764548171,92.57673223545183,1.071483278018892,LOW,1948050,Monitor normally,Q1/2025
T10035,2024-05-01,56883,61433,236861,10.022816346185582,89.97718365381442,1.524808260319194,LOW,1860370,Monitor normally,Q1/2025
T10035,2024-06-01,41505,44825,281686,11.91959438359051,88.0804056164095,0.8858520582597181,LOW,1830530,Monitor normally,Q1/2025
T10035,2024-07-01,33487,36165,317851,13.449922944053405,86.55007705594659,0.7117926849270132,LOW,1781065,Monitor normally,Q2/2025
T10035,2024-08-01,49208,53144,370995,15.698720981306,84.301279018694,1.1194259354177345,LOW,1714859,Monitor normally,Q2/2025
T10035,2024-09-01,35473,38310,409305,17.319815607362504,82.6801843926375,0.8568297374267523,LOW,1677994,Monitor normally,Q2/2025
T10035,2024-10-01,37344,40331,449636,19.026429216432845,80.97357078356715,0.9480798313730715,LOW,1626096,Monitor normally,Q3/2025
T10035,2024-11-01,35249,38068,487704,20.63728356842238,79.36271643157762,0.8665933148689152,LOW,1572876,Monitor normally,Q3/2025
T10035,2024-12-01,35794,52100,539804,22.841904555567876,77.15809544443212,1.3392283371462355,LOW,1528670,Monitor normally,Q3/2025
T10035,2025-01-01,37329,40315,580119,24.547841121724698,75.4521588782753,0.9267887110246056,LOW,1459757,Monitor normally,Q4/2025
T10035,2025-02-01,31375,42655,622774,26.352795213983644,73.64720478601636,0.9807024669880366,LOW,1449707,Monitor normally,Q4/2025
T10035,2025-03-01,38634,41724,664498,28.118353871712216,71.88164612828778,0.9267194787887761,LOW,1403643,Monitor normally,Q4/2025
T10035,2025-04-01,36918,39871,704369,29.805502497018892,70.19449750298111,0.9592522495067927,LOW,1387716,Monitor normally,Q1/2026
T10035,2025-05-01,40726,43984,748353,31.66669346628199,68.333306533718,1.0619879275653925,LOW,1294237,Monitor normally,Q1/2026
T10035,2025-06-01,38454,41530,789883,33.42404297868415,66.57595702131584,0.9921244794113666,LOW,1230462,Monitor normally,Q1/2026
T10036,2024-01-01,51699,245673,245673,37.55084135662546,62.44915864337454,5.878047613350879,LOW,435657,Monitor normally,Q4/2024
T10036,2024-02-01,38740,294177,539850,82.51546448479994,17.484535515200065,1.1974331733645944,MED,80779,Plan replacement; increase monitoring; prepare PO,Q3/2024
T10036,2024-03-01,31320,148832,688682,105.26426806024081,0.0,0.5513827915161619,HIGH,0,Start replacement sourcing + secure backup tool,Q2/2024
T10036,2024-04-01,54345,258247,946929,144.73703115518592,0.0,1.124961883714109,HIGH,0,Start replacement sourcing + secure backup tool,Q3/2024
T10036,2024-05-01,36761,235230,1182159,180.6916717234169,0.0,1.0063229405523804,HIGH,0,Start replacement sourcing + secure backup tool,Q3/2024
T10036,2024-06-01,49348,234501,1416660,216.53488546269645,0.0,1.095271901841637,HIGH,0,Start replacement sourcing + secure backup tool,Q3/2024
T10036,2024-07-01,49291,234230,1650890,252.3366771571944,0.0,0.9652626865097571,HIGH,0,Start replacement sourcing + secure backup tool,Q4/2024
T10036,2024-08-01,46177,219433,1870323,285.876764067064,0.0,0.9351356112057344,HIGH,0,Start replacement sourcing + secure backup tool,Q4/2024
T10036,2024-09-01,49827,236777,2107100,322.06786184296,0.0,1.0322117983503931,HIGH,0,Start replacement sourcing + secure backup tool,Q4/2024
T10036,2024-10-01,45852,217888,2324988,355.371797242912,0.0,0.9467354150976189,HIGH,0,Start replacement sourcing + secure backup tool,Q1/2025
T10036,2024-11-01,63293,300768,2625756,401.34384729786115,0.0,1.3385353464926464,HIGH,0,Start replacement sourcing + secure backup tool,Q1/2025
T10036,2024-12-01,54013,256669,2882425,440.5754148700555,0.0,1.0192922469630001,HIGH,0,Start replacement sourcing + secure backup tool,Q1/2025
T10036,2025-01-01,42218,200619,3083044,471.2398030695111,0.0,0.7762641472930707,HIGH,0,Start replacement sourcing + secure backup tool,Q2/2025
T10036,2025-02-01,42434,201646,3284690,502.06116706229056,0.0,0.7980122840528932,HIGH,0,Start replacement sourcing + secure backup tool,Q2/2025
T10036,2025-03-01,47902,227630,3512320,536.8541561901501,0.0,1.036355689644183,HIGH,0,Start replacement sourcing + secure backup tool,Q2/2025
T10036,2025-04-01,42592,202397,3714717,567.7903096871031,0.0,0.9639558974114734,HIGH,0,Start replacement sourcing + secure backup tool,Q3/2025
T10036,2025-05-01,39434,273448,3988165,609.5865285116647,0.0,1.2986846042176887,HIGH,0,Start replacement sourcing + secure backup tool,Q3/2025
T10036,2025-06-01,42329,201147,4189312,640.3316209164512,0.0,0.8578002061196205,HIGH,0,Start replacement sourcing + secure backup tool,Q3/2025
T10037,2024-01-01,2688,3045,3045,0.19546784216982782,99.80453215783017,0.013493512478729439,LOW,1427998,Monitor normally,Q4/2024
T10037,2024-02-01,1915,2169,5214,0.33470257112429636,99.6652974288757,0.7123152709359606,LOW,1434011,Monitor normally,Q4/2024
T10037,2024-03-01,2518,2852,8066,0.5177811543322928,99.4822188456677,1.0939777522056002,LOW,1431591,Monitor normally,Q4/2024
T10037,2024-04-01,2057,2330,10396,0.6673509645968901,99.33264903540311,0.8666005454996282,LOW,1432245,Monitor normally,Q1/2025
T10037,2024-05-01,2932,3321,13717,0.8805360890126531,99.11946391098735,1.3553258060127873,LOW,1426088,Monitor normally,Q1/2025
T10037,2024-06-01,2909,3295,17012,1.0920521940864076,98.9079478059136,1.1625308714571327,LOW,1421940,Monitor normally,Q1/2025
T10037,2024-07-01,2060,2333,19345,1.241814583505852,98.75818541649414,0.7823608316566063,LOW,1423201,Monitor normally,Q2/2025
T10037,2024-08-01,1915,2169,21514,1.3810493124603207,98.61895068753968,0.7271203486423065,LOW,1423817,Monitor normally,Q2/2025
T10037,2024-09-01,2519,2854,24368,1.5642562817715484,98.43574371822845,1.098114659484417,LOW,1418022,Monitor normally,Q2/2025
T10037,2024-10-01,2593,4343,28711,1.8430467049385642,98.15695329506144,1.7712071778140293,LOW,1412226,Monitor normally,Q3/2025
T10037,2024-11-01,2476,4438,33149,2.127935468009072,97.87206453199093,1.4215246636771302,LOW,1406913,Monitor normally,Q3/2025
T10037,2024-12-01,2383,2699,35848,2.301192514319865,97.69880748568013,0.6959174903308981,LOW,1394658,Monitor normally,Q3/2025
T10037,2025-01-01,3236,3666,39514,2.536524241543047,97.46347575845695,0.95801393728223,LOW,1397239,Monitor normally,Q4/2025
T10037,2025-02-01,1977,2239,41753,2.6802524841106146,97.31974751588939,0.6217717300749792,LOW,1387529,Monitor normally,Q4/2025
T10037,2025-03-01,2449,2774,44527,2.858324009292586,97.14167599070741,0.9672245467224547,LOW,1393195,Monitor normally,Q4/2025
T10037,2025-04-01,2382,2698,47225,3.0315168625517637,96.96848313744823,0.9325959211890771,LOW,1390385,Monitor normally,Q1/2026
T10037,2025-05-01,2145,2430,49655,3.1875059779779313,96.81249402202207,0.945402671508235,LOW,1388798,Monitor normally,Q1/2026
T10037,2025-06-01,2634,2984,52639,3.3790580439992017,96.62094195600079,1.1328777524677296,LOW,1381978,Monitor normally,Q1/2026
T10038,2024-01-01,20902,94727,94727,6.34500561979131,93.65499438020869,35.032174556213015,LOW,1310892,Monitor normally,Q4/2024
T10038,2024-02-01,25275,114546,209273,14.017527854472188,85.98247214552781,1.2092222914269426,LOW,1207841,Monitor normally,Q4/2024
T10038,2024-03-01,26787,121398,330671,22.149010876540085,77.85098912345991,1.1601878885474954,LOW,1018886,Monitor normally,Q4/2024
T10038,2024-04-01,19220,87105,417776,27.983479555078645,72.01652044492135,0.7902567809091211,LOW,917484,Monitor normally,Q1/2025
T10038,2024-05-01,22370,101380,519156,34.77411654067349,65.22588345932651,0.9414670839408263,LOW,829419,Monitor normally,Q1/2025
T10038,2024-06-01,23151,104920,624076,41.8018698700147,58.1981301299853,1.0157381979650384,LOW,680335,Monitor normally,Q1/2025
T10038,2024-07-01,19517,88451,712527,47.72649634479127,52.27350365520873,0.9043915407031237,LOW,614649,Monitor normally,Q2/2025
T10038,2024-08-01,29083,131804,844331,56.55499424624465,43.44500575375535,1.341511988084858,MED,551055,Plan replacement; increase monitoring; prepare PO,Q2/2025
T10038,2024-09-01,23908,108351,952682,63.81256287936941,36.18743712063059,0.9996248174060121,LOW,406841,Monitor normally,Q2/2025
T10038,2024-10-01,17497,79296,1031978,69.12396897928782,30.876031020712176,0.7239307864129079,MED,316641,Plan replacement; increase monitoring; prepare PO,Q3/2025
T10038,2024-11-01,18492,83805,1115783,74.7373969984018,25.262603001598194,0.7870221098071378,MED,215886,Plan replacement; increase monitoring; prepare PO,Q3/2025
T10038,2024-12-01,19072,86434,1202217,80.52692074285737,19.47307925714263,0.9552407055391008,MED,123925,Plan replacement; increase monitoring; prepare PO,Q2/2025
T10038,2025-01-01,19468,88228,1290445,86.43661022761829,13.563389772381711,1.0607089185885747,HIGH,33069,Start replacement sourcing + secure backup tool,Q2/2025
T10038,2025-02-01,24789,169072,1459517,97.76139397617317,2.238606023826833,1.9624013897325383,HIGH,1582,Start replacement sourcing + secure backup tool,Q2/2025
T10038,2025-03-01,28240,127983,1587500,106.33395358682007,0.0,1.1169945364729703,HIGH,0,Start replacement sourcing + secure backup tool,Q2/2025
T10038,2025-04-01,22425,101630,1689130,113.14133607691679,0.0,0.7913403913486969,HIGH,0,Start replacement sourcing + secure backup tool,Q3/2025
T10038,2025-05-01,27009,122404,1811534,121.34020300910018,0.0,0.9210579781030137,HIGH,0,Start replacement sourcing + secure backup tool,Q3/2025
T10038,2025-06-01,23783,107784,1919318,128.55979283801472,0.0,0.9185692736430343,HIGH,0,Start replacement sourcing + secure backup tool,Q3/2025
T10039,2024-01-01,23825,23825,23825,1.7757640443743499,98.22423595562564,0.21540422761875486,LOW,1338648,Monitor normally,Q4/2024
T10039,2024-02-01,53093,53093,76918,5.732978751949055,94.26702124805095,2.2284575026232947,LOW,1299144,Monitor normally,Q4/2024
T10039,2024-03-01,47563,47563,124481,9.278022413757121,90.72197758624287,1.2367196234951507,LOW,1272902,Monitor normally,Q4/2024
T10039,2024-04-01,27805,27805,152286,11.350430357254657,88.64956964274535,0.6701022646026301,LOW,1239388,Monitor normally,Q1/2025
T10039,2024-05-01,43883,43883,196169,14.62119021283827,85.37880978716173,1.0248168704898764,LOW,1191174,Monitor normally,Q1/2025
T10039,2024-06-01,42597,42597,238766,17.796099803529316,82.20390019647068,1.0716136552314026,LOW,1100683,Monitor normally,Q1/2025
T10039,2024-07-01,55785,55785,294551,21.953959078048648,78.04604092195135,1.4643654022837642,LOW,1035416,Monitor normally,Q2/2025
T10039,2024-08-01,50905,50905,345456,25.748094174748598,74.2519058252514,1.0734544687730645,LOW,1013538,Monitor normally,Q2/2025
T10039,2024-09-01,43722,43722,389178,29.006854113809894,70.9931458861901,0.8786163564141553,LOW,965750,Monitor normally,Q2/2025
T10039,2024-10-01,46874,46874,436052,32.50054409559387,67.49945590440613,0.9349121080764832,LOW,920090,Monitor normally,Q3/2025
T10039,2024-11-01,29799,29799,465851,34.72157212322498,65.27842787677503,0.631776453876651,LOW,867264,Monitor normally,Q3/2025
T10039,2024-12-01,61073,61073,526924,39.27356530190597,60.72643469809403,1.5218156900203497,LOW,817461,Monitor normally,Q3/2025
T10039,2025-01-01,48600,48600,575524,42.89590035150066,57.10409964849934,1.0584699374210502,LOW,755785,Monitor normally,Q4/2025
T10039,2025-02-01,37842,48048,623572,46.47709283016167,53.52290716983833,1.0334977629918551,LOW,722064,Monitor normally,Q4/2025
T10039,2025-03-01,20936,20936,644508,48.037529179921236,51.962470820078764,0.39822217713557484,LOW,698651,Monitor normally,Q4/2025
T10039,2025-04-01,37948,37948,682456,50.86593186432492,49.13406813567508,0.9681929514219623,LOW,624304,Monitor normally,Q1/2026
T10039,2025-05-01,51323,51323,733779,54.6912220237971,45.3087779762029,1.439877679272809,LOW,537066,Monitor normally,Q1/2026
T10039,2025-06-01,43739,43739,777518,57.95124903478932,42.04875096521068,1.1906412478336224,LOW,503427,Monitor normally,Q1/2026
T10040,2024-01-01,38993,304835,304835,14.678718398392846,85.32128160160715,6.875460491692355,LOW,1187052,Monitor normally,Q4/2024
T10040,2024-02-01,33939,265324,570159,27.454863789621488,72.54513621037852,0.870385618449325,LOW,1115566,Monitor normally,Q4/2024
T10040,2024-03-01,34054,266223,836382,40.27429872384931,59.72570127615069,0.9338552929972166,LOW,805779,Monitor normally,Q4/2024
T10040,2024-04-01,43144,337286,1173668,56.51562998082548,43.48437001917452,1.2098036543110684,LOW,605516,Monitor normally,Q1/2025
T10040,2024-05-01,39126,305875,1479543,71.24442749459001,28.755572505409987,1.0561580879179313,HIGH,260532,Start replacement sourcing + secure backup tool,Q3/2024
T10040,2024-06-01,36888,288379,1767922,85.130740198217,14.869259801783002,0.9513439866986884,HIGH,16935,Start replacement sourcing + secure backup tool,Q3/2024
T10040,2024-07-01,25793,201641,1969563,94.84035837385409,5.159641626145913,0.6493795220817142,HIGH,11479,Start replacement sourcing + secure backup tool,Q4/2024
T10040,2024-08-01,41579,325052,2294615,110.49258588327521,0.0,1.2252319715540367,HIGH,0,Start replacement sourcing + secure backup tool,Q4/2024
T10040,2024-09-01,41174,321885,2616500,125.99231285579044,0.0,1.1847480958737386,HIGH,0,Start replacement sourcing + secure backup tool,Q4/2024
T10040,2024-10-01,54279,424336,3040836,146.425362375368,0.0,1.5001661603293983,HIGH,0,Start replacement sourcing + secure backup tool,Q1/2025
T10040,2024-11-01,34581,270343,3311179,159.4431876512606,0.0,0.7570703266114239,HIGH,0,Start replacement sourcing + secure backup tool,Q1/2025
T10040,2024-12-01,34660,270961,3582140,172.4907714784029,0.0,0.7996377994892598,HIGH,0,Start replacement sourcing + secure backup tool,Q1/2025
T10040,2025-01-01,40626,317601,3899741,187.7842110179832,0.0,0.9867062259227041,HIGH,0,Start replacement sourcing + secure backup tool,Q2/2025
T10040,2025-02-01,35556,277966,4177707,201.16910657895116,0.0,0.9708850222085096,HIGH,0,Start replacement sourcing + secure backup tool,Q2/2025
T10040,2025-03-01,21708,169706,4347413,209.3409588417086,0.0,0.5875378522101997,HIGH,0,Start replacement sourcing + secure backup tool,Q2/2025
T10040,2025-04-01,43588,340757,4688170,225.74942914623776,0.0,1.3358252545170155,HIGH,0,Start replacement sourcing + secure backup tool,Q3/2025
T10040,2025-05-01,29366,229574,4917744,236.80410494656462,0.0,0.8735371225563747,HIGH,0,Start replacement sourcing + secure backup tool,Q3/2025
T10040,2025-06-01,52111,407388,5325132,256.42105749756587,0.0,1.6514903984530502,HIGH,0,Start replacement sourcing + secure backup tool,Q3/2025
T10041,2024-01-01,40059,40059,40059,4.514473497373065,95.48552650262694,0.12291568436329867,LOW,1006124,Monitor normally,Q4/2024
T10041,2024-02-01,59948,59948,100007,11.27035001002991,88.72964998997008,1.4964926733068724,LOW,904604,Monitor normally,Q4/2024
T10041,2024-03-01,42176,66009,166016,18.709274623427614,81.29072537657238,1.320087593868429,LOW,821232,Monitor normally,Q4/2024
T10041,2024-04-01,46976,46976,212992,24.00326366490636,75.99673633509364,0.8488820354664611,LOW,744041,Monitor normally,Q1/2025
T10041,2024-05-01,42393,42393,255385,28.780768719304533,71.21923128069547,0.7354235455349759,LOW,689147,Monitor normally,Q1/2025
T10041,2024-06-01,31183,31183,286568,32.29495596982462,67.70504403017537,0.602073652640657,LOW,674161,Monitor normally,Q1/2025
T10041,2024-07-01,38305,38305,324873,36.61176136478893,63.38823863521107,0.9532400955604221,LOW,819620,Monitor normally,Q2/2025
T10041,2024-08-01,51772,51772,376645,42.44623855857805,57.55376144142195,1.3882249890508667,LOW,645590,Monitor normally,Q2/2025
T10041,2024-09-01,48538,48538,425183,47.91625814507531,52.08374185492469,1.2008411677387432,LOW,641248,Monitor normally,Q2/2025
T10041,2024-10-01,36186,36186,461369,51.99426153946713,48.00573846053287,0.7831619954550373,LOW,471731,Monitor normally,Q3/2025
T10041,2024-11-01,52411,52411,513780,57.900751228945644,42.099248771054356,1.1519238659008324,LOW,413571,Monitor normally,Q3/2025
T10041,2024-12-01,39608,39608,553388,62.36439900557392,37.63560099442608,0.8664746417763518,LOW,355194,Monitor normally,Q3/2025
T10041,2025-01-01,37658,37658,591046,66.60829033995758,33.39170966004242,0.8811980811980812,MED,292267,Plan replacement; increase monitoring; prepare PO,Q4/2025
T10041,2025-02-01,36353,36353,627399,70.70511390145445,29.294886098545547,0.8410049584737463,MED,237215,Plan replacement; increase monitoring; prepare PO,Q4/2025
T10041,2025-03-01,40317,40317,667716,75.24866286657065,24.751337133429345,1.0645314604071503,MED,204440,Plan replacement; increase monitoring; prepare PO,Q4/2025
T10041,2025-04-01,36081,36081,703797,79.31483322176469,20.685166778235313,0.9467759429011265,MED,185041,Plan replacement; increase monitoring; prepare PO,Q1/2026
T10041,2025-05-01,31892,31892,735689,82.90892166077268,17.091078339227323,0.8485601014625148,MED,158055,Plan replacement; increase monitoring; prepare PO,Q4/2025
T10041,2025-06-01,37290,37290,772979,87.11134101015838,12.888658989841616,1.0330593775971928,HIGH,108290,Start replacement sourcing + secure backup tool,Q3/2025
T10042,2024-01-01,12630,12630,12630,0.5266230246424551,99.47337697535754,0.3599555399333099,LOW,2307254,Monitor normally,Q4/2024
T10042,2024-02-01,20636,20636,33266,1.3870658383021306,98.61293416169786,1.6338875692794932,LOW,2334422,Monitor normally,Q4/2024
T10042,2024-03-01,27563,27563,60829,2.5363382395863736,97.46366176041363,1.6571273973426321,LOW,2319054,Monitor normally,Q4/2024
T10042,2024-04-01,19478,19478,80307,3.3484968519367886,96.65150314806321,0.9606273323579214,LOW,2300637,Monitor normally,Q1/2025
T10042,2024-05-01,15779,15779,96086,4.006421215027311,95.99357878497268,0.6994547630657387,LOW,2275324,Monitor normally,Q1/2025
T10042,2024-06-01,22135,22135,118221,4.929366634699579,95.07063336530042,1.0570678127984718,LOW,2261214,Monitor normally,Q1/2025
T10042,2024-07-01,17888,17888,136109,5.675228286703081,94.32477171329691,0.9350432115974351,LOW,2241756,Monitor normally,Q2/2025
T10042,2024-08-01,26661,26661,162770,6.786890714255931,93.21310928574407,1.433335722733952,LOW,2211779,Monitor normally,Q2/2025
T10042,2024-09-01,17933,17933,180703,7.534628695325855,92.46537130467415,0.8067752384380061,LOW,2182246,Monitor normally,Q2/2025
T10042,2024-10-01,31921,47532,228235,9.516532543885251,90.48346745611475,2.282193271662239,LOW,2103061,Monitor normally,Q3/2025
T10042,2024-11-01,24939,24939,253174,10.556394112496353,89.44360588750365,0.8121160150229034,LOW,2125718,Monitor normally,Q3/2025
T10042,2024-12-01,29285,29285,282459,11.777467372722345,88.22253262727766,0.9718043449404893,LOW,2082515,Monitor normally,Q3/2025
T10042,2025-01-01,22085,22085,304544,12.698327982320812,87.30167201767918,0.6511163960847518,LOW,2066776,Monitor normally,Q4/2025
T10042,2025-02-01,14527,19342,323886,13.504815911270484,86.49518408872952,0.7604083397764353,LOW,2046762,Monitor normally,Q4/2025
T10042,2025-03-01,21130,21130,345016,14.385856648459324,85.61414335154068,0.896453218689897,LOW,2019167,Monitor normally,Q4/2025
T10042,2025-04-01,18706,18706,363722,15.165825793270232,84.83417420672977,0.8970698722764839,LOW,1998239,Monitor normally,Q1/2026
T10042,2025-05-01,24324,24324,388046,16.180044197973565,83.81995580202644,1.23309337929636,LOW,1878126,Monitor normally,Q1/2026
T10042,2025-06-01,20040,20040,408086,17.015636075553516,82.98436392444648,0.9370324189526184,LOW,1790998,Monitor normally,Q1/2026
T10043,2024-01-01,16447,20805,20805,2.0209801146436304,97.97901988535637,0.9896147138100524,LOW,1051130,Monitor normally,Q4/2024
T10043,2024-02-01,12469,15773,36578,3.5531560025683593,96.44684399743164,0.7581350636866138,LOW,1018765,Monitor normally,Q4/2024
T10043,2024-03-01,18667,23613,60191,5.846902863759421,94.15309713624058,1.2911039422603752,LOW,1022365,Monitor normally,Q4/2024
T10043,2024-04-01,20428,25841,86032,8.357075761740967,91.64292423825903,1.287950025751358,LOW,898629,Monitor normally,Q1/2025
T10043,2024-05-01,24169,30573,116605,11.326911140015406,88.67308885998459,1.4061508271114722,LOW,841728,Monitor normally,Q1/2025
T10043,2024-06-01,24534,31035,147640,14.341624807785896,85.65837519221411,1.1634198458020417,LOW,840534,Monitor normally,Q1/2025
T10043,2024-07-01,19651,24858,172498,16.75630991664489,83.2436900833551,0.8527713295749523,LOW,814936,Monitor normally,Q2/2025
T10043,2024-08-01,22369,28296,200794,19.50495943954593,80.49504056045407,0.9817500520435778,LOW,772620,Monitor normally,Q2/2025
T10043,2024-09-01,27481,34763,235557,22.881807876236945,77.11819212376305,1.238748530093005,LOW,723880,Monitor normally,Q2/2025
T10043,2024-10-01,17719,22414,257971,25.05908489087873,74.94091510912128,0.7648350148435455,LOW,779028,Monitor normally,Q3/2025
T10043,2024-11-01,25454,32199,290170,28.186868534782132,71.81313146521786,1.1301463620090555,LOW,668424,Monitor normally,Q3/2025
T10043,2024-12-01,28882,36535,326705,31.735847553696097,68.26415244630391,1.2263359291084854,LOW,615545,Monitor normally,Q3/2025
T10043,2025-01-01,20928,26473,353178,34.30741239748176,65.69258760251824,0.8713191732127967,LOW,582331,Monitor normally,Q4/2025
T10043,2025-02-01,17530,32802,385980,37.493770951701435,62.506229048298565,1.0336004705536357,LOW,592750,Monitor normally,Q4/2025
T10043,2025-03-01,20096,25421,411401,39.96314540468657,60.03685459531343,0.7959816303099885,LOW,539296,Monitor normally,Q4/2025
T10043,2025-04-01,24740,31296,442697,43.0032123918477,56.9967876081523,1.108529328421649,LOW,488275,Monitor normally,Q1/2026
T10043,2025-05-01,18897,23904,466601,45.32522674707199,54.67477325292801,0.8010813346887252,LOW,510522,Monitor normally,Q1/2026
T10043,2025-06-01,21582,42116,508717,49.41633938866444,50.58366061133556,1.5671847285446718,LOW,444394,Monitor normally,Q1/2026
T10044,2024-01-01,49343,404474,404474,26.982759943402606,73.01724005659739,12.46888486990834,LOW,772176,Monitor normally,Q4/2024
T10044,2024-02-01,42525,348585,753059,50.23712332614414,49.76287667385586,0.8618230096372078,LOW,494315,Monitor normally,Q4/2024
T10044,2024-03-01,43371,355520,1108579,73.95412569237409,26.04587430762591,0.9442022471014887,HIGH,210417,Start replacement sourcing + secure backup tool,Q2/2024
T10044,2024-04-01,36884,302345,1410924,94.1237844469246,5.876215553075397,0.8181960870628074,HIGH,1983,Start replacement sourcing + secure backup tool,Q3/2024
T10044,2024-05-01,30314,248489,1659413,110.70066957569968,0.0,0.7406895523871032,HIGH,0,Start replacement sourcing + secure backup tool,Q3/2024
T10044,2024-06-01,39918,327215,1986628,132.52942443974655,0.0,1.083070191117378,HIGH,0,Start replacement sourcing + secure backup tool,Q3/2024
T10044,2024-07-01,38580,316247,2302875,153.6264959049612,0.0,1.080510313205755,HIGH,0,Start replacement sourcing + secure backup tool,Q4/2024
T10044,2024-08-01,35648,380009,2682884,178.97717758866025,0.0,1.278127385921424,HIGH,0,Start replacement sourcing + secure backup tool,Q4/2024
T10044,2024-09-01,24718,202618,2885502,192.49397435238882,0.0,0.5939142388988061,HIGH,0,Start replacement sourcing + secure backup tool,Q4/2024
T10044,2024-10-01,35242,288885,3174387,211.7657065434564,0.0,0.9641562666180131,HIGH,0,Start replacement sourcing + secure backup tool,Q1/2025
T10044,2024-11-01,38459,315256,3489643,232.7966676651041,0.0,1.0852036460771624,HIGH,0,Start replacement sourcing + secure backup tool,Q1/2025
T10044,2024-12-01,41374,339150,3828793,255.42161521378458,0.0,1.2611572972845668,HIGH,0,Start replacement sourcing + secure backup tool,Q1/2025
T10044,2025-01-01,38265,313665,4142458,276.34643954772787,0.0,0.9975659685081275,HIGH,0,Start replacement sourcing + secure backup tool,Q2/2025
T10044,2025-02-01,46827,383850,4526308,301.9533571846467,0.0,1.1895305199721922,HIGH,0,Start replacement sourcing + secure backup tool,Q2/2025
T10044,2025-03-01,37245,305304,4831612,322.3204130195349,0.0,0.883517819160481,HIGH,0,Start replacement sourcing + secure backup tool,Q2/2025
T10044,2025-04-01,38979,319518,5151130,343.6356953160388,0.0,0.9558594322604578,HIGH,0,Start replacement sourcing + secure backup tool,Q3/2025
T10044,2025-05-01,45475,372767,5523897,368.5032578189991,0.0,1.1086864709241457,HIGH,0,Start replacement sourcing + secure backup tool,Q3/2025
T10044,2025-06-01,38409,314846,5838743,389.50686753715286,0.0,0.9468207849124238,HIGH,0,Start replacement sourcing + secure backup tool,Q3/2025
T10045,2024-01-01,11163,12279,12279,0.8494761943964596,99.15052380560354,0.03657617529397864,LOW,1284200,Monitor normally,Q4/2024
T10045,2024-02-01,7469,8215,20494,1.417799912693301,98.5822000873067,0.6690284225099764,LOW,1303131,Monitor normally,Q4/2024
T10045,2024-03-01,9647,10611,31105,2.151881832942575,97.84811816705742,1.03552259197814,LOW,1293464,Monitor normally,Q4/2024
T10045,2024-04-01,9226,10148,41253,2.8539328485574678,97.14606715144254,0.978749397203022,LOW,1285874,Monitor normally,Q1/2025
T10045,2024-05-01,10112,11123,52376,3.6234355531972446,96.37656444680276,1.1516877200248499,LOW,1277568,Monitor normally,Q1/2025
T10045,2024-06-01,9859,10844,63220,4.373636697592978,95.62636330240701,1.0203876795684084,LOW,1272446,Monitor normally,Q1/2025
T10045,2024-07-01,7744,8518,71738,4.962922325402168,95.03707767459784,0.7957029425502102,LOW,1263911,Monitor normally,Q2/2025
T10045,2024-08-01,5959,6554,78292,5.416336038088413,94.58366396191158,0.644972937510251,LOW,1257746,Monitor normally,Q2/2025
T10045,2024-09-01,11400,12540,90832,6.283868530777687,93.71613146922232,1.4516129032258065,LOW,1244582,Monitor normally,Q2/2025
T10045,2024-10-01,11020,12122,102954,7.122483273710651,92.87751672628934,1.3170360712733593,LOW,1236722,Monitor normally,Q3/2025
T10045,2024-11-01,8769,13996,116950,8.09074362201042,91.90925637798958,1.3450794464377243,LOW,1224110,Monitor normally,Q3/2025
T10045,2024-12-01,10438,11481,128431,8.885013203235744,91.11498679676426,0.8909669408660562,LOW,1214457,Monitor normally,Q3/2025
T10045,2025-01-01,6052,6657,135088,9.345552581531797,90.65444741846821,0.5311577435570095,LOW,1196772,Monitor normally,Q4/2025
T10045,2025-02-01,10613,11674,146762,10.153174138123072,89.84682586187692,1.089873654073567,LOW,1194492,Monitor normally,Q4/2025
T10045,2025-03-01,7970,8767,155529,10.759685889590925,89.24031411040907,0.8822286327653294,LOW,1191169,Monitor normally,Q4/2025
T10045,2025-04-01,9437,10380,165909,11.477786948132765,88.52221305186724,1.1491622998007234,LOW,1178433,Monitor normally,Q1/2026
T10045,2025-05-01,11305,12435,178344,12.338055412773205,87.6619445872268,1.2103760423088155,LOW,1176899,Monitor normally,Q1/2026
T10045,2025-06-01,9021,9923,188267,13.02454065399774,86.97545934600225,0.9425938825913495,LOW,1172001,Monitor normally,Q1/2026
T10046,2024-01-01,13105,33155,33155,1.5282245630466957,98.47177543695331,3.038212474799927,LOW,1714748,Monitor normally,Q4/2024
T10046,2024-02-01,15954,40363,73518,3.3886898937133756,96.61131010628662,1.2174031066204192,LOW,1719061,Monitor normally,Q4/2024
T10046,2024-03-01,16115,56574,130092,5.9963742981713395,94.00362570182867,1.539051660817759,LOW,1686207,Monitor normally,Q4/2024
T10046,2024-04-01,11843,29962,160054,7.3774228386028,92.6225771613972,0.6909417950373582,LOW,1647872,Monitor normally,Q1/2025
T10046,2024-05-01,10928,27647,187701,8.651765305637998,91.348234694362,0.6535985311152964,LOW,1613538,Monitor normally,Q1/2025
T10046,2024-06-01,12865,32548,220249,10.15201121358684,89.84798878641315,0.8551535692703818,LOW,1605201,Monitor normally,Q1/2025
T10046,2024-07-01,13931,35245,255494,11.776570849375736,88.22342915062427,1.1727874707454773,LOW,1562178,Monitor normally,Q2/2025
T10046,2024-08-01,8715,22048,277542,12.792836726801571,87.20716327319843,0.6930427493713328,LOW,1552933,Monitor normally,Q2/2025
T10046,2024-09-01,13188,33365,310907,14.330740890458726,85.66925910954127,1.114134971783484,LOW,1530200,Monitor normally,Q2/2025
T10046,2024-10-01,14282,36133,347040,15.996231408828995,84.00376859117101,1.1956914999227868,LOW,1466044,Monitor normally,Q3/2025
T10046,2024-11-01,10835,27412,374452,17.259741941847725,82.74025805815228,0.8983024927358924,LOW,1443925,Monitor normally,Q3/2025
T10046,2024-12-01,9833,24877,399329,18.40640586749733,81.59359413250267,0.7701062841811991,LOW,1411048,Monitor normally,Q3/2025
T10046,2025-01-01,12285,31081,430410,19.83903285118167,80.16096714881833,1.0545226301146773,LOW,1409778,Monitor normally,Q4/2025
T10046,2025-02-01,14984,37909,468319,21.58638513471469,78.41361486528531,1.3641237855343649,LOW,1354026,Monitor normally,Q4/2025
T10046,2025-03-01,12131,30691,499010,23.00103571726532,76.99896428273468,0.980887851960753,LOW,1340176,Monitor normally,Q4/2025
T10046,2025-04-01,14108,35693,534703,24.646245167689862,75.35375483231013,1.0742167514370844,LOW,1294180,Monitor normally,Q1/2026
T10046,2025-05-01,9012,22800,557503,25.69717323396839,74.30282676603161,0.6558445916792114,LOW,1281142,Monitor normally,Q1/2026
T10046,2025-06-01,12709,32153,589656,27.179212274102323,72.82078772589767,1.0815729278794401,LOW,1209527,Monitor normally,Q1/2026
T10047,2024-01-01,22496,122936,122936,9.713615227499892,90.28638477250011,4.0686627098824,LOW,1086085,Monitor normally,Q4/2024
T10047,2024-02-01,20998,152484,275420,21.761924139048123,78.23807586095188,1.2403527038459035,LOW,929822,Monitor normally,Q4/2024
T10047,2024-03-01,23634,201317,476737,37.66870390050608,62.33129609949392,1.4618909302156706,LOW,659794,Monitor normally,Q4/2024
T10047,2024-04-01,38440,210066,686803,54.2667735983976,45.7332264016024,1.3218986569114626,LOW,375092,Monitor normally,Q1/2025
T10047,2024-05-01,31511,172201,859004,67.87299354854002,32.12700645145998,0.9161788152170637,MED,201748,Plan replacement; increase monitoring; prepare PO,Q1/2025
T10047,2024-06-01,35445,193699,1052703,83.17784774870518,16.822152251294824,0.9957384026978121,HIGH,14917,Start replacement sourcing + secure backup tool,Q3/2024
T10047,2024-07-01,44939,245582,1298285,102.58216426136117,0.0,1.2791484219554627,HIGH,0,Start replacement sourcing + secure backup tool,Q4/2024
T10047,2024-08-01,32919,179895,1478180,116.79631480596238,0.0,0.8825852600730684,HIGH,0,Start replacement sourcing + secure backup tool,Q4/2024
T10047,2024-09-01,30080,164381,1642561,129.7846484487656,0.0,0.7964504438156518,HIGH,0,Start replacement sourcing + secure backup tool,Q4/2024
T10047,2024-10-01,37970,207498,1850059,146.17981123652325,0.0,1.0553285706051287,HIGH,0,Start replacement sourcing + secure backup tool,Q1/2025
T10047,2024-11-01,31080,169845,2019904,159.59987515852103,0.0,0.9234487308209521,HIGH,0,Start replacement sourcing + secure backup tool,Q1/2025
T10047,2024-12-01,36451,199197,2219101,175.3391461000865,0.0,1.1031281612038604,HIGH,0,Start replacement sourcing + secure backup tool,Q1/2025
T10047,2025-01-01,37836,206766,2425867,191.67647093682467,0.0,1.0758975960037465,HIGH,0,Start replacement sourcing + secure backup tool,Q2/2025
T10047,2025-02-01,27471,150123,2575990,203.53822875225683,0.0,0.782151342114038,HIGH,0,Start replacement sourcing + secure backup tool,Q2/2025
T10047,2025-03-01,29769,162681,2738671,216.39223928476895,0.0,0.8776394298723579,HIGH,0,Start replacement sourcing + secure backup tool,Q2/2025
T10047,2025-04-01,31919,174430,2913101,230.17458053658132,0.0,1.0071597667301808,HIGH,0,Start replacement sourcing + secure backup tool,Q3/2025
T10047,2025-05-01,28151,153839,3066940,242.32995286839102,0.0,0.9472183796697274,HIGH,0,Start replacement sourcing + secure backup tool,Q3/2025
T10047,2025-06-01,25486,139275,3206215,253.33457121297718,0.0,0.8510540788267644,HIGH,0,Start replacement sourcing + secure backup tool,Q3/2025
T10048,2024-01-01,42488,212440,212440,22.94096621164132,77.05903378835868,1.3631230429649401,LOW,1010840,Monitor normally,Q4/2024
T10048,2024-02-01,46428,232140,444580,48.009295605213225,51.990704394786775,1.0927320655243833,LOW,615325,Monitor normally,Q4/2024
T10048,2024-03-01,40209,201045,645625,69.71973879867693,30.28026120132307,0.9044266498717891,MED,308953,Plan replacement; increase monitoring; prepare PO,Q4/2024
T10048,2024-04-01,31101,241908,887533,95.84289476895432,4.157105231045676,1.1240642787996127,HIGH,25974,Start replacement sourcing + secure backup tool,Q3/2024
T10048,2024-05-01,36369,262863,1150396,124.22893883452895,0.0,1.1681190591518502,HIGH,0,Start replacement sourcing + secure backup tool,Q3/2024
T10048,2024-06-01,40573,202865,1353261,146.13592014936899,0.0,0.8622573021864055,HIGH,0,Start replacement sourcing + secure backup tool,Q3/2024
T10048,2024-07-01,36002,180010,1533271,165.57483620923318,0.0,0.7631465894895116,HIGH,0,Start replacement sourcing + secure backup tool,Q4/2024
T10048,2024-08-01,38221,191105,1724376,186.21187889364157,0.0,0.8878446057069586,HIGH,0,Start replacement sourcing + secure backup tool,Q4/2024
T10048,2024-09-01,39412,197060,1921436,207.4919899916741,0.0,1.0299662009129238,HIGH,0,Start replacement sourcing + secure backup tool,Q4/2024
T10048,2024-10-01,22836,114180,2035616,219.8220574085693,0.0,0.6028776345316144,HIGH,0,Start replacement sourcing + secure backup tool,Q1/2025
T10048,2024-11-01,38683,193415,2229031,240.7085523239553,0.0,1.1550727089948143,HIGH,0,Start replacement sourcing + secure backup tool,Q1/2025
T10048,2024-12-01,32480,162400,2391431,258.24580007753536,0.0,0.9654120141482795,HIGH,0,Start replacement sourcing + secure backup tool,Q1/2025
T10048,2025-01-01,50087,382020,2773451,299.4993677303842,0.0,2.4384514728880093,HIGH,0,Start replacement sourcing + secure backup tool,Q2/2025
T10048,2025-02-01,27793,138965,2912416,314.50591720129717,0.0,0.565024700644453,HIGH,0,Start replacement sourcing + secure backup tool,Q2/2025
T10048,2025-03-01,37039,185195,3097611,334.50475093112635,0.0,0.8129897495555214,HIGH,0,Start replacement sourcing + secure backup tool,Q2/2025
T10048,2025-04-01,43046,215230,3312841,357.7470036035589,0.0,0.9143419524767056,HIGH,0,Start replacement sourcing + secure backup tool,Q3/2025
T10048,2025-05-01,30448,152240,3465081,374.1870934927524,0.0,0.8467342739020004,HIGH,0,Start replacement sourcing + secure backup tool,Q3/2025
T10048,2025-06-01,33311,166555,3631636,392.17303129815593,0.0,0.9041010376991487,HIGH,0,Start replacement sourcing + secure backup tool,Q3/2025
T10049,2024-01-01,8925,49087,49087,14.12388575900744,85.87611424099256,0.27575675296100366,LOW,604927,Monitor normally,Q4/2024
T10049,2024-02-01,6681,36745,85832,24.69658692662266,75.30341307337734,0.7485688675209322,LOW,693116,Monitor normally,Q4/2024
T10049,2024-03-01,8218,45199,131031,37.70177185178365,62.29822814821635,1.053196942865132,LOW,538873,Monitor normally,Q4/2024
T10049,2024-04-01,8750,48125,179156,51.548859719288956,48.451140280711044,1.1018384962337158,LOW,204343,Monitor normally,Q1/2025
T10049,2024-05-01,6302,50865,230021,66.18433243369223,33.815667566307766,1.1731850018067334,MED,177510,Plan replacement; increase monitoring; prepare PO,Q1/2025
T10049,2024-06-01,7823,43026,273047,78.56427638355787,21.435723616442132,0.895200049934461,MED,114198,Plan replacement; increase monitoring; prepare PO,Q1/2025
T10049,2024-07-01,6599,36294,309341,89.00721055630046,10.992789443699536,0.7666882604776927,HIGH,25138,Start replacement sourcing + secure backup tool,Q4/2024
T10049,2024-08-01,6734,48394,357735,102.93169825001583,0.0,1.115197603410531,HIGH,0,Start replacement sourcing + secure backup tool,Q4/2024
T10049,2024-09-01,8495,46722,404457,116.37509854810585,0.0,1.0974990995505582,HIGH,0,Start replacement sourcing + secure backup tool,Q4/2024
T10049,2024-10-01,5383,46762,451219,129.83000811403383,0.0,1.0675443269157598,HIGH,0,Start replacement sourcing + secure backup tool,Q1/2025
T10049,2024-11-01,7462,41041,492260,141.63880464744236,0.0,0.8678089626298652,HIGH,0,Start replacement sourcing + secure backup tool,Q1/2025
T10049,2024-12-01,10030,55165,547425,157.51152365442272,0.0,1.2302174317041443,HIGH,0,Start replacement sourcing + secure backup tool,Q1/2025
T10049,2025-01-01,6222,34221,581646,167.3579900214648,0.0,0.7180837669968104,HIGH,0,Start replacement sourcing + secure backup tool,Q2/2025
T10049,2025-02-01,6114,33627,615273,177.03354376111363,0.0,0.773467150206629,HIGH,0,Start replacement sourcing + secure backup tool,Q2/2025
T10049,2025-03-01,8193,45061,660334,189.99902171223377,0.0,1.0989326331363352,HIGH,0,Start replacement sourcing + secure backup tool,Q2/2025
T10049,2025-04-01,7551,41530,701864,201.94851904496093,0.0,1.1034549947302694,HIGH,0,Start replacement sourcing + secure backup tool,Q3/2025
T10049,2025-05-01,8228,45254,747118,214.96952921339906,0.0,1.1292984411652165,HIGH,0,Start replacement sourcing + secure backup tool,Q3/2025
T10049,2025-06-01,6048,33264,780382,224.54063634741877,0.0,0.7568887709052295,HIGH,0,Start replacement sourcing + secure backup tool,Q3/2025
T10050,2024-01-01,29946,230584,230584,20.960428764139728,79.03957123586028,5.762295081967213,LOW,809469,Monitor normally,Q4/2024
T10050,2024-02-01,25501,196357,426941,38.80957229031753,61.19042770968247,0.8515638552544843,LOW,736367,Monitor normally,Q4/2024
T10050,2024-03-01,27383,210849,637790,57.97606018405733,42.02393981594267,0.9877196146540155,LOW,446116,Monitor normally,Q4/2024
T10050,2024-04-01,25945,199776,837566,76.13599589852485,23.864004101475146,0.9396948838959532,MED,202981,Plan replacement; increase monitoring; prepare PO,Q1/2025
T10050,2024-05-01,22032,169646,1007212,91.55706977234631,8.44293022765369,0.8384729695444016,HIGH,11010,Start replacement sourcing + secure backup tool,Q3/2024
T10050,2024-06-01,22534,173511,1180723,107.32947789821215,0.0,0.8970515500516139,HIGH,0,Start replacement sourcing + secure backup tool,Q3/2024
T10050,2024-07-01,20296,156279,1337002,121.5354715787407,0.0,0.8635264388055248,HIGH,0,Start replacement sourcing + secure backup tool,Q4/2024
T10050,2024-08-01,26539,204350,1541352,140.11119070041417,0.0,1.2274846026317687,HIGH,0,Start replacement sourcing + secure backup tool,Q4/2024
T10050,2024-09-01,23034,236886,1778238,161.6444806434371,0.0,1.3304714119893661,HIGH,0,Start replacement sourcing + secure backup tool,Q4/2024
T10050,2024-10-01,22201,170947,1949185,177.18381735345773,0.0,0.858289750048116,HIGH,0,Start replacement sourcing + secure backup tool,Q1/2025
T10050,2024-11-01,22308,171771,2120956,192.7980568897874,0.0,0.8417630022395264,HIGH,0,Start replacement sourcing + secure backup tool,Q1/2025
T10050,2024-12-01,30454,234495,2355451,214.11400137443047,0.0,1.2137338596697054,HIGH,0,Start replacement sourcing + secure backup tool,Q1/2025
T10050,2025-01-01,26224,201924,2557375,232.46919348563574,0.0,1.049477402622602,HIGH,0,Start replacement sourcing + secure backup tool,Q2/2025
T10050,2025-02-01,26902,207145,2764520,251.29898226693768,0.0,1.0217777339318306,HIGH,0,Start replacement sourcing + secure backup tool,Q2/2025
T10050,2025-03-01,22373,172272,2936792,266.9587634488752,0.0,0.8030529986139684,HIGH,0,Start replacement sourcing + secure backup tool,Q2/2025
T10050,2025-04-01,29660,228382,3165174,287.7190271359123,0.0,1.1785612919095676,HIGH,0,Start replacement sourcing + secure backup tool,Q3/2025
T10050,2025-05-01,30856,237591,3402765,309.3164026281438,0.0,1.1727117023884541,HIGH,0,Start replacement sourcing + secure backup tool,Q3/2025
T10050,2025-06-01,30052,231400,3634165,330.3510070066867,0.0,1.087670095339564,HIGH,0,Start replacement sourcing + secure backup tool,Q3/2025
T10051,2024-01-01,22852,91408,91408,4.316091568681705,95.6839084313183,0.3932242859990278,LOW,1938500,Monitor normally,Q4/2024
T10051,2024-02-01,17883,71532,162940,7.693680642843045,92.30631935715695,0.7825573253982147,LOW,1904280,Monitor normally,Q4/2024
T10051,2024-03-01,19373,77492,240432,11.352688255308943,88.64731174469105,0.9511722106296796,LOW,1810690,Monitor normally,Q4/2024
T10051,2024-04-01,17618,70472,310904,14.680226381382559,85.31977361861745,0.8793172289878219,LOW,1761050,Monitor normally,Q1/2025
T10051,2024-05-01,11537,46148,357052,16.85923690246959,83.14076309753041,0.6307358676240115,LOW,1624359,Monitor normally,Q1/2025
T10051,2024-06-01,24779,132265,489317,23.104509212679698,76.8954907873203,2.0441549208704255,LOW,1452717,Monitor normally,Q1/2025
T10051,2024-07-01,21621,86484,575801,27.18809996213126,72.81190003786874,1.0424573598248186,LOW,1415643,Monitor normally,Q2/2025
T10051,2024-08-01,17064,68256,644057,30.411003275976206,69.58899672402379,0.7730098868616858,LOW,1350828,Monitor normally,Q2/2025
T10051,2024-09-01,22086,88344,732401,34.58241927395906,65.41758072604094,0.9234403581819133,LOW,1257401,Monitor normally,Q2/2025
T10051,2024-10-01,18221,72884,805285,38.023846915870024,61.976153084129976,0.8994915337907884,LOW,1166536,Monitor normally,Q3/2025
T10051,2024-11-01,23397,93588,898873,42.44287345326045,57.55712654673955,1.2234578445556117,LOW,1131738,Monitor normally,Q3/2025
T10051,2024-12-01,9784,39136,938009,44.29079223095963,55.70920776904037,0.4607559964837373,LOW,1057567,Monitor normally,Q3/2025
T10051,2025-01-01,17909,71636,1009645,47.67329196417863,52.32670803582137,1.045231703046574,LOW,1059305,Monitor normally,Q4/2025
T10051,2025-02-01,23700,94800,1104445,52.149546566741044,47.850453433258956,1.3916617733411627,LOW,902307,Monitor normally,Q4/2025
T10051,2025-03-01,18844,75376,1179821,55.70864115453372,44.29135884546628,1.0999941626291518,LOW,860666,Monitor normally,Q4/2025
T10051,2025-04-01,20771,83084,1262905,59.631691127100126,40.368308872899874,1.0307677038360379,LOW,776724,Monitor normally,Q1/2026
T10051,2025-05-01,15239,60956,1323861,62.50990394939755,37.49009605060245,0.7220563847429519,LOW,729197,Monitor normally,Q1/2026
T10051,2025-06-01,18163,72652,1396513,65.94037704417988,34.05962295582012,0.9933459729463666,MED,597427,Plan replacement; increase monitoring; prepare PO,Q1/2026
T10052,2024-01-01,21167,127002,127002,39.464288488727995,60.535711511272005,1.7582836468351393,LOW,486954,Monitor normally,Q4/2024
T10052,2024-02-01,26447,158682,285684,88.77274210338237,11.22725789661763,1.2494448906316435,HIGH,52513,Start replacement sourcing + secure backup tool,Q2/2024
T10052,2024-03-01,19996,119976,405660,126.05378866740209,0.0,0.8399210316293527,HIGH,0,Start replacement sourcing + secure backup tool,Q2/2024
T10052,2024-04-01,22482,134892,540552,167.96979631154545,0.0,0.9975743233249519,HIGH,0,Start replacement sourcing + secure backup tool,Q3/2024
T10052,2024-05-01,32494,194964,735516,228.5524291906841,0.0,1.4143199129488575,HIGH,0,Start replacement sourcing + secure backup tool,Q3/2024
T10052,2024-06-01,25765,154590,890106,276.5893448099063,0.0,1.0309849010297178,HIGH,0,Start replacement sourcing + secure backup tool,Q3/2024
T10052,2024-07-01,25773,154638,1044744,324.64117583083447,0.0,0.9576175672830408,HIGH,0,Start replacement sourcing + secure backup tool,Q4/2024
T10052,2024-08-01,27400,164400,1209144,375.7264266737101,0.0,0.9781987814166032,HIGH,0,Start replacement sourcing + secure backup tool,Q4/2024
T10052,2024-09-01,22258,133548,1342692,417.2248030700868,0.0,0.8459043806531709,HIGH,0,Start replacement sourcing + secure backup tool,Q4/2024
T10052,2024-10-01,36645,219870,1562562,485.5466650093998,0.0,1.457424666251276,HIGH,0,Start replacement sourcing + secure backup tool,Q1/2025
T10052,2024-11-01,25004,150024,1712586,532.1647530413436,0.0,0.8691702490064076,HIGH,0,Start replacement sourcing + secure backup tool,Q1/2025
T10052,2024-12-01,23831,142986,1855572,576.5958702981527,0.0,0.8520504844649434,HIGH,0,Start replacement sourcing + secure backup tool,Q1/2025
T10052,2025-01-01,26952,161712,2017284,626.8458586454951,0.0,0.9459054749649041,HIGH,0,Start replacement sourcing + secure backup tool,Q2/2025
T10052,2025-02-01,33508,201048,2218332,689.3190186908628,0.0,1.3264016256086135,HIGH,0,Start replacement sourcing + secure backup tool,Q2/2025
T10052,2025-03-01,23652,141912,2360244,733.4164038345012,0.0,0.8417980567320354,HIGH,0,Start replacement sourcing + secure backup tool,Q2/2025
T10052,2025-04-01,36791,220746,2580990,802.0104718549478,0.0,1.3122146661594065,HIGH,0,Start replacement sourcing + secure backup tool,Q3/2025
T10052,2025-05-01,38223,229338,2810328,873.2743967807592,0.0,1.2205192068205766,HIGH,0,Start replacement sourcing + secure backup tool,Q3/2025
T10052,2025-06-01,18696,112176,2922504,908.1316905675621,0.0,0.5684633004277055,HIGH,0,Start replacement sourcing + secure backup tool,Q3/2025
T10053,2024-01-01,30940,34034,34034,1.4982701262088096,98.50172987379119,0.18159214598228576,LOW,1988948,Monitor normally,Q4/2024
T10053,2024-02-01,45654,50219,84253,3.7090483911227254,96.29095160887728,1.475553857906799,LOW,1987956,Monitor normally,Q4/2024
T10053,2024-03-01,44938,49431,133684,5.885136732446921,94.11486326755308,1.1733944191898211,LOW,1950129,Monitor normally,Q4/2024
T10053,2024-04-01,56518,62169,195853,8.621986808144031,91.37801319185597,1.3951332994225187,LOW,1904723,Monitor normally,Q1/2025
T10053,2024-05-01,57122,62834,258687,11.38811200971318,88.61188799028682,1.1648941100859602,LOW,1821183,Monitor normally,Q1/2025
T10053,2024-06-01,43400,47740,306427,13.489757888105627,86.51024211189437,0.8210555281653806,LOW,1773466,Monitor normally,Q1/2025
T10053,2024-07-01,60957,85776,392203,17.265852920887166,82.73414707911283,1.489658046925201,LOW,1529747,Monitor normally,Q2/2025
T10053,2024-08-01,48104,52914,445117,19.59527248538775,80.40472751461225,0.8084644766997708,LOW,1603650,Monitor normally,Q2/2025
T10053,2024-09-01,40725,44797,489914,21.56735942326681,78.43264057673319,0.72086574049241,LOW,1552702,Monitor normally,Q2/2025
T10053,2024-10-01,52929,58221,548135,24.130407699049943,75.86959230095006,0.9519093995759917,LOW,1512873,Monitor normally,Q3/2025
T10053,2024-11-01,57419,63160,611295,26.910884315708238,73.08911568429176,1.2151450632326912,LOW,1321131,Monitor normally,Q3/2025
T10053,2024-12-01,47161,51877,663172,29.19465229294672,70.80534770705327,0.9365319115647077,LOW,1325882,Monitor normally,Q3/2025
T10053,2025-01-01,58871,64758,727930,32.04547725718924,67.95452274281075,1.1212988722021495,LOW,1298321,Monitor normally,Q4/2025
T10053,2025-02-01,43737,48110,776040,34.16341155148042,65.83658844851958,0.802747573625518,LOW,1253818,Monitor normally,Q4/2025
T10053,2025-03-01,52182,57400,833440,36.69031715306665,63.30968284693335,1.0452517527087317,LOW,1221864,Monitor normally,Q4/2025
T10053,2025-04-01,60286,66314,899754,39.60964150957517,60.39035849042483,1.1684051025442244,LOW,1119718,Monitor normally,Q1/2026
T10053,2025-05-01,40185,44203,943957,41.555578936524924,58.444421063475076,0.7717722786106714,LOW,1100403,Monitor normally,Q1/2026
T10053,2025-06-01,38156,41971,985928,43.40325759513426,56.59674240486574,0.7498526057516511,LOW,1023160,Monitor normally,Q1/2026
T10054,2024-01-01,4719,32561,32561,2.1791317069318485,97.82086829306814,0.6405946697445044,LOW,1296880,Monitor normally,Q4/2024
T10054,2024-02-01,7850,54164,86725,5.804035419172156,94.19596458082785,1.6634624243727159,LOW,1282171,Monitor normally,Q4/2024
T10054,2024-03-01,5533,38177,124902,8.359015646300843,91.64098435369915,0.880415105217642,LOW,1236948,Monitor normally,Q4/2024
T10054,2024-04-01,5616,38750,163652,10.95234366582141,89.04765633417858,0.9307296920785896,LOW,1197692,Monitor normally,Q1/2025
T10054,2024-05-01,4552,31408,195060,13.054311315811137,86.94568868418887,0.7187678788017484,LOW,1152436,Monitor normally,Q1/2025
T10054,2024-06-01,3850,26564,221624,14.83209623221228,85.16790376778772,0.7356071445054692,LOW,1130401,Monitor normally,Q1/2025
T10054,2024-07-01,4540,45718,267342,17.89175482308818,82.10824517691182,1.4180227869564317,LOW,1115343,Monitor normally,Q2/2025
T10054,2024-08-01,6381,44028,311370,20.83831085001596,79.16168914998404,1.273835471115826,LOW,1037820,Monitor normally,Q2/2025
T10054,2024-09-01,5590,60579,371949,24.89253583310077,75.10746416689923,1.5625225689966469,LOW,1006539,Monitor normally,Q2/2025
T10054,2024-10-01,4246,29297,401246,26.85322566504642,73.14677433495358,0.5846732080492266,LOW,946075,Monitor normally,Q3/2025
T10054,2024-11-01,6305,43504,444750,29.764713204690878,70.23528679530912,0.9746684191659697,LOW,884633,Monitor normally,Q3/2025
T10054,2024-12-01,6274,43290,488040,32.66187888120818,67.33812111879182,0.9736842105263158,LOW,866119,Monitor normally,Q3/2025
T10054,2025-01-01,5615,38743,526783,35.25473842857038,64.74526157142962,1.001188722639998,LOW,840394,Monitor normally,Q4/2025
T10054,2025-02-01,7314,50466,577249,38.63215499200586,61.36784500799414,1.206003011064467,LOW,786296,Monitor normally,Q4/2025
T10054,2025-03-01,4864,33561,610810,40.87821129298985,59.12178870701015,0.7598774330372304,LOW,756422,Monitor normally,Q4/2025
T10054,2025-04-01,5300,36570,647380,43.32564369747674,56.67435630252326,0.8936222204121528,LOW,692836,Monitor normally,Q1/2026
T10054,2025-05-01,5496,37922,685302,45.86355815312213,54.13644184687787,0.943356799920396,LOW,654902,Monitor normally,Q1/2026
T10054,2025-06-01,5596,58089,743391,49.7511408970171,50.2488591029829,1.612791870656067,LOW,622585,Monitor normally,Q1/2026
T10055,2024-01-01,52354,195071,195071,32.05520691088774,67.94479308911227,4.414003514832443,LOW,646209,Monitor normally,Q4/2024
T10055,2024-02-01,43805,235636,430707,70.77629172438613,29.223708275613873,1.207949925924407,MED,169542,Plan replacement; increase monitoring; prepare PO,Q4/2024
T10055,2024-03-01,52768,196613,627320,103.08488908827091,0.0,0.9129779641380336,HIGH,0,Start replacement sourcing + secure backup tool,Q2/2024
T10055,2024-04-01,54673,203711,831031,136.5598712999982,0.0,0.9741965822865524,HIGH,0,Start replacement sourcing + secure backup tool,Q3/2024
T10055,2024-05-01,49397,184053,1015084,166.8045360506255,0.0,0.868229133907793,HIGH,0,Start replacement sourcing + secure backup tool,Q3/2024
T10055,2024-06-01,53092,197820,1212904,199.31147470943083,0.0,1.0155430484088181,HIGH,0,Start replacement sourcing + secure backup tool,Q3/2024
T10055,2024-07-01,50244,241185,1454089,238.9444036368596,0.0,1.2356126533511844,HIGH,0,Start replacement sourcing + secure backup tool,Q4/2024
T10055,2024-08-01,61121,227736,1681825,276.36731427482187,0.0,1.0965399689916508,HIGH,0,Start replacement sourcing + secure backup tool,Q4/2024
T10055,2024-09-01,67451,251322,1933147,317.666014293062,0.0,1.1308229132451733,HIGH,0,Start replacement sourcing + secure backup tool,Q4/2024
T10055,2024-10-01,42680,214398,2147545,352.8971468103532,0.0,0.89302360453347,HIGH,0,Start replacement sourcing + secure backup tool,Q1/2025
T10055,2024-11-01,53116,197910,2345455,385.4188747952089,0.0,0.8561898664082509,HIGH,0,Start replacement sourcing + secure backup tool,Q1/2025
T10055,2024-12-01,65700,244798,2590253,425.6455130006392,0.0,1.1066317074273315,HIGH,0,Start replacement sourcing + secure backup tool,Q1/2025
T10055,2025-01-01,41635,155132,2745385,451.13770998788925,0.0,0.7082510279924396,HIGH,0,Start replacement sourcing + secure backup tool,Q2/2025
T10055,2025-02-01,44329,165169,2910554,478.27924548145006,0.0,0.8288287836210357,HIGH,0,Start replacement sourcing + secure backup tool,Q2/2025
T10055,2025-03-01,47419,231011,3141565,516.2403232618022,0.0,1.2263921896871166,HIGH,0,Start replacement sourcing + secure backup tool,Q2/2025
T10055,2025-04-01,54678,203730,3345295,549.7184276645846,0.0,1.1086100066749862,HIGH,0,Start replacement sourcing + secure backup tool,Q3/2025
T10055,2025-05-01,44001,163947,3509242,576.65915697555,0.0,0.8198579786968045,HIGH,0,Start replacement sourcing + secure backup tool,Q3/2025
T10055,2025-06-01,44227,164789,3674031,603.7382486480091,0.0,0.8257506414025336,HIGH,0,Start replacement sourcing + secure backup tool,Q3/2025
T10056,2024-01-01,2235,11510,11510,1.193000785659944,98.80699921434005,0.06484921102943662,LOW,1162239,Monitor normally,Q4/2024
T10056,2024-02-01,26667,137335,148845,15.427645694314018,84.57235430568598,11.931798436142484,LOW,909336,Monitor normally,Q4/2024
T10056,2024-03-01,2093,10778,159623,16.54477536137248,83.45522463862753,0.14482179448419497,LOW,832310,Monitor normally,Q4/2024
T10056,2024-04-01,204,1050,160673,16.653606883956577,83.34639311604343,0.019733998233337303,LOW,809899,Monitor normally,Q1/2025
T10056,2024-05-01,632,3254,163927,16.990880954898145,83.00911904510185,0.06544518412743107,LOW,780762,Monitor normally,Q1/2025
T10056,2024-06-01,1768,9105,173032,17.934605729305943,82.06539427069406,1.8110993236971225,LOW,805171,Monitor normally,Q1/2025
T10056,2024-07-01,2271,11695,184727,19.146781592754518,80.85321840724548,2.616526213737042,LOW,741451,Monitor normally,Q2/2025
T10056,2024-08-01,1864,12924,197651,20.48634216216104,79.51365783783896,1.6118732851085058,LOW,803262,Monitor normally,Q2/2025
T10056,2024-09-01,1325,6823,204474,21.19353976081941,78.8064602391806,0.6069564701696121,LOW,777173,Monitor normally,Q2/2025
T10056,2024-10-01,1994,10269,214743,22.257912051691864,77.74208794830814,0.9798040837096877,LOW,853045,Monitor normally,Q3/2025
T10056,2024-11-01,27615,142217,356960,36.998571715827424,63.001428284172576,14.214119136460553,LOW,765789,Monitor normally,Q3/2025
T10056,2024-12-01,1473,7585,364545,37.7847499051611,62.2152500948389,0.14283562133966066,LOW,779020,Monitor normally,Q3/2025
T10056,2025-01-01,66,339,364884,37.81988693959539,62.18011306040461,0.006353430665142343,LOW,760151,Monitor normally,Q4/2025
T10056,2025-02-01,32907,169471,534355,55.38539833373757,44.61460166626243,3.386236937278958,MED,540861,Plan replacement; increase monitoring; prepare PO,Q4/2025
T10056,2025-03-01,1955,10068,544423,56.42893716171535,43.57106283828465,0.17026409989007582,LOW,444438,Monitor normally,Q4/2025
T10056,2025-04-01,1062,5469,549892,56.995793920774794,43.004206079225206,0.09121182134557866,LOW,442557,Monitor normally,Q1/2026
T10056,2025-05-01,719,3702,553594,57.37950277468558,42.62049722531442,0.06002983654760875,LOW,451966,Monitor normally,Q1/2026
T10056,2025-06-01,17478,90011,643605,66.7090591359399,33.290940864060104,14.035708716669266,MED,472531,Plan replacement; increase monitoring; prepare PO,Q1/2026
T10057,2024-01-01,44187,418716,418716,27.567436247390347,72.43256375260965,12.665080357322902,LOW,944761,Monitor normally,Q4/2024
T10057,2024-02-01,32833,311125,729841,48.05129309181311,51.94870690818689,0.7430454054776985,LOW,718423,Monitor normally,Q4/2024
T10057,2024-03-01,31320,296788,1026629,67.59123011115435,32.408769888845654,0.8132949505440226,MED,351317,Plan replacement; increase monitoring; prepare PO,Q4/2024
T10057,2024-04-01,35543,336805,1363434,89.76580754622323,10.234192453776771,0.984206563422619,HIGH,75694,Start replacement sourcing + secure backup tool,Q3/2024
T10057,2024-05-01,38711,366825,1730259,113.91684261879979,0.0,1.1648714219481369,HIGH,0,Start replacement sourcing + secure backup tool,Q3/2024
T10057,2024-06-01,46573,441325,2171584,142.97281086906855,0.0,1.3234218096835522,HIGH,0,Start replacement sourcing + secure backup tool,Q3/2024
T10057,2024-07-01,36338,344338,2515922,165.64334617833282,0.0,0.9022310920516526,HIGH,0,Start replacement sourcing + secure backup tool,Q4/2024
T10057,2024-08-01,55475,525681,3041603,200.2531472223923,0.0,1.3683812759872553,HIGH,0,Start replacement sourcing + secure backup tool,Q4/2024
T10057,2024-09-01,36180,342841,3384444,222.8251230018981,0.0,0.7843273771031857,HIGH,0,Start replacement sourcing + secure backup tool,Q4/2024
T10057,2024-10-01,35075,332370,3716814,244.70770877732852,0.0,0.8221146711079597,HIGH,0,Start replacement sourcing + secure backup tool,Q1/2025
T10057,2024-11-01,46066,436521,4153335,273.4473911351727,0.0,1.0904919010202416,HIGH,0,Start replacement sourcing + secure backup tool,Q1/2025
T10057,2024-12-01,36135,342415,4495750,295.9913199142262,0.0,0.9240041664717756,HIGH,0,Start replacement sourcing + secure backup tool,Q1/2025
T10057,2025-01-01,40931,387862,4883612,321.5273896077304,0.0,1.0470437485265085,HIGH,0,Start replacement sourcing + secure backup tool,Q2/2025
T10057,2025-02-01,34893,330646,5214258,343.296470620767,0.0,0.8501368703065997,HIGH,0,Start replacement sourcing + secure backup tool,Q2/2025
T10057,2025-03-01,38557,365366,5579624,367.3514480086959,0.0,1.033155092311129,HIGH,0,Start replacement sourcing + secure backup tool,Q2/2025
T10057,2025-04-01,52592,498361,6077985,400.1625540941708,0.0,1.3793881945687414,HIGH,0,Start replacement sourcing + secure backup tool,Q3/2025
T10057,2025-05-01,45833,434313,6512298,428.75686608347337,0.0,1.0908979020791663,HIGH,0,Start replacement sourcing + secure backup tool,Q3/2025
T10057,2025-06-01,42385,401640,6913938,455.2000521437192,0.0,0.9282610705371175,HIGH,0,Start replacement sourcing + secure backup tool,Q3/2025
T10058,2024-01-01,20409,145475,145475,14.627630158005555,85.37236984199444,0.3270781839956712,LOW,1118722,Monitor normally,Q4/2024
T10058,2024-02-01,24767,176539,322014,32.3787709070287,67.6212290929713,1.2135349716446124,LOW,810466,Monitor normally,Q4/2024
T10058,2024-03-01,26523,189055,511069,51.38840568634983,48.61159431365017,1.1742036060543952,LOW,450832,Monitor normally,Q4/2024
T10058,2024-04-01,25052,178570,689639,69.34376514546686,30.65623485453314,1.0482146246397257,MED,229823,Plan replacement; increase monitoring; prepare PO,Q1/2025
T10058,2024-05-01,21314,151926,841565,84.6200486263753,15.379951373624706,0.8375747017443271,MED,60815,Plan replacement; increase monitoring; prepare PO,Q4/2024
T10058,2024-06-01,25291,180274,1021839,102.74674667830375,0.0,1.0409411203135015,HIGH,0,Start replacement sourcing + secure backup tool,Q3/2024
T10058,2024-07-01,24518,174764,1196603,120.31940972648168,0.0,1.0264737553106096,HIGH,0,Start replacement sourcing + secure backup tool,Q4/2024
T10058,2024-08-01,21138,150671,1347274,135.4695019315812,0.0,0.8916076881198665,HIGH,0,Start replacement sourcing + secure backup tool,Q4/2024
T10058,2024-09-01,14653,104446,1451720,145.97163260340142,0.0,0.6196013913139771,HIGH,0,Start replacement sourcing + secure backup tool,Q4/2024
T10058,2024-10-01,21058,203361,1655081,166.41974737612642,0.0,1.4191904271182025,HIGH,0,Start replacement sourcing + secure backup tool,Q1/2025
T10058,2024-11-01,15681,111774,1766855,177.65871443768967,0.0,0.7313807859919124,HIGH,0,Start replacement sourcing + secure backup tool,Q1/2025
T10058,2024-12-01,34465,245666,2012521,202.3606315395738,0.0,1.7565094701618995,HIGH,0,Start replacement sourcing + secure backup tool,Q1/2025
T10058,2025-01-01,21254,151498,2164019,217.59387927064458,0.0,0.81043721391367,HIGH,0,Start replacement sourcing + secure backup tool,Q2/2025
T10058,2025-02-01,24335,270156,2434175,244.758285890106,0.0,1.592469023731771,HIGH,0,Start replacement sourcing + secure backup tool,Q2/2025
T10058,2025-03-01,25478,181607,2615782,263.01901818159877,0.0,0.8164313972307139,HIGH,0,Start replacement sourcing + secure backup tool,Q2/2025
T10058,2025-04-01,11386,81159,2696941,271.179621969147,0.0,0.4036014262483403,HIGH,0,Start replacement sourcing + secure backup tool,Q3/2025
T10058,2025-05-01,25633,182712,2879653,289.55146291384204,0.0,1.0285482678515805,HIGH,0,Start replacement sourcing + secure backup tool,Q3/2025
T10058,2025-06-01,21958,156516,3036169,305.2892746465136,0.0,1.054031848935301,HIGH,0,Start replacement sourcing + secure backup tool,Q3/2025
T10059,2024-01-01,13906,71615,71615,13.289945923476337,86.71005407652366,0.5110648045729292,LOW,957232,Monitor normally,Q4/2024
T10059,2024-02-01,17017,87637,159252,29.553172773936375,70.44682722606362,1.2237240801508065,LOW,676505,Monitor normally,Q4/2024
T10059,2024-03-01,17606,90670,249922,46.37924827322563,53.62075172677437,1.1386984150905484,LOW,429882,Monitor normally,Q4/2024
T10059,2024-04-01,12079,62206,312128,57.923120033551946,42.076879966448054,0.7467049719512489,LOW,359655,Monitor normally,Q1/2025
T10059,2024-05-01,16671,137093,449221,83.36413876548158,16.635861234518416,1.7100073592695613,HIGH,164609,Start replacement sourcing + secure backup tool,Q3/2024
T10059,2024-06-01,13795,71044,520265,96.54812142536363,3.4518785746363676,0.7350165017639817,HIGH,10837,Start replacement sourcing + secure backup tool,Q3/2024
T10059,2024-07-01,21846,112506,632771,117.42641027639525,0.0,1.248480633861428,HIGH,0,Start replacement sourcing + secure backup tool,Q4/2024
T10059,2024-08-01,16475,84846,717617,133.17169760200125,0.0,0.7938361355151992,HIGH,0,Start replacement sourcing + secure backup tool,Q4/2024
T10059,2024-09-01,15191,78233,795850,147.68977816377355,0.0,0.8744504389037094,HIGH,0,Start replacement sourcing + secure backup tool,Q4/2024
T10059,2024-10-01,13469,69365,865215,160.56218057921637,0.0,0.7551027813560244,HIGH,0,Start replacement sourcing + secure backup tool,Q1/2025
T10059,2024-11-01,13549,69777,934992,173.5110398503524,0.0,0.9005652974479875,HIGH,0,Start replacement sourcing + secure backup tool,Q1/2025
T10059,2024-12-01,13979,71991,1006983,186.87076193339348,0.0,0.9935503162737206,HIGH,0,Start replacement sourcing + secure backup tool,Q1/2025
T10059,2025-01-01,15210,78331,1085314,201.4070288346268,0.0,1.1130093353478612,HIGH,0,Start replacement sourcing + secure backup tool,Q2/2025
T10059,2025-02-01,14553,74947,1160261,215.31531029977765,0.0,1.021544850271923,HIGH,0,Start replacement sourcing + secure backup tool,Q2/2025
T10059,2025-03-01,12946,66671,1226932,227.687773954935,0.0,0.8878851506421211,HIGH,0,Start replacement sourcing + secure backup tool,Q2/2025
T10059,2025-04-01,15594,80309,1307241,242.59110799345294,0.0,1.095376655497411,HIGH,0,Start replacement sourcing + secure backup tool,Q3/2025
T10059,2025-05-01,16574,85356,1392597,258.4310385142132,0.0,1.1538388749453647,HIGH,0,Start replacement sourcing + secure backup tool,Q3/2025
T10059,2025-06-01,17084,87982,1480579,274.7582887025717,0.0,1.1360529577852765,HIGH,0,Start replacement sourcing + secure backup tool,Q3/2025
T10060,2024-01-01,3363,21909,21909,1.2411800529692523,98.75881994703074,0.2591278430259376,LOW,1439482,Monitor normally,Q4/2024
T10060,2024-02-01,3064,19961,41870,2.372002775928732,97.62799722407127,0.911086767994888,LOW,1426787,Monitor normally,Q4/2024
T10060,2024-03-01,3994,26019,67889,3.846020932768705,96.15397906723129,1.2428469070933843,LOW,1412602,Monitor normally,Q4/2024
T10060,2024-04-01,44462,289658,357547,20.255612049796763,79.74438795020323,12.79992340438068,LOW,1069125,Monitor normally,Q1/2025
T10060,2024-05-01,682,4443,361990,20.50731513872562,79.49268486127438,0.03971242827093476,LOW,1041269,Monitor normally,Q1/2025
T10060,2024-06-01,36922,240537,602527,34.134122679054485,65.86587732094551,2.2541890541047107,LOW,901566,Monitor normally,Q1/2025
T10060,2024-07-01,427,2781,605308,34.291670797513,65.708329202487,0.015604951387667917,LOW,910221,Monitor normally,Q2/2025
T10060,2024-08-01,75,488,605796,34.31931678162222,65.68068321837778,0.0059089202901183,LOW,891965,Monitor normally,Q2/2025
T10060,2024-09-01,1198,7804,613600,34.761425920942685,65.23857407905732,0.096027169142679,LOW,890392,Monitor normally,Q2/2025
T10060,2024-10-01,32305,210458,824058,46.68420978089991,53.31579021910009,57.01923597940937,LOW,684273,Monitor normally,Q3/2025
T10060,2024-11-01,1366,8899,832957,47.18835242964579,52.81164757035421,0.12204342857142857,LOW,716655,Monitor normally,Q3/2025
T10060,2024-12-01,48454,315665,1148622,65.07128188423245,34.92871811576755,4.168827395547652,MED,370247,Plan replacement; increase monitoring; prepare PO,Q3/2025
T10060,2025-01-01,821,5348,1153970,65.37425467729828,34.62574532270172,0.02998755191375308,MED,345416,Plan replacement; increase monitoring; prepare PO,Q4/2025
T10060,2025-02-01,2221,14469,1168439,66.19394677581542,33.80605322418458,0.13157144935619194,MED,321455,Plan replacement; increase monitoring; prepare PO,Q4/2025
T10060,2025-03-01,3447,22456,1190895,67.46611525769399,32.533884742306014,0.20080958143805033,MED,310553,Plan replacement; increase monitoring; prepare PO,Q4/2025
T10060,2025-04-01,1426,9290,1200185,67.99240868469131,32.00759131530869,0.6592860691221347,MED,302497,Plan replacement; increase monitoring; prepare PO,Q1/2026
T10060,2025-05-01,980,6384,1206569,68.35407254238248,31.645927457617518,0.41441090555014604,MED,292034,Plan replacement; increase monitoring; prepare PO,Q1/2026
T10060,2025-06-01,284,1850,1208419,68.45887801492769,31.54112198507231,0.14555468135326516,MED,289323,Plan replacement; increase monitoring; prepare PO,Q1/2026
T10061,2024-01-01,33373,41449,41449,2.329998740814693,97.67000125918531,7.095811458571103,LOW,1451710,Monitor normally,Q4/2024
T10061,2024-02-01,38897,48310,89759,5.0456791955604725,94.95432080443953,1.1655287220439576,LOW,1408897,Monitor normally,Q4/2024
T10061,2024-03-01,45257,56209,145968,8.205391111950568,91.79460888804942,1.2524426519903296,LOW,1369918,Monitor normally,Q4/2024
T10061,2024-04-01,38332,47608,193576,10.881609598589712,89.1183904014103,0.9784610325550805,LOW,1310449,Monitor normally,Q1/2025
T10061,2024-05-01,26146,51930,245506,13.800783393144636,86.19921660685536,1.024078565935041,LOW,1230223,Monitor normally,Q1/2025
T10061,2024-06-01,34096,42347,287853,16.181261973503144,83.81873802649686,0.8156882636583691,LOW,1161581,Monitor normally,Q1/2025
T10061,2024-07-01,37707,46832,334685,18.81385868343182,81.18614131656818,0.9902103816471086,LOW,1151334,Monitor normally,Q2/2025
T10061,2024-08-01,39029,48474,383159,21.53875817346177,78.46124182653823,1.0305650242011495,LOW,1094749,Monitor normally,Q2/2025
T10061,2024-09-01,41666,51749,434908,24.447757301026236,75.55224269897377,1.1278141413554372,LOW,1036241,Monitor normally,Q2/2025
T10061,2024-10-01,44755,55585,490493,27.572391912432654,72.42760808756735,1.1339634830505592,LOW,1011309,Monitor normally,Q3/2025
T10061,2024-11-01,25225,31329,521822,29.333508719858255,70.66649128014174,0.6032231977818854,LOW,919940,Monitor normally,Q3/2025
T10061,2024-12-01,33729,41891,563713,31.68835388503638,68.31164611496362,0.9063196382596655,LOW,937000,Monitor normally,Q3/2025
T10061,2025-01-01,37863,47025,610738,34.331799825512896,65.66820017448711,1.0952602771631537,LOW,904506,Monitor normally,Q4/2025
T10061,2025-02-01,32798,40735,651473,36.62166203466357,63.37833796533643,1.0163000540563019,LOW,850804,Monitor normally,Q4/2025
T10061,2025-03-01,36015,44730,696203,39.136097694791474,60.863902305208526,1.035009371312215,LOW,812741,Monitor normally,Q4/2025
T10061,2025-04-01,37444,46505,742708,41.75031254778159,58.24968745221841,1.0530228696505397,LOW,763554,Monitor normally,Q1/2026
T10061,2025-05-01,44989,55876,798584,44.89130532545443,55.10869467454557,1.2701977722209592,LOW,706488,Monitor normally,Q1/2026
T10061,2025-06-01,38474,47784,846368,47.577417410935126,52.422582589064874,0.9744478658971797,LOW,667404,Monitor normally,Q1/2026
T10062,2024-01-01,12391,25525,25525,4.545673106889655,95.45432689311035,0.5099390670262711,LOW,1137337,Monitor normally,Q4/2024
T10062,2024-02-01,10068,20740,46265,8.23919946288932,91.76080053711068,0.8125367286973555,LOW,1074768,Monitor normally,Q4/2024
T10062,2024-03-01,9265,19085,65350,11.637991676209166,88.36200832379083,0.8250297200907813,LOW,812284,Monitor normally,Q4/2024
T10062,2024-04-01,9743,20070,85420,15.212199678374706,84.7878003216253,0.9213465952563122,LOW,855405,Monitor normally,Q1/2025
T10062,2024-05-01,8365,17231,102651,18.280818417055045,81.71918158294496,0.8630603556223391,LOW,637623,Monitor normally,Q1/2025
T10062,2024-06-01,9743,20070,122721,21.855026419220582,78.14497358077942,1.0678182527577769,LOW,554644,Monitor normally,Q1/2025
T10062,2024-07-01,9950,20497,143218,25.505277611068465,74.49472238893154,1.0718132854578095,LOW,516317,Monitor normally,Q2/2025
T10062,2024-08-01,9193,18937,162155,28.87771293428764,71.12228706571236,0.9829232845427177,LOW,573177,Monitor normally,Q2/2025
T10062,2024-09-01,7684,15829,177984,31.69665356539269,68.3033464346073,0.7980471901048668,LOW,508132,Monitor normally,Q2/2025
T10062,2024-10-01,8917,18369,196353,34.96793541849577,65.03206458150423,0.9971771347918137,LOW,435087,Monitor normally,Q3/2025
T10062,2024-11-01,9630,19837,216190,38.500649127462275,61.499350872537725,1.1199962360026348,LOW,419697,Monitor normally,Q3/2025
T10062,2024-12-01,8533,17577,233767,41.630886001107704,58.369113998892296,0.9758674932913851,LOW,397191,Monitor normally,Q3/2025
T10062,2025-01-01,7039,14500,248267,44.21314888259252,55.78685111740748,0.7798074682250865,LOW,402798,Monitor normally,Q4/2025
T10062,2025-02-01,7779,16024,264291,47.06681649727616,52.93318350272384,0.9259929884038987,LOW,336484,Monitor normally,Q4/2025
T10062,2025-03-01,11426,23537,287828,51.258452458759486,48.741547541240514,1.4679736388016882,LOW,275599,Monitor normally,Q4/2025
T10062,2025-04-01,14658,30195,318023,56.63579230058252,43.36420769941748,1.6756071844767948,MED,262357,Plan replacement; increase monitoring; prepare PO,Q1/2026
T10062,2025-05-01,5872,12096,330119,58.789933805026685,41.210066194973315,0.5202133149836573,LOW,262284,Monitor normally,Q1/2026
T10062,2025-06-01,12384,25511,355630,63.3331136925825,36.6668863074175,1.162620769277511,LOW,240834,Monitor normally,Q1/2026
T10063,2024-01-01,36212,82056,82056,8.93161527961912,91.06838472038088,3.630689360195864,LOW,962006,Monitor normally,Q4/2024
T10063,2024-02-01,34094,111241,193297,21.039953674375266,78.96004632562473,1.3556717363751585,LOW,779073,Monitor normally,Q4/2024
T10063,2024-03-01,39913,90442,283739,30.884366625522198,69.1156333744778,0.9357827591737068,LOW,627085,Monitor normally,Q4/2024
T10063,2024-04-01,41718,94532,378271,41.17396708877845,58.82603291122155,0.9994960157045735,LOW,489918,Monitor normally,Q1/2025
T10063,2024-05-01,23835,54010,432281,47.05283690027582,52.94716309972418,0.5470013334908765,LOW,479151,Monitor normally,Q1/2025
T10063,2024-06-01,31246,70803,503084,54.759587858680725,45.240412141319275,0.8888000870351154,LOW,430039,Monitor normally,Q1/2025
T10063,2024-07-01,37874,85822,588906,64.10112396240832,35.89887603759168,1.1737947069684742,MED,331422,Plan replacement; increase monitoring; prepare PO,Q2/2025
T10063,2024-08-01,42533,96379,685285,74.59176631682983,25.408233683170167,1.37269209770456,MED,183640,Plan replacement; increase monitoring; prepare PO,Q2/2025
T10063,2024-09-01,36059,81709,766994,83.48561140899126,16.51438859100874,0.9688661048837172,MED,87049,Plan replacement; increase monitoring; prepare PO,Q1/2025
T10063,2024-10-01,39821,90234,857228,93.30738401722407,6.6926159827759335,1.0257360463794476,HIGH,2278,Start replacement sourcing + secure backup tool,Q1/2025
T10063,2024-11-01,31558,71510,928738,101.09109037197648,0.0,0.7995244519644308,HIGH,0,Start replacement sourcing + secure backup tool,Q1/2025
T10063,2024-12-01,27452,62206,990944,107.86207677253203,0.0,0.766546314894456,HIGH,0,Start replacement sourcing + secure backup tool,Q1/2025
T10063,2025-01-01,37288,84494,1075438,117.0590629945772,0.0,1.131868720696584,HIGH,0,Start replacement sourcing + secure backup tool,Q2/2025
T10063,2025-02-01,46477,105316,1180754,128.52247815968843,0.0,1.4479079785527702,HIGH,0,Start replacement sourcing + secure backup tool,Q2/2025
T10063,2025-03-01,33997,77037,1257791,136.90778631870202,0.0,0.9170489175290458,HIGH,0,Start replacement sourcing + secure backup tool,Q2/2025
T10063,2025-04-01,33230,75299,1333090,145.10391699701975,0.0,0.8465412764617927,HIGH,0,Start replacement sourcing + secure backup tool,Q3/2025
T10063,2025-05-01,44962,101883,1434973,156.1936576562456,0.0,1.1862861534162359,HIGH,0,Start replacement sourcing + secure backup tool,Q3/2025
T10063,2025-06-01,40389,91521,1526494,166.15551738625948,0.0,1.0800254898335686,HIGH,0,Start replacement sourcing + secure backup tool,Q3/2025
T10064,2024-01-01,36469,298943,298943,35.73646088980432,64.26353911019568,3.337621835260492,LOW,463460,Monitor normally,Q4/2024
T10064,2024-02-01,31850,261080,560023,66.94667557658445,33.053324423415546,0.8733437478047654,MED,196140,Plan replacement; increase monitoring; prepare PO,Q4/2024
T10064,2024-03-01,40822,334626,894649,106.9487795285474,0.0,1.195043774987813,HIGH,0,Start replacement sourcing + secure backup tool,Q2/2024
T10064,2024-04-01,36908,302542,1197191,143.11547468623021,0.0,1.0145051299448165,HIGH,0,Start replacement sourcing + secure backup tool,Q3/2024
T10064,2024-05-01,30524,250211,1447402,173.02637949316275,0.0,0.8356634248002779,HIGH,0,Start replacement sourcing + secure backup tool,Q3/2024
T10064,2024-06-01,41407,339421,1786823,213.60169081230475,0.0,1.147495038760214,HIGH,0,Start replacement sourcing + secure backup tool,Q3/2024
T10064,2024-07-01,24823,203479,1990302,237.9261249867009,0.0,0.684212945008485,HIGH,0,Start replacement sourcing + secure backup tool,Q4/2024
T10064,2024-08-01,30889,386517,2376819,284.13142049034036,0.0,1.4620286441620405,HIGH,0,Start replacement sourcing + secure backup tool,Q4/2024
T10064,2024-09-01,33726,276458,2653277,317.1799632047492,0.0,0.892359403798295,HIGH,0,Start replacement sourcing + secure backup tool,Q4/2024
T10064,2024-10-01,34993,286844,2940121,351.47007666274965,0.0,0.9931652459334253,HIGH,0,Start replacement sourcing + secure backup tool,Q1/2025
T10064,2024-11-01,29755,243907,3184028,380.62738413022504,0.0,0.770379409129529,HIGH,0,Start replacement sourcing + secure backup tool,Q1/2025
T10064,2024-12-01,47315,587711,3771739,450.88395868125247,0.0,2.184233575195519,HIGH,0,Start replacement sourcing + secure backup tool,Q1/2025
T10064,2025-01-01,29005,237759,4009498,479.30631747439696,0.0,0.637730204512983,HIGH,0,Start replacement sourcing + secure backup tool,Q2/2025
T10064,2025-02-01,33273,272745,4282243,511.9109980502581,0.0,0.7651511113480092,HIGH,0,Start replacement sourcing + secure backup tool,Q2/2025
T10064,2025-03-01,29659,243120,4525363,540.9742253930266,0.0,0.6641322509708937,HIGH,0,Start replacement sourcing + secure backup tool,Q2/2025
T10064,2025-04-01,32987,270401,4795764,573.2986978210947,0.0,1.0764028215661923,HIGH,0,Start replacement sourcing + secure backup tool,Q3/2025
T10064,2025-05-01,36474,298984,5094748,609.040059962631,0.0,1.1407742417960334,HIGH,0,Start replacement sourcing + secure backup tool,Q3/2025
T10064,2025-06-01,37091,304042,5398790,645.3860692080652,0.0,1.1226097070171877,HIGH,0,Start replacement sourcing + secure backup tool,Q3/2025
T10065,2024-01-01,35,37,37,0.0021134053300082426,99.99788659466999,0.00012708560646739798,LOW,1632250,Monitor normally,Q4/2024
T10065,2024-02-01,34,36,73,0.004169691597043289,99.99583030840296,0.972972972972973,LOW,1644806,Monitor normally,Q4/2024
T10065,2024-03-01,20581,22227,22300,1.273755104302265,98.72624489569773,608.9589041095891,LOW,1622312,Monitor normally,Q4/2024
T10065,2024-04-01,123,132,22432,1.2812948206147268,98.71870517938527,0.017757847533632288,LOW,1618339,Monitor normally,Q1/2025
T10065,2024-05-01,1462,1578,24010,1.3714287019864297,98.62857129801357,0.21138647019423978,LOW,1624286,Monitor normally,Q1/2025
T10065,2024-06-01,64,69,24079,1.3753699173315803,98.62463008266842,0.00864770021305928,LOW,1616688,Monitor normally,Q1/2025
T10065,2024-07-01,1746,1885,25964,1.483039351036054,98.51696064896394,3.178752107925801,LOW,1619188,Monitor normally,Q2/2025
T10065,2024-08-01,1443,1558,27522,1.5720308511482932,98.4279691488517,1.323329558323896,LOW,1627541,Monitor normally,Q2/2025
T10065,2024-09-01,2002,2162,29684,1.6955222652963422,98.30447773470365,1.8468109339407743,LOW,1619060,Monitor normally,Q2/2025
T10065,2024-10-01,1190,1285,30969,1.7689202612168986,98.2310797387831,0.6877787689562891,LOW,1621739,Monitor normally,Q3/2025
T10065,2024-11-01,371,400,31369,1.791767886406177,98.20823211359382,0.23976023976023977,LOW,1619380,Monitor normally,Q3/2025
T10065,2024-12-01,841,908,32277,1.843631995585839,98.15636800441416,0.7080842214712764,LOW,1613965,Monitor normally,Q3/2025
T10065,2025-01-01,1557,2377,34654,1.979404008273125,98.02059599172688,2.750096413420748,LOW,1609610,Monitor normally,Q4/2025
T10065,2025-02-01,2612,2820,37474,2.140479765857537,97.85952023414247,2.295793758480326,LOW,1604628,Monitor normally,Q4/2025
T10065,2025-03-01,941,1016,38490,2.198512733838304,97.8014872661617,0.49926289926289924,LOW,1598153,Monitor normally,Q4/2025
T10065,2025-04-01,2535,2737,41227,2.3548476091959407,97.64515239080406,1.3215837759536455,LOW,1589773,Monitor normally,Q1/2026
T10065,2025-05-01,1341,1448,42675,2.437556012381128,97.56244398761888,0.6608854404381561,LOW,1594589,Monitor normally,Q1/2026
T10065,2025-06-01,2247,3870,46545,2.658606786087396,97.34139321391261,2.232263026341088,LOW,1592851,Monitor normally,Q1/2026
T10066,2024-01-01,53415,106830,106830,5.603021005428369,94.39697899457163,39.787709497206706,LOW,1635595,Monitor normally,Q4/2024
T10066,2024-02-01,43740,87480,194310,10.191172999763983,89.80882700023602,0.818871103622578,LOW,1587001,Monitor normally,Q4/2024
T10066,2024-03-01,48921,97842,292152,15.322791283140589,84.67720871685941,1.0070711749266636,LOW,1493010,Monitor normally,Q4/2024
T10066,2024-04-01,39458,78916,371068,19.46177851204993,80.53822148795007,0.8103589912100551,LOW,1379237,Monitor normally,Q1/2025
T10066,2024-05-01,49775,99550,470618,24.682977998059425,75.31702200194057,1.130231079557066,LOW,1299957,Monitor normally,Q1/2025
T10066,2024-06-01,42005,84010,554628,29.08913539454016,70.91086460545984,0.9121342849284132,LOW,1198038,Monitor normally,Q1/2025
T10066,2024-07-01,42865,85730,640358,33.5855033697847,66.4144966302153,0.9798610158643076,LOW,1121465,Monitor normally,Q2/2025
T10066,2024-08-01,47937,95874,736232,38.613903967692025,61.386096032307975,1.0680753091462736,LOW,1021467,Monitor normally,Q2/2025
T10066,2024-09-01,54414,108828,845060,44.321716098916944,55.678283901083056,1.2291671372743906,LOW,848346,Monitor normally,Q2/2025
T10066,2024-10-01,44645,89290,934350,49.00479899299819,50.99520100700181,0.922315722785368,LOW,834073,Monitor normally,Q3/2025
T10066,2024-11-01,53541,107082,1041432,54.62103689717568,45.37896310282432,1.0927032028082397,LOW,734304,Monitor normally,Q3/2025
T10066,2024-12-01,37006,74012,1115444,58.50281908058636,41.49718091941364,0.7275098296199214,LOW,620118,Monitor normally,Q3/2025
T10066,2025-01-01,44920,89840,1205284,63.214748380667665,36.785251619332335,0.9968045446476123,LOW,569849,Monitor normally,Q4/2025
T10066,2025-02-01,48759,97518,1302802,68.32937350850969,31.67062649149031,1.0797980319930316,MED,464348,Plan replacement; increase monitoring; prepare PO,Q4/2025
T10066,2025-03-01,43744,87488,1390290,72.91794508693258,27.082054913067424,1.0041856372192677,MED,389739,Plan replacement; increase monitoring; prepare PO,Q4/2025
T10066,2025-04-01,45671,130069,1520359,79.73980541787952,20.260194582120477,1.4197295940272008,HIGH,255584,Start replacement sourcing + secure backup tool,Q3/2025
T10066,2025-05-01,26908,53816,1574175,82.56234757296829,17.437652427031708,0.512411330635563,MED,211828,Plan replacement; increase monitoring; prepare PO,Q4/2025
T10066,2025-06-01,53642,141076,1715251,89.96150315999266,10.03849684000734,1.5595803561887143,HIGH,106142,Start replacement sourcing + secure backup tool,Q3/2025
T10067,2024-01-01,24687,54311,54311,2.8593947102961583,97.14060528970384,0.5013924747892824,LOW,1605501,Monitor normally,Q4/2024
T10067,2024-02-01,33179,72993,127304,6.702369394773474,93.29763060522653,1.3439818821233267,LOW,1548642,Monitor normally,Q4/2024
T10067,2024-03-01,32702,71944,199248,10.490115763603855,89.50988423639615,1.1302708477345567,LOW,1491588,Monitor normally,Q4/2024
T10067,2024-04-01,25505,56111,255359,13.444277841073019,86.55572215892698,0.8448416044326669,LOW,1489203,Monitor normally,Q1/2025
T10067,2024-05-01,42293,93044,348403,18.342908347320293,81.65709165267971,1.388384863316223,LOW,1205881,Monitor normally,Q1/2025
T10067,2024-06-01,35094,77206,425609,22.407691319519763,77.59230868048024,1.0475759727542864,LOW,1196676,Monitor normally,Q1/2025
T10067,2024-07-01,35949,79087,504696,26.57150619041502,73.42849380958498,1.048153171261834,LOW,1061413,Monitor normally,Q2/2025
T10067,2024-08-01,29762,65476,570172,30.018721819870404,69.98127818012959,0.787801248912115,LOW,1088991,Monitor normally,Q2/2025
T10067,2024-09-01,35002,77004,647176,34.07286978753156,65.92713021246844,1.0416785033074956,LOW,1055078,Monitor normally,Q2/2025
T10067,2024-10-01,24993,54984,702160,36.96769696344296,63.03230303655704,0.7444790966163733,LOW,974290,Monitor normally,Q3/2025
T10067,2024-11-01,40906,118863,821023,43.225660054712364,56.774339945287636,1.8058430903860958,LOW,855658,Monitor normally,Q3/2025
T10067,2024-12-01,41132,90490,911513,47.98982619664861,52.01017380335139,1.0821962041211715,LOW,791701,Monitor normally,Q3/2025
T10067,2025-01-01,31101,68422,979935,51.592144417043805,48.407855582956195,0.7765314730817101,LOW,702426,Monitor normally,Q4/2025
T10067,2025-02-01,24336,53539,1033474,54.410894456530215,45.589105543469785,0.5782269822698227,LOW,637274,Monitor normally,Q4/2025
T10067,2025-03-01,44489,97875,1131349,59.563870046562364,40.436129953437636,1.3820833980541396,MED,585781,Plan replacement; increase monitoring; prepare PO,Q4/2025
T10067,2025-04-01,43164,94960,1226309,64.56337515031157,35.43662484968843,1.2958751068978693,MED,489221,Plan replacement; increase monitoring; prepare PO,Q1/2026
T10067,2025-05-01,36415,80113,1306422,68.78120742049545,31.21879257950455,0.9755047204656335,MED,364932,Plan replacement; increase monitoring; prepare PO,Q1/2026
T10067,2025-06-01,31284,96946,1403368,73.88527251935886,26.114727480641136,1.0655436200301889,MED,315566,Plan replacement; increase monitoring; prepare PO,Q1/2026
T10068,2024-01-01,14436,77954,77954,3.2957703843191104,96.70422961568089,0.8597267102665622,LOW,1967923,Monitor normally,Q4/2024
T10068,2024-02-01,12998,70189,148143,6.263248993562691,93.73675100643732,0.9003899735741592,LOW,1865602,Monitor normally,Q4/2024
T10068,2024-03-01,16268,87847,235990,9.97727958790398,90.02272041209602,1.1859757126560149,LOW,1827457,Monitor normally,Q4/2024
T10068,2024-04-01,17010,91854,327844,13.860719730568213,86.1392802694318,1.1676850714013307,LOW,1518590,Monitor normally,Q1/2025
T10068,2024-05-01,18500,99900,427744,18.084331878674522,81.91566812132548,1.1993277041898434,LOW,1329427,Monitor normally,Q1/2025
T10068,2024-06-01,16779,90606,518350,21.91500857828734,78.08499142171266,0.9721639049931867,LOW,1482614,Monitor normally,Q1/2025
T10068,2024-07-01,17832,96292,614642,25.986080259623197,74.0139197403768,1.023076923076923,LOW,1413132,Monitor normally,Q2/2025
T10068,2024-08-01,13238,71485,686127,29.008351675112483,70.99164832488752,0.7477562605039088,LOW,1118652,Monitor normally,Q2/2025
T10068,2024-09-01,14409,77808,763935,32.297949413048975,67.70205058695103,0.9034030876644361,LOW,1285602,Monitor normally,Q2/2025
T10068,2024-10-01,21312,115084,879019,37.16351678494754,62.83648321505246,1.405835046928762,LOW,1162796,Monitor normally,Q3/2025
T10068,2024-11-01,21634,116823,995842,42.10260629423906,57.89739370576094,1.3256410353396852,LOW,1028816,Monitor normally,Q3/2025
T10068,2024-12-01,22533,121678,1117520,47.24695743495257,52.75304256504743,1.1786125954506563,LOW,788466,Monitor normally,Q3/2025
T10068,2025-01-01,15108,81583,1199103,50.696156132439626,49.303843867560374,0.6921928249218716,LOW,656524,Monitor normally,Q4/2025
T10068,2025-02-01,17629,95196,1294299,54.72089068750597,45.27910931249403,0.8922282900738556,LOW,777972,Monitor normally,Q4/2025
T10068,2025-03-01,17614,95115,1389414,58.74220069218197,41.25779930781803,0.9560673731894376,LOW,675306,Monitor normally,Q4/2025
T10068,2025-04-01,25426,137300,1526714,64.54702499583559,35.452975004164415,1.5149286118855143,MED,615912,Plan replacement; increase monitoring; prepare PO,Q1/2026
T10068,2025-05-01,17875,96525,1623239,68.6279475443437,31.372052455656302,0.8838988922838366,MED,482678,Plan replacement; increase monitoring; prepare PO,Q1/2026
T10068,2025-06-01,20940,113076,1736315,73.40861988928133,26.591380110718674,1.0312762205873411,MED,409618,Plan replacement; increase monitoring; prepare PO,Q1/2026
T10069,2024-01-01,2700,8748,8748,0.43937190109210134,99.5606280989079,0.07565270783307053,LOW,1828947,Monitor normally,Q4/2024
T10069,2024-02-01,2388,7737,16485,0.8279659110086067,99.1720340889914,0.8844307270233196,LOW,1853731,Monitor normally,Q4/2024
T10069,2024-03-01,1868,6052,22537,1.1319301022991184,98.86806989770088,0.7342432514407037,LOW,1854620,Monitor normally,Q4/2024
T10069,2024-04-01,1941,6288,28825,1.447747490738434,98.55225250926156,0.8370235612548255,LOW,1848933,Monitor normally,Q1/2025
T10069,2024-05-01,2271,7358,36183,1.817306069640547,98.18269393035945,1.0994670518503762,LOW,1837634,Monitor normally,Q1/2025
T10069,2024-06-01,1922,6227,42410,2.1300597079693664,97.86994029203063,0.9483703929332927,LOW,1839289,Monitor normally,Q1/2025
T10069,2024-07-01,2085,6755,49165,2.4693323636480526,97.53066763635195,1.0197252553716099,LOW,1832736,Monitor normally,Q2/2025
T10069,2024-08-01,2313,7494,56659,2.8457215985342215,97.15427840146577,1.1053097345132743,LOW,1819591,Monitor normally,Q2/2025
T10069,2024-09-01,1647,5336,61995,3.113724395085142,96.88627560491486,0.7817933190076187,LOW,1816661,Monitor normally,Q2/2025
T10069,2024-10-01,1742,5644,67639,3.397196618423485,96.60280338157652,0.8645391881541997,LOW,1811968,Monitor normally,Q3/2025
T10069,2024-11-01,1827,5919,73558,3.694480829964882,96.30551917003511,0.9611886976291003,LOW,1806290,Monitor normally,Q3/2025
T10069,2024-12-01,2065,6690,80248,4.030488833886483,95.96951116611352,1.187644239304101,LOW,1789944,Monitor normally,Q3/2025
T10069,2025-01-01,2464,7983,88231,4.431438295068267,95.56856170493174,1.3120582917876513,LOW,1780559,Monitor normally,Q4/2025
T10069,2025-02-01,1929,6249,94480,4.7452968924533305,95.25470310754667,0.9104020979020979,LOW,1787986,Monitor normally,Q4/2025
T10069,2025-03-01,2537,8219,102699,5.158099550783919,94.84190044921608,1.1785202179523946,LOW,1767737,Monitor normally,Q4/2025
T10069,2025-04-01,2747,8900,111599,5.605105714446436,94.39489428555356,1.1892566032693421,LOW,1751759,Monitor normally,Q1/2026
T10069,2025-05-01,2369,7675,119274,5.990585748840798,94.0094142511592,0.985321807600137,LOW,1753081,Monitor normally,Q1/2026
T10069,2025-06-01,2327,11302,130576,6.558233351280547,93.44176664871945,1.3675082681293862,LOW,1716866,Monitor normally,Q1/2026
T10070,2024-01-01,35344,357681,357681,35.5726637851643,64.42733621483569,38.49205438174839,LOW,630732,Monitor normally,Q4/2024
T10070,2024-02-01,43600,441232,798913,79.45477546360297,20.54522453639703,1.233590825344371,HIGH,162432,Start replacement sourcing + secure backup tool,Q2/2024
T10070,2024-03-01,34321,347328,1146241,113.99779610818166,0.0,0.8695014350749081,HIGH,0,Start replacement sourcing + secure backup tool,Q2/2024
T10070,2024-04-01,25916,262269,1408510,140.08139282780405,0.0,0.6864237101970703,HIGH,0,Start replacement sourcing + secure backup tool,Q3/2024
T10070,2024-05-01,28334,286740,1695250,168.598718639793,0.0,0.8186108301160322,HIGH,0,Start replacement sourcing + secure backup tool,Q3/2024
T10070,2024-06-01,33246,336449,2031699,202.05978354918082,0.0,1.1260798114994695,HIGH,0,Start replacement sourcing + secure backup tool,Q3/2024
T10070,2024-07-01,31439,318162,2349861,233.70214044042035,0.0,1.0779573960594404,HIGH,0,Start replacement sourcing + secure backup tool,Q4/2024
T10070,2024-08-01,29816,301737,2651598,263.71097192027,0.0,0.9616083692480275,HIGH,0,Start replacement sourcing + secure backup tool,Q4/2024
T10070,2024-09-01,34180,345901,2997499,298.11207227492156,0.0,1.0850684060613918,HIGH,0,Start replacement sourcing + secure backup tool,Q4/2024
T10070,2024-10-01,34857,503047,3500546,348.1419083554949,0.0,1.562581279768068,HIGH,0,Start replacement sourcing + secure backup tool,Q1/2025
T10070,2024-11-01,28347,286871,3787417,376.6722625893342,0.0,0.7479136340527598,HIGH,0,Start replacement sourcing + secure backup tool,Q1/2025
T10070,2024-12-01,30794,431318,4218735,419.56839125842623,0.0,1.1392255280110652,HIGH,0,Start replacement sourcing + secure backup tool,Q1/2025
T10070,2025-01-01,33676,508353,4727088,470.1259281507398,0.0,1.2487831999711767,HIGH,0,Start replacement sourcing + secure backup tool,Q2/2025
T10070,2025-02-01,36608,370472,5097560,506.970702957949,0.0,0.9061377433467424,HIGH,0,Start replacement sourcing + secure backup tool,Q2/2025
T10070,2025-03-01,39632,401075,5498635,546.8590563444436,0.0,0.9183921144485755,HIGH,0,Start replacement sourcing + secure backup tool,Q2/2025
T10070,2025-04-01,33681,340851,5839486,580.7579160094441,0.0,0.7989319478084226,HIGH,0,Start replacement sourcing + secure backup tool,Q3/2025
T10070,2025-05-01,38836,393020,6232506,619.8451706325449,0.0,1.0599263932513363,HIGH,0,Start replacement sourcing + secure backup tool,Q3/2025
T10070,2025-06-01,36852,372942,6605448,656.9355958364744,0.0,0.9857966810755755,HIGH,0,Start replacement sourcing + secure backup tool,Q3/2025
T10071,2024-01-01,11571,41239,41239,7.6790868294136265,92.32091317058638,0.11177768963682211,LOW,882323,Monitor normally,Q4/2024
T10071,2024-02-01,11305,40291,81530,15.181647207790999,84.818352792209,0.9770120516986348,LOW,735521,Monitor normally,Q4/2024
T10071,2024-03-01,14771,52643,134173,24.984265311062696,75.0157346889373,1.2913774070894148,LOW,638815,Monitor normally,Q4/2024
T10071,2024-04-01,6236,22225,156398,29.12276781557827,70.87723218442173,0.4969330640292756,LOW,826981,Monitor normally,Q1/2025
T10071,2024-05-01,10690,38099,194497,36.21715732826844,63.78284267173156,0.9925146970710061,LOW,387527,Monitor normally,Q1/2025
T10071,2024-06-01,11935,42536,237033,44.13775766716943,55.86224233283057,1.1296042207016208,LOW,309514,Monitor normally,Q1/2025
T10071,2024-07-01,11729,41802,278835,51.9216803530529,48.0783196469471,1.2191911335796228,LOW,240644,Monitor normally,Q2/2025
T10071,2024-08-01,10835,38615,317450,59.11215388339571,40.88784611660429,0.946160065993123,LOW,229427,Monitor normally,Q2/2025
T10071,2024-09-01,11901,60341,377791,70.34821145932257,29.65178854067743,1.4722942913145673,MED,176233,Plan replacement; increase monitoring; prepare PO,Q2/2025
T10071,2024-10-01,8032,28626,406417,75.67863992700595,24.321360072994054,0.6101109706020261,MED,107587,Plan replacement; increase monitoring; prepare PO,Q3/2025
T10071,2024-11-01,12695,45244,451661,84.10349514924678,15.896504850753217,1.063880484707874,MED,43036,Start replacement sourcing + secure backup tool,Q2/2025
T10071,2024-12-01,12133,43242,494903,92.15555927974228,7.844440720257722,0.9665824708853968,HIGH,1661,Start replacement sourcing + secure backup tool,Q1/2025
T10071,2025-01-01,11025,39293,534196,99.4722827402566,0.5277172597433974,1.0065492861534258,HIGH,329,Start replacement sourcing + secure backup tool,Q2/2025
T10071,2025-02-01,14475,51588,585784,109.07844999348266,0.0,1.2111849364919118,HIGH,0,Start replacement sourcing + secure backup tool,Q2/2025
T10071,2025-03-01,12954,64962,650746,121.174980913543,0.0,1.4530393743056746,HIGH,0,Start replacement sourcing + secure backup tool,Q2/2025
T10071,2025-04-01,10057,35843,686589,127.84928216300766,0.0,0.689982867372933,HIGH,0,Start replacement sourcing + secure backup tool,Q3/2025
T10071,2025-05-01,13836,49311,735900,137.03145075694096,0.0,0.970733563877606,HIGH,0,Start replacement sourcing + secure backup tool,Q3/2025
T10071,2025-06-01,10403,59008,794908,148.01929128726513,0.0,1.1792480481760772,HIGH,0,Start replacement sourcing + secure backup tool,Q3/2025
T10072,2024-01-01,43371,154574,154574,9.355567741224805,90.6444322587752,3.216672909643318,LOW,1458718,Monitor normally,Q4/2024
T10072,2024-02-01,54741,195096,349670,21.16372334334414,78.83627665665585,1.2621527553146066,LOW,1119122,Monitor normally,Q4/2024
T10072,2024-03-01,31506,112287,461957,27.95987686825072,72.04012313174928,0.642245545800326,LOW,983026,Monitor normally,Q4/2024
T10072,2024-04-01,40639,144837,606794,36.726114171650885,63.273885828349115,0.9405875438623076,LOW,861226,Monitor normally,Q1/2025
T10072,2024-05-01,34040,121318,728112,44.06886759221263,55.93113240778737,0.8048162398832427,LOW,736949,Monitor normally,Q1/2025
T10072,2024-06-01,31287,111506,839618,50.81775121140482,49.18224878859518,0.8839346584152922,LOW,640486,Monitor normally,Q1/2025
T10072,2024-07-01,62001,220971,1060589,64.1919872365202,35.808012763479795,1.7553123038915852,MED,477188,Plan replacement; increase monitoring; prepare PO,Q2/2025
T10072,2024-08-01,48004,171086,1231675,74.54694125579374,25.45305874420626,1.1310349386837668,MED,219074,Plan replacement; increase monitoring; prepare PO,Q2/2025
T10072,2024-09-01,51957,185174,1416849,85.75456932334431,14.245430676655687,1.1031827199377238,HIGH,36543,Start replacement sourcing + secure backup tool,Q4/2024
T10072,2024-10-01,35507,126546,1543395,93.41374664541034,6.586253354589658,0.6576881699007849,HIGH,1430,Start replacement sourcing + secure backup tool,Q1/2025
T10072,2024-11-01,32459,115683,1659078,100.41544255163073,0.0,0.7188166675641976,HIGH,0,Start replacement sourcing + secure backup tool,Q1/2025
T10072,2024-12-01,40717,145115,1804193,109.1985057625707,0.0,1.018581994043093,HIGH,0,Start replacement sourcing + secure backup tool,Q1/2025
T10072,2025-01-01,50928,181507,1985700,120.18418921519851,0.0,1.4057814242637034,HIGH,0,Start replacement sourcing + secure backup tool,Q2/2025
T10072,2025-02-01,41901,149335,2135035,129.22266728159912,0.0,1.0128870349645607,HIGH,0,Start replacement sourcing + secure backup tool,Q2/2025
T10072,2025-03-01,40325,143718,2278753,137.92117728090915,0.0,0.9058675468582246,HIGH,0,Start replacement sourcing + secure backup tool,Q2/2025
T10072,2025-04-01,37584,133949,2412702,146.028420047282,0.0,0.8467780681051922,HIGH,0,Start replacement sourcing + secure backup tool,Q3/2025
T10072,2025-05-01,42409,151145,2563847,155.17644808723327,0.0,1.061903691317605,HIGH,0,Start replacement sourcing + secure backup tool,Q3/2025
T10072,2025-06-01,32157,114607,2678454,162.1130192577959,0.0,0.8017989235375875,HIGH,0,Start replacement sourcing + secure backup tool,Q3/2025
T10073,2024-01-01,993,1022,1022,0.04414255886898299,99.95585744113102,0.0076707338735704945,LOW,2287697,Monitor normally,Q4/2024
T10073,2024-02-01,17,17,1039,0.04487682843921069,99.95512317156079,0.016634050880626222,LOW,2285994,Monitor normally,Q4/2024
T10073,2024-03-01,26904,27711,28750,1.2417794202380241,98.75822057976198,53.34167468719923,LOW,2276766,Monitor normally,Q4/2024
T10073,2024-04-01,23503,24208,52958,2.287379288242271,97.71262071175772,2.5260521739130435,LOW,2260132,Monitor normally,Q1/2025
T10073,2024-05-01,1760,1812,54770,2.365643785963012,97.63435621403698,0.10466728280961184,LOW,2253671,Monitor normally,Q1/2025
T10073,2024-06-01,1016,1046,55816,2.4108229606958456,97.58917703930416,0.05840203979080978,LOW,2260728,Monitor normally,Q1/2025
T10073,2024-07-01,29676,30566,86382,3.731039647965253,96.26896035203475,3.387940589669696,LOW,2214369,Monitor normally,Q2/2025
T10073,2024-08-01,1165,1199,87581,3.782827248830136,96.21717275116987,0.10761728099569172,LOW,2210793,Monitor normally,Q2/2025
T10073,2024-09-01,737,759,88340,3.81561022552442,96.18438977447558,0.06939745816951633,LOW,2215256,Monitor normally,Q2/2025
T10073,2024-10-01,40523,41738,130078,5.618371597416408,94.38162840258359,3.8498954618128147,LOW,2177432,Monitor normally,Q3/2025
T10073,2024-11-01,1386,1427,131505,5.680007048987874,94.31999295101213,0.0979723544489198,LOW,2178458,Monitor normally,Q3/2025
T10073,2024-12-01,179,184,131689,5.687954437277398,94.3120455627226,0.012567161460704853,LOW,2180486,Monitor normally,Q3/2025
T10073,2025-01-01,2955,4308,135997,5.874026984838629,94.12597301516138,0.29813836536021593,LOW,2178855,Monitor normally,Q4/2025
T10073,2025-02-01,74,76,136073,5.877309601740824,94.12269039825918,0.03852002027369488,LOW,2179740,Monitor normally,Q4/2025
T10073,2025-03-01,1546,1592,137665,5.9460717873762645,94.05392821262373,1.0455341506129596,LOW,2175947,Monitor normally,Q4/2025
T10073,2025-04-01,2051,2112,139777,6.037293983395141,93.96270601660486,1.0602409638554218,LOW,2173629,Monitor normally,Q1/2026
T10073,2025-05-01,1573,2531,142308,6.146613764703749,93.85338623529626,2.0087301587301587,LOW,2166326,Monitor normally,Q1/2026
T10073,2025-06-01,1127,1160,143468,6.196716864789874,93.80328313521012,0.5581395348837209,LOW,2166893,Monitor normally,Q1/2026
T10074,2024-01-01,22613,24874,24874,1.0171996461843154,98.98280035381569,12.859210753058763,LOW,2224256,Monitor normally,Q4/2024
T10074,2024-02-01,29104,32014,56888,2.3263831097585164,97.67361689024149,1.2870467154458471,LOW,2213089,Monitor normally,Q4/2024
T10074,2024-03-01,28008,30808,87696,3.5862482982945934,96.41375170170541,1.083110673604275,LOW,2166287,Monitor normally,Q4/2024
T10074,2024-04-01,20739,22812,110508,4.519124326627656,95.48087567337234,0.7803776683087028,LOW,2140103,Monitor normally,Q1/2025
T10074,2024-05-01,23422,25764,136272,5.572719714755529,94.42728028524448,0.9025854216783054,LOW,2126356,Monitor normally,Q1/2025
T10074,2024-06-01,25945,28539,164811,6.739796208381571,93.26020379161842,1.0785170815277638,LOW,2095283,Monitor normally,Q1/2025
T10074,2024-07-01,22537,35516,200327,8.19219078238986,91.80780921761014,1.3816767165921027,LOW,2036484,Monitor normally,Q2/2025
T10074,2024-08-01,20045,22049,222376,9.093864618472434,90.90613538152756,0.7364477449092063,LOW,2005688,Monitor normally,Q2/2025
T10074,2024-09-01,27704,30474,252850,10.34007118025666,89.65992881974334,1.061762519743566,LOW,1984063,Monitor normally,Q2/2025
T10074,2024-10-01,31604,34764,287614,11.761713397027245,88.23828660297275,1.1846113654175991,LOW,1932727,Monitor normally,Q3/2025
T10074,2024-11-01,23656,26021,313635,12.825818566817471,87.17418143318253,0.8943256154982987,LOW,1929880,Monitor normally,Q3/2025
T10074,2024-12-01,17362,19098,332733,13.606813937197307,86.3931860628027,0.627817530325776,LOW,1868168,Monitor normally,Q3/2025
T10074,2025-01-01,24551,27006,359739,14.711199787677872,85.28880021232213,1.014208279608928,LOW,1853532,Monitor normally,Q4/2025
T10074,2025-02-01,21349,23483,383222,15.671515751790855,84.32848424820915,0.9767625649913344,LOW,1818668,Monitor normally,Q4/2025
T10074,2025-03-01,28347,31181,414403,16.94663443666957,83.05336556333043,1.344259703680285,LOW,1769409,Monitor normally,Q4/2025
T10074,2025-04-01,21631,23794,438197,17.91966846341676,82.08033153658324,0.8740296314436146,LOW,1761607,Monitor normally,Q1/2026
T10074,2025-05-01,25357,27892,466089,19.060286479472595,80.9397135205274,1.0665069209003544,LOW,1696175,Monitor normally,Q1/2026
T10074,2025-06-01,19911,21902,487991,19.955948884020675,80.04405111597933,0.7929091194323434,LOW,1663576,Monitor normally,Q1/2026
T10075,2024-01-01,9655,33309,33309,4.130221830942254,95.86977816905775,1.3579252051964994,LOW,888936,Monitor normally,Q4/2024
T10075,2024-02-01,11926,41144,74453,9.231961511277543,90.76803848872245,1.2352217118496502,LOW,889102,Monitor normally,Q4/2024
T10075,2024-03-01,8646,29828,104281,12.930549183478618,87.06945081652138,0.8012571689522249,LOW,762673,Monitor normally,Q4/2024
T10075,2024-04-01,8346,28793,133074,16.50079978176498,83.49920021823502,0.8283292258417161,LOW,644568,Monitor normally,Q1/2025
T10075,2024-05-01,9781,33744,166818,20.68496038290327,79.31503961709673,1.014704555705909,LOW,625065,Monitor normally,Q1/2025
T10075,2024-06-01,13778,47534,214352,26.579041997842452,73.42095800215755,1.543896497591079,LOW,609309,Monitor normally,Q1/2025
T10075,2024-07-01,6526,22514,236866,29.370714347712873,70.62928565228712,0.6136221166338091,LOW,607687,Monitor normally,Q2/2025
T10075,2024-08-01,12217,42148,279014,34.59694718960408,65.40305281039592,1.2182441806690303,LOW,524485,Monitor normally,Q2/2025
T10075,2024-09-01,8106,38036,317050,39.31330365667663,60.68669634332337,1.0170416057613463,LOW,438845,Monitor normally,Q2/2025
T10075,2024-10-01,9150,31567,348617,43.227522412488995,56.772477587511005,0.9221309080994762,LOW,392888,Monitor normally,Q3/2025
T10075,2024-11-01,9441,32571,381188,47.266234329857284,52.733765670142716,0.8743814373025744,LOW,370270,Monitor normally,Q3/2025
T10075,2024-12-01,10199,35186,416374,51.62919885426612,48.37080114573388,1.03311997181279,LOW,226931,Monitor normally,Q3/2025
T10075,2025-01-01,10283,35476,451850,56.02812255880566,43.97187744119434,1.071523498852241,LOW,238638,Monitor normally,Q4/2025
T10075,2025-02-01,7601,26223,478073,59.27970042283036,40.72029957716964,0.762052831943274,LOW,247479,Monitor normally,Q4/2025
T10075,2025-03-01,7809,26941,505014,62.62030825697175,37.37969174302825,0.8342158228827992,LOW,239220,Monitor normally,Q4/2025
T10075,2025-04-01,8955,30894,535908,66.45107691544632,33.54892308455368,1.0456001805054151,MED,192768,Plan replacement; increase monitoring; prepare PO,Q1/2026
T10075,2025-05-01,10188,35148,571056,70.80932954728632,29.190670452713675,1.2544195674415286,MED,182255,Plan replacement; increase monitoring; prepare PO,Q1/2026
T10075,2025-06-01,8552,29504,600560,74.46774213547931,25.532257864520687,0.9519159416237377,MED,142511,Plan replacement; increase monitoring; prepare PO,Q1/2026
T10076,2024-01-01,38965,277742,277742,33.862675124756,66.13732487524399,8.72067904464865,LOW,497776,Monitor normally,Q4/2024
T10076,2024-02-01,35165,356803,634545,77.36457283031842,22.635427169681577,1.284656263726768,MED,159931,Plan replacement; increase monitoring; prepare PO,Q4/2024
T10076,2024-03-01,28681,204438,838983,102.28992649362777,0.0,0.6443609200293123,HIGH,0,Start replacement sourcing + secure backup tool,Q2/2024
T10076,2024-04-01,21760,155105,994088,121.20053499081322,0.0,0.5546179124010856,HIGH,0,Start replacement sourcing + secure backup tool,Q3/2024
T10076,2024-05-01,32989,235145,1229233,149.86972705470976,0.0,0.9847685336415642,HIGH,0,Start replacement sourcing + secure backup tool,Q3/2024
T10076,2024-06-01,38084,271462,1500695,182.96673620246744,0.0,1.3694340561773568,HIGH,0,Start replacement sourcing + secure backup tool,Q3/2024
T10076,2024-07-01,40743,290416,1791111,218.3746423132866,0.0,1.3166573977803033,HIGH,0,Start replacement sourcing + secure backup tool,Q4/2024
T10076,2024-08-01,40021,285269,2076380,253.15501931843536,0.0,1.073754458779734,HIGH,0,Start replacement sourcing + secure backup tool,Q4/2024
T10076,2024-09-01,37239,265439,2341819,285.51769627201134,0.0,0.9399986070894426,HIGH,0,Start replacement sourcing + secure backup tool,Q4/2024
T10076,2024-10-01,30064,214296,2556115,311.64495044507385,0.0,0.7643201240245195,HIGH,0,Start replacement sourcing + secure backup tool,Q1/2025
T10076,2024-11-01,36484,260057,2816172,343.35144677950893,0.0,1.0198260401252803,HIGH,0,Start replacement sourcing + secure backup tool,Q1/2025
T10076,2024-12-01,27835,198407,3014579,367.54149287796525,0.0,0.8045788545969678,HIGH,0,Start replacement sourcing + secure backup tool,Q1/2025
T10076,2025-01-01,31606,225287,3239866,395.0087844321087,0.0,1.0046093703549557,HIGH,0,Start replacement sourcing + secure backup tool,Q2/2025
T10076,2025-02-01,44298,315756,3555622,433.50617714438295,0.0,1.385399070714339,HIGH,0,Start replacement sourcing + secure backup tool,Q2/2025
T10076,2025-03-01,35695,254433,3810055,464.5269878968692,0.0,1.032252349719386,HIGH,0,Start replacement sourcing + secure backup tool,Q2/2025
T10076,2025-04-01,35178,250748,4060803,495.0985185338716,0.0,0.9456526658252417,HIGH,0,Start replacement sourcing + secure backup tool,Q3/2025
T10076,2025-05-01,34986,249380,4310183,525.5032607860757,0.0,0.9113244987130559,HIGH,0,Start replacement sourcing + secure backup tool,Q3/2025
T10076,2025-06-01,38077,271412,4581595,558.5941738671374,0.0,1.0790857200411894,HIGH,0,Start replacement sourcing + secure backup tool,Q3/2025
T10077,2024-01-01,11700,41575,41575,10.87476818368484,89.12523181631516,0.16165720507037873,LOW,722252,Monitor normally,Q4/2024
T10077,2024-02-01,7206,25606,67181,17.572526791296,82.427473208704,0.6158989777510523,LOW,590671,Monitor normally,Q4/2024
T10077,2024-03-01,10953,38921,106102,27.753088486478145,72.24691151352185,1.158690701239934,LOW,525083,Monitor normally,Q4/2024
T10077,2024-04-01,9355,33242,139344,36.44819477540302,63.55180522459698,0.9399068820568885,LOW,326310,Monitor normally,Q1/2025
T10077,2024-05-01,6799,24160,163504,42.76772332183298,57.23227667816702,0.7413392793216663,LOW,305112,Monitor normally,Q1/2025
T10077,2024-06-01,9999,35531,199035,52.06156308934966,47.93843691065034,1.1066204333336793,LOW,224616,Monitor normally,Q1/2025
T10077,2024-07-01,11368,40396,239431,62.62794037252783,37.37205962747217,1.3040362411629884,MED,259229,Plan replacement; increase monitoring; prepare PO,Q2/2025
T10077,2024-08-01,8007,28452,267883,70.07012688755371,29.929873112446288,0.8528180482979807,MED,220228,Plan replacement; increase monitoring; prepare PO,Q2/2025
T10077,2024-09-01,9620,34184,302067,79.01163201301571,20.988367986984287,0.9824964791768459,MED,81396,Plan replacement; increase monitoring; prepare PO,Q2/2025
T10077,2024-10-01,7806,27738,329805,86.2670576264625,13.732942373537497,0.8076519916142557,HIGH,44745,Start replacement sourcing + secure backup tool,Q1/2025
T10077,2024-11-01,14547,51692,381497,99.78812838896489,0.21187161103510732,1.7159359992918317,HIGH,16,Start replacement sourcing + secure backup tool,Q1/2025
T10077,2024-12-01,9254,32884,414381,108.38959265721004,0.0,0.8683084831094758,HIGH,0,Start replacement sourcing + secure backup tool,Q1/2025
T10077,2025-01-01,13134,46671,461052,120.59732100118492,0.0,1.2466210801859074,HIGH,0,Start replacement sourcing + secure backup tool,Q2/2025
T10077,2025-02-01,9218,32756,493808,129.16530432348873,0.0,0.7487256851585179,HIGH,0,Start replacement sourcing + secure backup tool,Q2/2025
T10077,2025-03-01,10350,36778,530586,138.78532174404342,0.0,0.9823970937842241,HIGH,0,Start replacement sourcing + secure backup tool,Q2/2025
T10077,2025-04-01,11030,39195,569781,149.03755358913125,0.0,1.011875564734736,HIGH,0,Start replacement sourcing + secure backup tool,Q3/2025
T10077,2025-05-01,9664,34341,604122,158.02012518734944,0.0,0.9475209005876997,HIGH,0,Start replacement sourcing + secure backup tool,Q3/2025
T10077,2025-06-01,8260,29351,633473,165.69746303363527,0.0,0.7982033105498848,HIGH,0,Start replacement sourcing + secure backup tool,Q3/2025
T10078,2024-01-01,28883,196346,196346,32.14697368593396,67.85302631406604,5.725096465053895,LOW,538543,Monitor normally,Q4/2024
T10078,2024-02-01,19189,130446,326792,53.5043944097345,46.4956055902655,0.6643680034225297,LOW,326403,Monitor normally,Q4/2024
T10078,2024-03-01,19825,134770,461562,75.56976698495029,24.43023301504971,0.8248059928027613,MED,172235,Plan replacement; increase monitoring; prepare PO,Q4/2024
T10078,2024-04-01,22706,154355,615917,100.84171611196248,0.0,1.0032563339269698,HIGH,0,Start replacement sourcing + secure backup tool,Q3/2024
T10078,2024-05-01,22760,154722,770639,126.17375273422662,0.0,1.1062871361462066,HIGH,0,Start replacement sourcing + secure backup tool,Q3/2024
T10078,2024-06-01,28522,193892,964531,157.91894246008354,0.0,1.3105326835598754,HIGH,0,Start replacement sourcing + secure backup tool,Q3/2024
T10078,2024-07-01,20598,140025,1104556,180.84469592780331,0.0,0.8351906379916058,HIGH,0,Start replacement sourcing + secure backup tool,Q4/2024
T10078,2024-08-01,18965,128924,1233480,201.95292545876066,0.0,0.7915291247730943,HIGH,0,Start replacement sourcing + secure backup tool,Q4/2024
T10078,2024-09-01,16455,111861,1345341,220.26749577586546,0.0,0.7250502872476725,HIGH,0,Start replacement sourcing + secure backup tool,Q4/2024
T10078,2024-10-01,22803,155014,1500355,245.647340432499,0.0,1.221191670386807,HIGH,0,Start replacement sourcing + secure backup tool,Q1/2025
T10078,2024-11-01,26129,177624,1677979,274.72903322985843,0.0,1.3463197228896486,HIGH,0,Start replacement sourcing + secure backup tool,Q1/2025
T10078,2024-12-01,19099,129835,1807814,295.98641727900247,0.0,0.8762786867911964,HIGH,0,Start replacement sourcing + secure backup tool,Q1/2025
T10078,2025-01-01,17891,121623,1929437,315.89928222457985,0.0,0.7889520036845394,HIGH,0,Start replacement sourcing + secure backup tool,Q2/2025
T10078,2025-02-01,20825,141568,2071005,339.07766513418994,0.0,0.9897968220526612,HIGH,0,Start replacement sourcing + secure backup tool,Q2/2025
T10078,2025-03-01,18912,128563,2199568,360.12678952676595,0.0,0.9813320238355732,HIGH,0,Start replacement sourcing + secure backup tool,Q2/2025
T10078,2025-04-01,25041,170228,2369796,387.9975637549609,0.0,1.303583371197231,HIGH,0,Start replacement sourcing + secure backup tool,Q3/2025
T10078,2025-05-01,15016,102078,2471874,404.71040119454597,0.0,0.6954189649808451,HIGH,0,Start replacement sourcing + secure backup tool,Q3/2025
T10078,2025-06-01,17702,120338,2592212,424.412878043669,0.0,0.900578493223472,HIGH,0,Start replacement sourcing + secure backup tool,Q3/2025
T10079,2024-01-01,42655,48328,48328,3.1780623736169793,96.82193762638302,0.36925051700777295,LOW,1372796,Monitor normally,Q4/2024
T10079,2024-02-01,33093,37494,85822,5.643677971953244,94.35632202804676,0.7758235391491475,LOW,1347515,Monitor normally,Q4/2024
T10079,2024-03-01,36753,41641,127463,8.382001413845826,91.61799858615417,0.9704038591503344,LOW,1308805,Monitor normally,Q4/2024
T10079,2024-04-01,44286,50176,177639,11.681588768145724,88.31841123185427,1.1809544730627712,LOW,1258600,Monitor normally,Q1/2025
T10079,2024-05-01,42029,47618,225257,14.81296134940076,85.18703865059923,1.1047320026911864,LOW,1233285,Monitor normally,Q1/2025
T10079,2024-06-01,54888,62188,287445,18.902461078139645,81.09753892186035,1.3379997848459855,LOW,1131977,Monitor normally,Q1/2025
T10079,2024-07-01,50101,56764,344209,22.635277097341643,77.36472290265836,1.0644447500343788,LOW,1065849,Monitor normally,Q2/2025
T10079,2024-08-01,34763,39386,383595,25.225311128281845,74.77468887171815,0.7093594284685117,LOW,1025366,Monitor normally,Q2/2025
T10079,2024-09-01,21678,24561,408156,26.84044914265047,73.15955085734953,0.4653526001338908,LOW,994274,Monitor normally,Q2/2025
T10079,2024-10-01,35882,40654,448810,29.513867197132853,70.48613280286715,1.0103635956955042,LOW,978905,Monitor normally,Q3/2025
T10079,2024-11-01,36872,41775,490585,32.26100251533036,67.73899748466964,1.1981243009149052,LOW,905233,Monitor normally,Q3/2025
T10079,2024-12-01,54388,61621,552206,36.31321617045062,63.68678382954938,1.7278530703804094,LOW,839404,Monitor normally,Q3/2025
T10079,2025-01-01,48084,54479,606685,39.89576997057228,60.10423002942772,1.134585213467546,LOW,812130,Monitor normally,Q4/2025
T10079,2025-02-01,39764,45052,651737,42.85840169661499,57.14159830338501,0.8560950118764845,LOW,755483,Monitor normally,Q4/2025
T10079,2025-03-01,44500,50418,702155,46.17390303648051,53.82609696351949,0.9385797259729944,LOW,713407,Monitor normally,Q4/2025
T10079,2025-04-01,42982,48698,750853,49.37629671034245,50.62370328965755,0.9742912590280696,LOW,677749,Monitor normally,Q1/2026
T10079,2025-05-01,46952,53196,804049,52.87448008285794,47.12551991714206,1.1069585483602464,LOW,594726,Monitor normally,Q1/2026
T10079,2025-06-01,45466,51512,855561,56.26192315912342,43.73807684087658,1.0146016072272703,LOW,552054,Monitor normally,Q1/2026
T10080,2024-01-01,48737,50199,50199,3.339993492871101,96.6600065071289,0.9816891125510084,LOW,1418115,Monitor normally,Q4/2024
T10080,2024-02-01,54827,56471,106670,7.097294884052677,92.90270511594733,1.1249427279427877,LOW,1387773,Monitor normally,Q4/2024
T10080,2024-03-01,25895,26671,133341,8.871851477776957,91.12814852222304,0.5000656229492828,LOW,1343790,Monitor normally,Q4/2024
T10080,2024-04-01,43217,44513,177854,11.833526617683555,88.16647338231644,1.0014849146174094,LOW,1310164,Monitor normally,Q1/2025
T10080,2024-05-01,56851,58556,236410,15.729553609626826,84.27044639037317,1.376115310798637,LOW,1206455,Monitor normally,Q1/2025
T10080,2024-06-01,50353,51863,288273,19.180261442866012,80.81973855713399,1.1992369354092802,LOW,1166058,Monitor normally,Q1/2025
T10080,2024-07-01,42342,43612,331885,22.081988493426667,77.91801150657334,0.8444737045929828,LOW,1148110,Monitor normally,Q2/2025
T10080,2024-08-01,48145,49589,381474,25.38139559950418,74.61860440049583,0.9658250611889815,LOW,1094039,Monitor normally,Q2/2025
T10080,2024-09-01,49171,50646,432120,28.751130264337142,71.24886973566285,1.0473859813599515,LOW,1056367,Monitor normally,Q2/2025
T10080,2024-10-01,43163,44457,476577,31.709079440865967,68.29092055913404,0.9271726209097165,LOW,999137,Monitor normally,Q3/2025
T10080,2024-11-01,61855,63710,540287,35.94802813368491,64.05197186631509,1.3209437978602825,LOW,905518,Monitor normally,Q3/2025
T10080,2024-12-01,45701,47072,587359,39.079966492943626,60.920033507056374,0.889196728227538,LOW,831625,Monitor normally,Q3/2025
T10080,2025-01-01,47726,49157,636516,42.35063045296404,57.64936954703596,0.9499610278345003,LOW,826809,Monitor normally,Q4/2025
T10080,2025-02-01,48217,49663,686179,45.654961153505035,54.345038846494965,0.9315363982518335,LOW,793091,Monitor normally,Q4/2025
T10080,2025-03-01,62690,64570,750749,49.951129998196905,50.048870001803095,1.3277630027691718,LOW,725336,Monitor normally,Q4/2025
T10080,2025-04-01,41575,42822,793571,52.80029435110685,47.19970564889315,0.7862537486994308,LOW,588849,Monitor normally,Q1/2026
T10080,2025-05-01,37821,38955,832526,55.39216762576956,44.60783237423044,0.7441023845149789,LOW,544264,Monitor normally,Q1/2026
T10080,2025-06-01,36963,38071,870597,57.925223907111736,42.074776092888264,0.780425973883988,LOW,558474,Monitor normally,Q1/2026
T10081,2024-01-01,4441,34195,34195,3.063988480586078,96.93601151941392,0.8559592150056738,LOW,958633,Monitor normally,Q4/2024
T10081,2024-02-01,2503,19273,53468,4.790914931422033,95.20908506857796,0.5636204123409855,LOW,955156,Monitor normally,Q4/2024
T10081,2024-03-01,2198,16924,70392,6.3073629807110745,93.69263701928892,0.6330515448492556,LOW,942942,Monitor normally,Q4/2024
T10081,2024-04-01,1667,12835,83227,7.457422701381415,92.54257729861858,0.5470081827480395,LOW,934435,Monitor normally,Q1/2025
T10081,2024-05-01,3510,27027,110254,9.87913396515682,90.12086603484317,1.65363436123348,LOW,898635,Monitor normally,Q1/2025
T10081,2024-06-01,2810,21637,131891,11.817882868635134,88.18211713136486,1.1430810411016799,LOW,867520,Monitor normally,Q1/2025
T10081,2024-07-01,2116,22912,154803,13.870876115226396,86.1291238847736,1.1176767101904095,LOW,894776,Monitor normally,Q2/2025
T10081,2024-08-01,461,3549,158352,14.188878604409025,85.81112139559097,0.1487509779814463,LOW,858196,Monitor normally,Q2/2025
T10081,2024-09-01,43287,333309,491661,44.05450037588629,55.94549962411371,20.789367541269907,LOW,605492,Monitor normally,Q2/2025
T10081,2024-10-01,56555,435473,927134,83.07436455504292,16.92563544495708,3.6312616393807158,HIGH,132944,Start replacement sourcing + secure backup tool,Q1/2025
T10081,2024-11-01,2384,24706,951840,85.28810631264957,14.711893687350425,0.09596662570840742,HIGH,68373,Start replacement sourcing + secure backup tool,Q1/2025
T10081,2024-12-01,991,7630,959470,85.9717803032,14.028219696799994,0.028847317161696206,HIGH,35558,Start replacement sourcing + secure backup tool,Q1/2025
T10081,2025-01-01,1051,11425,970895,86.99549922089838,13.004500779101619,0.07326708122331976,HIGH,30422,Start replacement sourcing + secure backup tool,Q2/2025
T10081,2025-02-01,2147,16531,987426,88.47673313148672,11.523266868513275,1.133269349420717,HIGH,13883,Start replacement sourcing + secure backup tool,Q2/2025
T10081,2025-03-01,2631,20258,1007684,90.29191893759034,9.708081062409661,1.7078064407351206,HIGH,7105,Start replacement sourcing + secure backup tool,Q2/2025
T10081,2025-04-01,2434,18741,1026425,91.97117637624112,8.028823623758882,1.166113576969345,HIGH,2448,Start replacement sourcing + secure backup tool,Q3/2025
T10081,2025-05-01,2216,17063,1043488,93.50007929901463,6.499920700985371,0.9218260399783901,HIGH,884,Start replacement sourcing + secure backup tool,Q3/2025
T10081,2025-06-01,1919,14776,1058264,94.82405923143574,5.17594076856426,0.7906960151261104,HIGH,1484,Start replacement sourcing + secure backup tool,Q3/2025
T10082,2024-01-01,3926,4318,4318,0.4397592017932561,99.56024079820675,0.2561091340450771,LOW,904977,Monitor normally,Q4/2024
T10082,2024-02-01,408,579,4897,0.4987264500188919,99.50127354998111,0.13408985641500695,LOW,909005,Monitor normally,Q4/2024
T10082,2024-03-01,1306,1436,6333,0.6449733730793634,99.35502662692063,0.5864815192975291,LOW,901463,Monitor normally,Q4/2024
T10082,2024-04-01,2547,2801,9134,0.9302363476562301,99.06976365234377,1.3268593083846518,LOW,893992,Monitor normally,Q1/2025
T10082,2024-05-01,5423,5965,15099,1.537731400619818,98.46226859938018,3.7157392026578075,LOW,906239,Monitor normally,Q1/2025
T10082,2024-06-01,3512,5205,20304,2.067825575083435,97.93217442491657,1.5305822387767105,LOW,891577,Monitor normally,Q1/2025
T10082,2024-07-01,3666,4032,24336,2.478457604178018,97.52154239582198,0.8657934292462959,LOW,886686,Monitor normally,Q2/2025
T10082,2024-08-01,1721,1893,26229,2.671246897599656,97.32875310240034,0.373569267201684,LOW,894344,Monitor normally,Q2/2025
T10082,2024-09-01,2082,2290,28519,2.9044679657114107,97.0955320342886,0.6172506738544474,LOW,884151,Monitor normally,Q2/2025
T10082,2024-10-01,1528,1680,30199,3.0755646445008207,96.92443535549918,0.613511868533171,LOW,881528,Monitor normally,Q3/2025
T10082,2024-11-01,2104,2314,32513,3.3112299508809953,96.688770049119,1.1840354767184036,LOW,874469,Monitor normally,Q3/2025
T10082,2024-12-01,1379,1516,34029,3.4656243348362,96.5343756651638,0.7237428389560789,LOW,876957,Monitor normally,Q3/2025
T10082,2025-01-01,1209,1329,35358,3.600974028949965,96.39902597105004,0.7235934664246824,LOW,876624,Monitor normally,Q4/2025
T10082,2025-02-01,3261,3587,38945,3.966285806817592,96.0337141931824,2.085869354526071,LOW,874414,Monitor normally,Q4/2025
T10082,2025-03-01,3568,3924,42869,4.365918763704284,95.63408123629571,1.830223880597015,LOW,872109,Monitor normally,Q4/2025
T10082,2025-04-01,3280,3608,46477,4.733369250056778,95.26663074994322,1.2244343891402716,LOW,867146,Monitor normally,Q1/2026
T10082,2025-05-01,5110,5621,52098,5.30583022117301,94.69416977882699,1.5165932188146416,LOW,861742,Monitor normally,Q1/2026
T10082,2025-06-01,55276,60803,112901,11.49820603095424,88.50179396904576,13.868242986390939,LOW,836033,Monitor normally,Q1/2026
T10083,2024-01-01,30637,30637,30637,1.4413769320411736,98.55862306795882,1.3124143248800548,LOW,2038158,Monitor normally,Q4/2024
T10083,2024-02-01,28464,28464,59101,2.7805208754305384,97.21947912456946,0.9290726898847799,LOW,2031085,Monitor normally,Q4/2024
T10083,2024-03-01,21714,21714,80815,3.80209801099675,96.19790198900326,0.7348099016937107,LOW,1986478,Monitor normally,Q4/2024
T10083,2024-04-01,25618,25618,106433,5.0073463788209756,94.99265362117903,0.9509868217533874,LOW,1997366,Monitor normally,Q1/2025
T10083,2024-05-01,26551,26551,132984,6.2564895365265345,93.74351046347347,1.050886590321389,LOW,1973775,Monitor normally,Q1/2025
T10083,2024-06-01,29436,29436,162420,7.641363100242433,92.35863689975757,1.1952411244805976,LOW,1932238,Monitor normally,Q1/2025
T10083,2024-07-01,27781,27781,190201,8.948373987373543,91.05162601262646,1.021297714600821,LOW,1923125,Monitor normally,Q2/2025
T10083,2024-08-01,26118,26118,216319,10.177145822443928,89.82285417755607,0.9353691146977365,LOW,1901493,Monitor normally,Q2/2025
T10083,2024-09-01,25528,25528,241847,11.378159966163844,88.62184003383615,0.9189896202075959,LOW,1867944,Monitor normally,Q2/2025
T10083,2024-10-01,26212,26212,268059,12.611354213076506,87.38864578692349,0.9900411698792602,LOW,1846442,Monitor normally,Q3/2025
T10083,2024-11-01,18830,18830,286889,13.49724798956687,86.50275201043313,0.7255516453029874,LOW,1795730,Monitor normally,Q3/2025
T10083,2024-12-01,22951,22951,309840,14.577022183100082,85.42297781689992,0.975669547966558,LOW,1768209,Monitor normally,Q3/2025
T10083,2025-01-01,24766,24766,334606,15.742186562736851,84.25781343726315,1.092730133984381,LOW,1739472,Monitor normally,Q4/2025
T10083,2025-02-01,34704,34704,369310,17.374903377358287,82.6250966226417,1.5644882564202744,LOW,1459187,Monitor normally,Q4/2025
T10083,2025-03-01,23386,23386,392696,18.475142987395657,81.52485701260434,0.8512151029470644,LOW,1650577,Monitor normally,Q4/2025
T10083,2025-04-01,28316,28316,421012,19.807323984480156,80.19267601551985,1.0252486241189533,LOW,1609520,Monitor normally,Q1/2026
T10083,2025-05-01,31777,31777,452789,21.302334421842577,78.69766557815743,1.1032914380945769,LOW,1377582,Monitor normally,Q1/2026
T10083,2025-06-01,26887,26887,479676,22.567285349537553,77.43271465046244,0.9662430072233736,LOW,1429214,Monitor normally,Q1/2026
T10084,2024-01-01,360,777,777,0.05921922086711572,99.94078077913288,0.02679926419866636,LOW,1227670,Monitor normally,Q4/2024
T10084,2024-02-01,10040,21686,22463,1.7120223402033725,98.28797765979662,27.90990990990991,LOW,1222848,Monitor normally,Q4/2024
T10084,2024-03-01,386,833,23296,1.775509613024875,98.22449038697512,0.07416640698036772,LOW,1220417,Monitor normally,Q4/2024
T10084,2024-04-01,9517,20556,43852,3.3421895411386857,96.65781045886132,2.6471497252747254,LOW,1199526,Monitor normally,Q1/2025
T10084,2024-05-01,418,902,44754,3.410935663689701,96.5890643363103,0.06282066163668021,LOW,1192566,Monitor normally,Q1/2025
T10084,2024-06-01,368,794,45548,3.4714505431858265,96.52854945681418,0.10685927055762416,LOW,1188349,Monitor normally,Q1/2025
T10084,2024-07-01,170,515,46063,3.5107013781234904,96.48929862187651,0.06943196117202949,LOW,1188467,Monitor normally,Q2/2025
T10084,2024-08-01,476,1028,47091,3.589050617571875,96.41094938242813,1.3948439620081412,LOW,1191003,Monitor normally,Q2/2025
T10084,2024-09-01,164,354,47445,3.616030803140677,96.38396919685933,0.4544287548138639,LOW,1189014,Monitor normally,Q2/2025
T10084,2024-10-01,551,1190,48635,3.706726907171394,96.2932730928286,1.8819188191881917,LOW,1189506,Monitor normally,Q3/2025
T10084,2024-11-01,730,1576,50211,3.8268420836019916,96.17315791639801,1.838258164852255,LOW,1186985,Monitor normally,Q3/2025
T10084,2024-12-01,33,109,50320,3.8351495418703516,96.16485045812965,0.10480769230769231,LOW,1184422,Monitor normally,Q3/2025
T10084,2025-01-01,295,637,50957,3.883698632851501,96.1163013671485,0.664695652173913,LOW,1187343,Monitor normally,Q4/2025
T10084,2025-02-01,270,583,51540,3.9281321023052054,96.0718678976948,0.7532299741602068,LOW,1185758,Monitor normally,Q4/2025
T10084,2025-03-01,1172,2531,54071,4.12103280760079,95.87896719239922,5.713318284424379,LOW,1179266,Monitor normally,Q4/2025
T10084,2025-04-01,12016,25954,80025,6.099122458032093,93.9008775419679,20.757664622767262,LOW,1156131,Monitor normally,Q1/2026
T10084,2025-05-01,775,1674,81699,6.226706725382867,93.77329327461713,0.17276730425209852,LOW,1154738,Monitor normally,Q1/2026
T10084,2025-06-01,65,140,81839,6.237376855268835,93.76262314473117,0.013926191186710435,LOW,1150215,Monitor normally,Q1/2026
T10085,2024-01-01,38256,236422,236422,11.376544460393436,88.62345553960657,25.54256698357822,LOW,1625464,Monitor normally,Q4/2024
T10085,2024-02-01,36468,225372,461794,22.22136676173506,77.77863323826494,0.9532615408041553,LOW,1445117,Monitor normally,Q4/2024
T10085,2024-03-01,52747,325976,787770,37.90721857341591,62.09278142658409,1.4117810105804753,LOW,910658,Monitor normally,Q4/2024
T10085,2024-04-01,48636,300570,1088340,52.37054249614922,47.62945750385078,1.144636124757226,LOW,628765,Monitor normally,Q1/2025
T10085,2024-05-01,41632,257285,1345625,64.75100726462392,35.24899273537608,0.906020297728185,LOW,616936,Monitor normally,Q1/2025
T10085,2024-06-01,57914,357908,1703533,81.97341581683351,18.02658418316649,1.2148521606506222,MED,320211,Plan replacement; increase monitoring; prepare PO,Q4/2024
T10085,2024-07-01,46848,289520,1993053,95.90501758051501,4.094982419484992,0.9484550041877648,HIGH,24435,Start replacement sourcing + secure backup tool,Q4/2024
T10085,2024-08-01,46982,457755,2450808,117.93202906619484,0.0,1.5179012570837382,HIGH,0,Start replacement sourcing + secure backup tool,Q4/2024
T10085,2024-09-01,43177,266833,2717641,130.77194027581223,0.0,0.7243135299764836,HIGH,0,Start replacement sourcing + secure backup tool,Q4/2024
T10085,2024-10-01,39693,245302,2962943,142.57578724954323,0.0,0.7256682720183649,HIGH,0,Start replacement sourcing + secure backup tool,Q1/2025
T10085,2024-11-01,31478,194534,3157477,151.93669571008488,0.0,0.6017197826557651,HIGH,0,Start replacement sourcing + secure backup tool,Q1/2025
T10085,2024-12-01,38828,239957,3397434,163.4833431417225,0.0,1.0186820137858035,HIGH,0,Start replacement sourcing + secure backup tool,Q1/2025
T10085,2025-01-01,46489,287302,3684736,177.3082155163744,0.0,1.2678947856185634,HIGH,0,Start replacement sourcing + secure backup tool,Q2/2025
T10085,2025-02-01,46678,422620,4107356,197.64454301487908,0.0,1.7565423881916284,HIGH,0,Start replacement sourcing + secure backup tool,Q2/2025
T10085,2025-03-01,31286,193347,4300703,206.94833344801847,0.0,0.6106472508603727,HIGH,0,Start replacement sourcing + secure backup tool,Q2/2025
T10085,2025-04-01,44315,273866,4574569,220.1266701729853,0.0,0.9095828595911074,HIGH,0,Start replacement sourcing + secure backup tool,Q3/2025
T10085,2025-05-01,30362,187637,4762206,229.15569739090432,0.0,0.6326029715688225,HIGH,0,Start replacement sourcing + secure backup tool,Q3/2025
T10085,2025-06-01,37073,229111,4991317,240.1804390725803,0.0,1.0496037260441322,HIGH,0,Start replacement sourcing + secure backup tool,Q3/2025
T10086,2024-01-01,37915,166826,166826,6.896297992696354,93.10370200730364,0.7246855696525122,LOW,1811951,Monitor normally,Q4/2024
T10086,2024-02-01,50876,223854,390680,16.150034765483866,83.84996523451613,1.341841199812979,LOW,1613112,Monitor normally,Q4/2024
T10086,2024-03-01,38233,168225,558905,23.104164995911646,76.89583500408835,0.8611907443431964,LOW,1240312,Monitor normally,Q4/2024
T10086,2024-04-01,42118,185319,744224,30.764931589299344,69.23506841070065,0.9947254005600237,LOW,1102564,Monitor normally,Q1/2025
T10086,2024-05-01,43501,191404,935628,38.67724154694415,61.32275845305585,0.9944821423004583,LOW,1149448,Monitor normally,Q1/2025
T10086,2024-06-01,46092,202804,1138432,47.06080776630319,52.93919223369681,1.1164588180890653,LOW,930362,Monitor normally,Q1/2025
T10086,2024-07-01,52592,292485,1430917,59.15163124941609,40.84836875058391,1.5140882133187927,MED,729999,Plan replacement; increase monitoring; prepare PO,Q2/2025
T10086,2024-08-01,36698,161471,1592388,65.82656281391249,34.17343718608751,0.7054287723917384,MED,597581,Plan replacement; increase monitoring; prepare PO,Q2/2025
T10086,2024-09-01,34761,152948,1745336,72.14916831537461,27.85083168462539,0.6986479079115658,MED,432997,Plan replacement; increase monitoring; prepare PO,Q2/2025
T10086,2024-10-01,32822,144416,1889752,78.11907570938536,21.880924290614644,0.7138657843744645,MED,280492,Plan replacement; increase monitoring; prepare PO,Q3/2025
T10086,2024-11-01,39533,173945,2063697,85.30966083604167,14.690339163958328,1.1373042597011997,HIGH,66997,Start replacement sourcing + secure backup tool,Q1/2025
T10086,2024-12-01,26690,117436,2181133,90.16426174399541,9.83573825600459,0.7475095956156153,HIGH,49149,Start replacement sourcing + secure backup tool,Q1/2025
T10086,2025-01-01,49519,297119,2478252,102.44664676366828,0.0,2.0453490960240663,HIGH,0,Start replacement sourcing + secure backup tool,Q2/2025
T10086,2025-02-01,45598,200631,2678883,110.74038492542162,0.0,1.0227578589634665,HIGH,0,Start replacement sourcing + secure backup tool,Q2/2025
T10086,2025-03-01,32234,141829,2820712,116.6033502186381,0.0,0.6916396016814427,HIGH,0,Start replacement sourcing + secure backup tool,Q2/2025
T10086,2025-04-01,43147,189846,3010558,124.45125515384862,0.0,0.8904888997293532,HIGH,0,Start replacement sourcing + secure backup tool,Q3/2025
T10086,2025-05-01,50394,221733,3232291,133.61731345899616,0.0,1.2496552734705226,HIGH,0,Start replacement sourcing + secure backup tool,Q3/2025
T10086,2025-06-01,32779,144227,3376518,139.5794079202469,0.0,0.7818481120619868,HIGH,0,Start replacement sourcing + secure backup tool,Q3/2025
T10087,2024-01-01,53269,57530,57530,5.7662335058960315,94.23376649410397,0.310522016674883,LOW,942316,Monitor normally,Q4/2024
T10087,2024-02-01,59296,64039,121569,12.184864263484698,87.8151357365153,1.113140969928733,LOW,916949,Monitor normally,Q4/2024
T10087,2024-03-01,61755,66695,188264,18.869705975213115,81.13029402478688,1.0972369600802836,LOW,796954,Monitor normally,Q4/2024
T10087,2024-04-01,50181,80526,268790,26.940829203020932,73.05917079697906,1.2831874389155655,LOW,753881,Monitor normally,Q1/2025
T10087,2024-05-01,53209,82500,351290,35.20980650593111,64.79019349406889,1.1715421755183186,LOW,685355,Monitor normally,Q1/2025
T10087,2024-06-01,30638,33089,384379,38.52631789957954,61.47368210042046,0.43211983231833395,LOW,653715,Monitor normally,Q1/2025
T10087,2024-07-01,60408,65240,449619,45.06532492069299,54.93467507930701,0.9979858756341943,LOW,704881,Monitor normally,Q2/2025
T10087,2024-08-01,66594,71921,521540,52.273968758300306,47.726031241699694,1.1931880395290577,LOW,427529,Monitor normally,Q2/2025
T10087,2024-09-01,49880,53870,575410,57.673360362030856,42.326639637969144,0.9492511013215859,LOW,376944,Monitor normally,Q2/2025
T10087,2024-10-01,57091,61658,637068,63.85334342315614,36.14665657684386,0.968293104260565,LOW,313212,Monitor normally,Q3/2025
T10087,2024-11-01,43838,60044,697112,69.87155521922813,30.128444780771872,0.9609653825840628,MED,220033,Plan replacement; increase monitoring; prepare PO,Q3/2025
T10087,2024-12-01,61164,93002,790114,79.19314827529179,20.80685172470821,1.5891258287198415,MED,138485,Plan replacement; increase monitoring; prepare PO,Q3/2025
T10087,2025-01-01,67634,73044,863158,86.5143504342466,13.485649565753405,1.0206237424547284,HIGH,83554,Start replacement sourcing + secure backup tool,Q2/2025
T10087,2025-02-01,37583,40589,903747,90.58258703725049,9.41741296274951,0.5385775576098014,HIGH,28921,Start replacement sourcing + secure backup tool,Q2/2025
T10087,2025-03-01,59661,64433,968180,97.0407084258373,2.9592915741627053,0.9354610787136739,HIGH,3189,Start replacement sourcing + secure backup tool,Q2/2025
T10087,2025-04-01,41088,57067,1025247,102.76053542880912,0.0,0.9614468792470208,HIGH,0,Start replacement sourcing + secure backup tool,Q3/2025
T10087,2025-05-01,58825,63531,1088778,109.12824933221744,0.0,1.1758540061324334,HIGH,0,Start replacement sourcing + secure backup tool,Q3/2025
T10087,2025-06-01,54634,59004,1147782,115.04222189925879,0.0,0.956661316211878,HIGH,0,Start replacement sourcing + secure backup tool,Q3/2025
T10088,2024-01-01,31578,221046,221046,29.629877859157343,70.37012214084265,3.692264005968753,LOW,595560,Monitor normally,Q4/2024
T10088,2024-02-01,32007,224049,445095,59.662289685050354,40.337710314949646,1.0135854075622268,LOW,346020,Monitor normally,Q4/2024
T10088,2024-03-01,37871,265097,710192,95.1969373639454,4.803062636054605,1.1911928914052057,HIGH,7011,Start replacement sourcing + secure backup tool,Q2/2024
T10088,2024-04-01,37919,265433,975625,130.77662380834934,0.0,1.1212446774956633,HIGH,0,Start replacement sourcing + secure backup tool,Q3/2024
T10088,2024-05-01,37028,259196,1234821,165.5202781679946,0.0,1.0304924997912743,HIGH,0,Start replacement sourcing + secure backup tool,Q3/2024
T10088,2024-06-01,31172,218204,1453025,194.76920313555595,0.0,0.8289102802744243,HIGH,0,Start replacement sourcing + secure backup tool,Q3/2024
T10088,2024-07-01,41964,293748,1746773,234.14434388169818,0.0,1.1863285556780596,HIGH,0,Start replacement sourcing + secure backup tool,Q4/2024
T10088,2024-08-01,34699,242893,1989666,266.70267980654774,0.0,0.9449275625431175,HIGH,0,Start replacement sourcing + secure backup tool,Q4/2024
T10088,2024-09-01,33200,232400,2222066,297.8544926168595,0.0,0.9236333286966198,HIGH,0,Start replacement sourcing + secure backup tool,Q4/2024
T10088,2024-10-01,29911,209377,2431443,325.9202116821979,0.0,0.8167717976024685,HIGH,0,Start replacement sourcing + secure backup tool,Q1/2025
T10088,2024-11-01,35880,251160,2682603,359.58668890008903,0.0,1.1005009712708311,HIGH,0,Start replacement sourcing + secure backup tool,Q1/2025
T10088,2024-12-01,32043,224301,2906904,389.6528798001137,0.0,0.9710882807527957,HIGH,0,Start replacement sourcing + secure backup tool,Q1/2025
T10088,2025-01-01,47845,334915,3241819,434.546207628709,0.0,1.4671279923135105,HIGH,0,Start replacement sourcing + secure backup tool,Q2/2025
T10088,2025-02-01,42582,298074,3539893,474.50122248077815,0.0,1.1034655517932417,HIGH,0,Start replacement sourcing + secure backup tool,Q2/2025
T10088,2025-03-01,25352,177464,3717357,498.28919713038727,0.0,0.6210173920143709,HIGH,0,Start replacement sourcing + secure backup tool,Q2/2025
T10088,2025-04-01,33407,233849,3951206,529.635239616956,0.0,0.8656232995620967,HIGH,0,Start replacement sourcing + secure backup tool,Q3/2025
T10088,2025-05-01,27907,195349,4146555,555.8205902222984,0.0,0.826131575571585,HIGH,0,Start replacement sourcing + secure backup tool,Q3/2025
T10088,2025-06-01,29407,205849,4352404,583.4134022497935,0.0,1.0179424457111208,HIGH,0,Start replacement sourcing + secure backup tool,Q3/2025
T10089,2024-01-01,6242,34331,34331,1.432620396281388,98.5673796037186,0.16218169678779681,LOW,1928640,Monitor normally,Q4/2024
T10089,2024-02-01,8780,48290,82621,3.4477448883273003,96.5522551116727,1.406600448574175,LOW,2055406,Monitor normally,Q4/2024
T10089,2024-03-01,5615,30882,113503,4.736439743646454,95.26356025635354,0.7475581268684717,LOW,2014713,Monitor normally,Q4/2024
T10089,2024-04-01,11928,65604,179107,7.47407128591566,92.52592871408434,1.7339805996317277,LOW,1990886,Monitor normally,Q1/2025
T10089,2024-05-01,7848,43164,222271,9.27528962459178,90.72471037540822,0.8944300160247556,LOW,1919204,Monitor normally,Q1/2025
T10089,2024-06-01,8220,65279,287550,11.999359032673476,88.00064096732652,1.40234156820623,LOW,1869645,Monitor normally,Q1/2025
T10089,2024-07-01,7489,41189,328739,13.71816132513318,86.28183867486682,0.709963400690618,LOW,1762650,Monitor normally,Q2/2025
T10089,2024-08-01,10545,57997,386736,16.138355468127315,83.86164453187268,1.1627927181351583,LOW,1635416,Monitor normally,Q2/2025
T10089,2024-09-01,6859,37724,424460,17.71256454532632,82.28743545467368,0.6881220928465023,LOW,1519404,Monitor normally,Q2/2025
T10089,2024-10-01,8507,46788,471248,19.665011112604105,80.3349888873959,1.02522825213644,LOW,1598223,Monitor normally,Q3/2025
T10089,2024-11-01,8673,74951,546199,22.79268963410614,77.20731036589386,1.5778161379281308,LOW,1426297,Monitor normally,Q3/2025
T10089,2024-12-01,10673,86405,632604,26.398339494019723,73.60166050598028,1.6255495005110903,LOW,1400635,Monitor normally,Q3/2025
T10089,2025-01-01,7590,41745,674349,28.140343468350988,71.85965653164901,0.6016748020601123,LOW,1261627,Monitor normally,Q4/2025
T10089,2025-02-01,7777,42773,717122,29.92524551635844,70.07475448364156,0.6317989571690933,LOW,1406189,Monitor normally,Q4/2025
T10089,2025-03-01,5980,32890,750012,31.297733496134583,68.70226650386542,0.5772774875236217,LOW,1346352,Monitor normally,Q4/2025
T10089,2025-04-01,6977,38373,788385,32.899025112064955,67.10097488793505,0.9805038838920687,LOW,1353770,Monitor normally,Q1/2026
T10089,2025-05-01,9091,50000,838385,34.985507294759,65.014492705241,1.3153740923918762,LOW,1247844,Monitor normally,Q1/2026
T10089,2025-06-01,7840,43120,881505,36.78488952911436,63.21511047088564,1.0667722223596645,LOW,1146645,Monitor normally,Q1/2026
T10090,2024-01-01,22313,197581,197581,11.645510978246262,88.35448902175374,4.507791289270151,LOW,1332341,Monitor normally,Q4/2024
T10090,2024-02-01,30106,266588,464169,27.35832486555686,72.64167513444315,1.349259291126171,LOW,1043158,Monitor normally,Q4/2024
T10090,2024-03-01,23222,205630,669799,39.47824744139552,60.52175255860448,0.8860134993935399,LOW,838624,Monitor normally,Q4/2024
T10090,2024-04-01,30698,271830,941629,55.50002711260217,44.49997288739783,1.2175145080837684,LOW,640327,Monitor normally,Q1/2025
T10090,2024-05-01,24685,218585,1160214,68.38352308225491,31.61647691774509,0.8813342687568544,MED,311173,Plan replacement; increase monitoring; prepare PO,Q1/2025
T10090,2024-06-01,30030,265915,1426129,84.05667005377725,15.943329946222747,1.146111242807577,HIGH,36072,Start replacement sourcing + secure backup tool,Q3/2024
T10090,2024-07-01,35532,314635,1740764,102.60139523808401,0.0,1.2480068224187855,HIGH,0,Start replacement sourcing + secure backup tool,Q4/2024
T10090,2024-08-01,21846,193446,1934210,114.00318749896854,0.0,0.726207712088696,HIGH,0,Start replacement sourcing + secure backup tool,Q4/2024
T10090,2024-09-01,25105,222304,2156514,127.10588296314809,0.0,0.8616478638132498,HIGH,0,Start replacement sourcing + secure backup tool,Q4/2024
T10090,2024-10-01,29659,262630,2419144,142.5854105908897,0.0,1.0787324493246713,HIGH,0,Start replacement sourcing + secure backup tool,Q1/2025
T10090,2024-11-01,26630,235808,2654952,156.4840377501727,0.0,1.0428137621981781,HIGH,0,Start replacement sourcing + secure backup tool,Q1/2025
T10090,2024-12-01,37396,331141,2986093,176.00163382898313,0.0,1.3783337171969996,HIGH,0,Start replacement sourcing + secure backup tool,Q1/2025
T10090,2025-01-01,25519,225970,3212063,189.3204049443956,0.0,0.8171735301882039,HIGH,0,Start replacement sourcing + secure backup tool,Q2/2025
T10090,2025-02-01,32884,291187,3503250,206.48309470314058,0.0,1.1017026959878626,HIGH,0,Start replacement sourcing + secure backup tool,Q2/2025
T10090,2025-03-01,28250,250153,3753403,221.2272224671525,0.0,0.8846643514425355,HIGH,0,Start replacement sourcing + secure backup tool,Q2/2025
T10090,2025-04-01,27091,315879,4069282,239.845269558206,0.0,1.2350119247761662,HIGH,0,Start replacement sourcing + secure backup tool,Q3/2025
T10090,2025-05-01,28458,251995,4321277,254.69796561178998,0.0,0.8819041575140074,HIGH,0,Start replacement sourcing + secure backup tool,Q3/2025
T10090,2025-06-01,18927,167598,4488875,264.5762653922958,0.0,0.6146423039826313,HIGH,0,Start replacement sourcing + secure backup tool,Q3/2025
T10091,2024-01-01,20168,145411,145411,15.468942649031561,84.53105735096844,0.5931333891704919,LOW,941454,Monitor normally,Q4/2024
T10091,2024-02-01,27985,201771,347182,36.93350879077976,63.06649120922024,1.387591035066123,LOW,784157,Monitor normally,Q4/2024
T10091,2024-03-01,26387,190250,537432,57.17246140769495,42.82753859230505,1.0959669568122772,LOW,462282,Monitor normally,Q4/2024
T10091,2024-04-01,21353,153955,691387,73.55032185519654,26.449678144803457,0.8593924440673425,MED,291337,Plan replacement; increase monitoring; prepare PO,Q1/2025
T10091,2024-05-01,16923,122014,813401,86.53027226045431,13.46972773954569,0.6704360631236538,HIGH,103520,Start replacement sourcing + secure backup tool,Q3/2024
T10091,2024-06-01,27145,195715,1009116,107.35059610497235,0.0,1.2593759585087694,HIGH,0,Start replacement sourcing + secure backup tool,Q3/2024
T10091,2024-07-01,19362,139600,1148716,122.20135975974952,0.0,0.8878825654463581,HIGH,0,Start replacement sourcing + secure backup tool,Q4/2024
T10091,2024-08-01,30767,351817,1500533,159.62794369049988,0.0,2.307859331028647,HIGH,0,Start replacement sourcing + secure backup tool,Q4/2024
T10091,2024-09-01,33525,241715,1742248,185.34178564475826,0.0,1.0553212483191003,HIGH,0,Start replacement sourcing + secure backup tool,Q4/2024
T10091,2024-10-01,20221,229823,1972071,209.79054678682027,0.0,0.9404431944042818,HIGH,0,Start replacement sourcing + secure backup tool,Q1/2025
T10091,2024-11-01,20112,145007,2117078,225.2165115811489,0.0,0.528351683052875,HIGH,0,Start replacement sourcing + secure backup tool,Q1/2025
T10091,2024-12-01,28335,204295,2321373,246.94958293396198,0.0,0.9940636936476657,HIGH,0,Start replacement sourcing + secure backup tool,Q1/2025
T10091,2025-01-01,23896,172290,2493663,265.277935871509,0.0,0.892501618821498,HIGH,0,Start replacement sourcing + secure backup tool,Q2/2025
T10091,2025-02-01,26325,189803,2683466,285.4693362580969,0.0,1.0916751023788709,HIGH,0,Start replacement sourcing + secure backup tool,Q2/2025
T10091,2025-03-01,25396,183105,2866571,304.94819785557524,0.0,0.9698563528888324,HIGH,0,Start replacement sourcing + secure backup tool,Q2/2025
T10091,2025-04-01,27835,200690,3067261,326.2977663217446,0.0,1.104314395870858,HIGH,0,Start replacement sourcing + secure backup tool,Q3/2025
T10091,2025-05-01,15219,109728,3176989,337.9707218683877,0.0,0.5738932144114868,HIGH,0,Start replacement sourcing + secure backup tool,Q3/2025
T10091,2025-06-01,16919,121985,3298974,350.9475872296198,0.0,0.7415155929916134,HIGH,0,Start replacement sourcing + secure backup tool,Q3/2025
T10092,2024-01-01,42574,48236,48236,2.891688762783325,97.10831123721667,0.33466002779814197,LOW,1408031,Monitor normally,Q4/2024
T10092,2024-02-01,57848,65541,113777,6.820790952052376,93.17920904794762,1.3587569450203167,LOW,1405396,Monitor normally,Q4/2024
T10092,2024-03-01,46674,52881,166658,9.990941741187982,90.00905825881202,0.9295551825061305,LOW,1368544,Monitor normally,Q4/2024
T10092,2024-04-01,44727,75498,242156,14.516953811272886,85.48304618872712,1.3590346698028297,LOW,1314280,Monitor normally,Q1/2025
T10092,2024-05-01,48483,54931,297087,17.80999957436375,82.19000042563624,0.8497988861386139,LOW,1198251,Monitor normally,Q1/2025
T10092,2024-06-01,61648,69847,366934,21.997241157706622,78.00275884229337,1.14309639408652,LOW,1147887,Monitor normally,Q1/2025
T10092,2024-07-01,43334,72241,439175,26.328000091122128,73.67199990887786,1.0821216720925122,LOW,1097543,Monitor normally,Q2/2025
T10092,2024-08-01,43954,49799,488974,29.31338877795036,70.68661122204963,0.7582872717859699,LOW,1031718,Monitor normally,Q2/2025
T10092,2024-09-01,42181,47791,536765,32.17840033907023,67.82159966092976,0.7471741181007572,LOW,981322,Monitor normally,Q2/2025
T10092,2024-10-01,49977,56623,593388,35.57287941725002,64.42712058274998,1.0002237518474248,LOW,910514,Monitor normally,Q3/2025
T10092,2024-11-01,52974,60019,653407,39.17094451082105,60.82905548917895,1.167586390252443,LOW,818841,Monitor normally,Q3/2025
T10092,2024-12-01,41969,47550,700957,42.0215084189052,57.9784915810948,0.8675265913776432,LOW,812423,Monitor normally,Q3/2025
T10092,2025-01-01,38579,43710,744667,44.64186905870243,55.35813094129757,0.7986381796920679,LOW,779099,Monitor normally,Q4/2025
T10092,2025-02-01,39936,45247,789914,47.354370954582215,52.645629045417785,0.8972891148143496,LOW,742810,Monitor normally,Q4/2025
T10092,2025-03-01,38210,43291,833205,49.949613060678345,50.050386939321655,0.9514017596167229,LOW,711570,Monitor normally,Q4/2025
T10092,2025-04-01,56011,63460,896665,53.753961864190856,46.246038135809144,1.4395680842054324,LOW,611227,Monitor normally,Q1/2026
T10092,2025-05-01,52510,59493,956158,57.32049390590801,42.67950609409199,1.174219397623653,LOW,558473,Monitor normally,Q1/2026
T10092,2025-06-01,49259,55810,1011968,60.66623463588018,39.33376536411982,1.0071340920574579,LOW,504633,Monitor normally,Q1/2026
T10093,2024-01-01,25798,206384,206384,14.400976886175314,85.59902311382469,3.4635355190951147,LOW,1201749,Monitor normally,Q4/2024
T10093,2024-02-01,19709,157672,364056,25.402948102921936,74.59705189707806,0.7639739514691062,LOW,1164952,Monitor normally,Q4/2024
T10093,2024-03-01,18162,145296,509352,35.541351940689054,64.45864805931095,0.7982068692728591,LOW,878609,Monitor normally,Q4/2024
T10093,2024-04-01,26316,210528,719880,50.231487134757955,49.768512865242045,1.2399754982801678,LOW,654545,Monitor normally,Q1/2025
T10093,2024-05-01,19659,157272,877152,61.205547317924115,38.794452682075885,0.9188309159175534,LOW,464207,Monitor normally,Q1/2025
T10093,2024-06-01,26601,212808,1089960,76.05477540340165,23.94522459659835,1.2442583843959025,MED,240228,Plan replacement; increase monitoring; prepare PO,Q1/2025
T10093,2024-07-01,18266,146128,1236088,86.25123419101614,13.748765808983862,0.7550429894179894,HIGH,107140,Start replacement sourcing + secure backup tool,Q4/2024
T10093,2024-08-01,22947,183576,1419664,99.0607239424335,0.9392760575665022,1.0668722685429128,HIGH,307,Start replacement sourcing + secure backup tool,Q4/2024
T10093,2024-09-01,22814,182512,1602176,111.79597034452682,0.0,1.0092606246497773,HIGH,0,Start replacement sourcing + secure backup tool,Q4/2024
T10093,2024-10-01,25056,200448,1802624,125.78274749236809,0.0,1.1740047167601169,HIGH,0,Start replacement sourcing + secure backup tool,Q1/2025
T10093,2024-11-01,15723,125784,1928408,134.55965111208025,0.0,0.6660688817656777,HIGH,0,Start replacement sourcing + secure backup tool,Q1/2025
T10093,2024-12-01,24935,199480,2127888,148.47888355865678,0.0,1.1763087132231533,HIGH,0,Start replacement sourcing + secure backup tool,Q1/2025
T10093,2025-01-01,21769,174152,2302040,160.63078935891846,0.0,0.9938064948108469,HIGH,0,Start replacement sourcing + secure backup tool,Q2/2025
T10093,2025-02-01,25423,203384,2505424,174.82243349324028,0.0,1.2217309817867268,HIGH,0,Start replacement sourcing + secure backup tool,Q2/2025
T10093,2025-03-01,25697,205576,2711000,189.1670300915831,0.0,1.0688230482343644,HIGH,0,Start replacement sourcing + secure backup tool,Q2/2025
T10093,2025-04-01,24202,193616,2904616,202.67708678587005,0.0,0.9961173839674026,HIGH,0,Start replacement sourcing + secure backup tool,Q3/2025
T10093,2025-05-01,29304,234432,3139048,219.03518534670735,0.0,1.1671490401210802,HIGH,0,Start replacement sourcing + secure backup tool,Q3/2025
T10093,2025-06-01,20491,163928,3302976,230.4736851286524,0.0,0.7761448429983713,HIGH,0,Start replacement sourcing + secure backup tool,Q3/2025
T10094,2024-01-01,15385,54670,54670,2.385076150547298,97.61492384945271,0.2770551508844953,LOW,1953793,Monitor normally,Q4/2024
T10094,2024-02-01,20726,73649,128319,5.5981449892459985,94.401855010754,1.3471556612401683,LOW,1903545,Monitor normally,Q4/2024
T10094,2024-03-01,18544,65896,194215,8.472975390132495,91.52702460986751,1.0270653605467623,LOW,1800884,Monitor normally,Q4/2024
T10094,2024-04-01,14583,51820,246035,10.733715213095014,89.26628478690499,0.8004531060937621,LOW,1794821,Monitor normally,Q1/2025
T10094,2024-05-01,17307,61500,307535,13.416762282029692,86.5832377179703,0.9641261463695032,LOW,1715132,Monitor normally,Q1/2025
T10094,2024-06-01,21916,77878,385413,16.81432878015156,83.18567121984844,1.3036447638603696,LOW,1598071,Monitor normally,Q1/2025
T10094,2024-07-01,17380,61759,447172,19.50867518552289,80.49132481447711,0.9690321028462641,LOW,1582419,Monitor normally,Q2/2025
T10094,2024-08-01,12486,44369,491541,21.44435185871903,78.55564814128097,0.6617728215097172,LOW,1512972,Monitor normally,Q2/2025
T10094,2024-09-01,18056,64161,555702,24.243489793514442,75.75651020648556,1.0460691499190244,LOW,1480026,Monitor normally,Q2/2025
T10094,2024-10-01,23100,82085,637787,27.824594161864084,72.17540583813592,1.4461004527597203,LOW,1282887,Monitor normally,Q3/2025
T10094,2024-11-01,19348,68753,706540,30.824066277806622,69.17593372219338,1.0820711906198357,LOW,1155189,Monitor normally,Q3/2025
T10094,2024-12-01,19519,69360,775900,33.85001985018563,66.14998014981437,0.9678184549695581,LOW,1119497,Monitor normally,Q3/2025
T10094,2025-01-01,17039,60548,836448,36.49153422302883,63.50846577697117,0.8249121245424573,LOW,1130662,Monitor normally,Q4/2025
T10094,2025-02-01,14467,51408,887856,38.73429981196857,61.26570018803143,0.7763174452962585,LOW,1119206,Monitor normally,Q4/2025
T10094,2025-03-01,22212,78930,966786,42.177761684342784,57.822238315657216,1.3059520395331907,LOW,1070846,Monitor normally,Q4/2025
T10094,2025-04-01,20996,74609,1041395,45.43271223338583,54.56728776661417,1.172568967865637,LOW,971089,Monitor normally,Q1/2026
T10094,2025-05-01,16327,84663,1126058,49.12628644472269,50.87371355527731,1.2392911338053252,LOW,910197,Monitor normally,Q1/2026
T10094,2025-06-01,19555,104149,1230207,53.669972122486556,46.330027877513444,1.3116892385454362,LOW,797293,Monitor normally,Q1/2026
T10095,2024-01-01,5004,37830,37830,4.382921090041628,95.61707890995837,0.43083125491133967,LOW,813012,Monitor normally,Q4/2024
T10095,2024-02-01,6946,52511,90341,10.466758503712681,89.53324149628732,1.3880782447792757,LOW,782368,Monitor normally,Q4/2024
T10095,2024-03-01,7436,78984,169325,19.6177138136743,80.3822861863257,1.7485748442014146,LOW,727706,Monitor normally,Q4/2024
T10095,2024-04-01,5281,39924,209249,24.24324227253821,75.75675772746179,0.7073497711501551,LOW,752645,Monitor normally,Q1/2025
T10095,2024-05-01,6376,48202,257451,29.827846089143726,70.17215391085628,0.8435821000005834,LOW,629838,Monitor normally,Q1/2025
T10095,2024-06-01,4936,37316,294767,34.151215991231844,65.84878400876815,0.6699060499072467,LOW,606056,Monitor normally,Q1/2025
T10095,2024-07-01,4769,36053,330820,38.32825680696726,61.67174319303274,0.8622231788396231,LOW,567055,Monitor normally,Q2/2025
T10095,2024-08-01,5832,44089,374909,43.436335261602345,56.563664738397655,1.0879815087479745,LOW,555162,Monitor normally,Q2/2025
T10095,2024-09-01,4593,50242,425151,49.25729009654476,50.74270990345524,1.2832331556811798,LOW,528826,Monitor normally,Q2/2025
T10095,2024-10-01,5959,45050,470201,54.4767084181513,45.5232915818487,1.0365535648545834,LOW,314433,Monitor normally,Q3/2025
T10095,2024-11-01,3999,42388,512589,59.38771183249665,40.61228816750335,0.9123481679712443,LOW,293827,Monitor normally,Q3/2025
T10095,2024-12-01,5609,42404,554993,64.30056898031914,35.69943101968086,0.9239686228936664,LOW,274305,Monitor normally,Q3/2025
T10095,2025-01-01,4551,34405,589398,68.2866752479079,31.713324752092106,0.7949276813357774,MED,238961,Plan replacement; increase monitoring; prepare PO,Q4/2025
T10095,2025-02-01,4731,35766,625164,72.4304647193969,27.569535280603105,0.9001736620888109,MED,246179,Plan replacement; increase monitoring; prepare PO,Q4/2025
T10095,2025-03-01,4130,31222,656386,76.04779388337467,23.952206116625334,0.8320319786808794,MED,151358,Plan replacement; increase monitoring; prepare PO,Q4/2025
T10095,2025-04-01,6691,50583,706969,81.9082564130489,18.091743586951097,1.4966417800045368,HIGH,127661,Start replacement sourcing + secure backup tool,Q3/2025
T10095,2025-05-01,6142,46433,753402,87.28790682208677,12.712093177913232,1.1848074780345492,HIGH,59107,Start replacement sourcing + secure backup tool,Q3/2025
T10095,2025-06-01,5890,44528,797930,92.44684708900121,7.55315291099879,1.0416881111682965,HIGH,15980,Start replacement sourcing + secure backup tool,Q3/2025
T10096,2024-01-01,25321,139265,139265,5.613165758580467,94.38683424141954,2.9516969988130897,LOW,1913122,Monitor normally,Q4/2024
T10096,2024-02-01,32872,180796,320061,12.90026529176048,87.09973470823952,1.2982156320683589,LOW,1804476,Monitor normally,Q4/2024
T10096,2024-03-01,46605,256327,576388,23.23169055582292,76.76830944417708,1.6017384186139516,LOW,1578921,Monitor normally,Q4/2024
T10096,2024-04-01,54688,300784,877172,35.35498391401678,64.64501608598323,1.5655287757552203,LOW,1251467,Monitor normally,Q1/2025
T10096,2024-05-01,44601,245305,1122477,45.24216035036891,54.75783964963109,0.9973004728238112,LOW,1045791,Monitor normally,Q1/2025
T10096,2024-06-01,40851,296206,1418683,57.18093446221386,42.81906553778614,1.1074280672369445,LOW,768611,Monitor normally,Q1/2025
T10096,2024-07-01,43289,238089,1656772,66.77726535866785,33.22273464133215,0.8480009972753014,MED,563432,Plan replacement; increase monitoring; prepare PO,Q2/2025
T10096,2024-08-01,37663,207146,1863918,75.1264186579671,24.873581342032907,0.797124166239097,MED,370477,Plan replacement; increase monitoring; prepare PO,Q2/2025
T10096,2024-09-01,45164,248402,2112320,85.1384216792783,14.861578320721705,1.005077949560383,HIGH,132801,Start replacement sourcing + secure backup tool,Q4/2024
T10096,2024-10-01,32026,270958,2383278,96.05955884664588,3.940441153354115,1.1719011529085097,HIGH,1675,Start replacement sourcing + secure backup tool,Q1/2025
T10096,2024-11-01,32867,180768,2564046,103.34552982174425,0.0,0.7464549501311758,HIGH,0,Start replacement sourcing + secure backup tool,Q1/2025
T10096,2024-12-01,48590,267245,2831291,114.11701212635658,0.0,1.1451263197586727,HIGH,0,Start replacement sourcing + secure backup tool,Q1/2025
T10096,2025-01-01,46748,257114,3088405,124.4801579336424,0.0,1.0728416027906549,HIGH,0,Start replacement sourcing + secure backup tool,Q2/2025
T10096,2025-02-01,45114,248127,3336532,134.48107690236603,0.0,1.0556694042349817,HIGH,0,Start replacement sourcing + secure backup tool,Q2/2025
T10096,2025-03-01,49815,273982,3610514,145.52409834255124,0.0,1.0640270503284202,HIGH,0,Start replacement sourcing + secure backup tool,Q2/2025
T10096,2025-04-01,53415,377543,3988057,160.7412127646368,0.0,1.453536407421239,HIGH,0,Start replacement sourcing + secure backup tool,Q3/2025
T10096,2025-05-01,37776,324343,4312400,173.81406683159736,0.0,1.0815615371276894,HIGH,0,Start replacement sourcing + secure backup tool,Q3/2025
T10096,2025-06-01,42544,233992,4546392,183.24526549731928,0.0,0.7193349920276103,HIGH,0,Start replacement sourcing + secure backup tool,Q3/2025
T10097,2024-01-01,40875,314737,314737,13.3402986909225,86.6597013090775,1.0089039383338427,LOW,1706316,Monitor normally,Q4/2024
T10097,2024-02-01,40374,310879,625616,26.517073956414944,73.48292604358505,0.9877421466176523,LOW,1147017,Monitor normally,Q4/2024
T10097,2024-03-01,40158,309216,934832,39.62336206366732,60.37663793633268,0.9885169177258893,LOW,1080794,Monitor normally,Q4/2024
T10097,2024-04-01,47396,364949,1299781,55.091923646682595,44.908076353317405,1.1711697930751193,LOW,695403,Monitor normally,Q1/2025
T10097,2024-05-01,37569,289281,1589062,67.35325595146008,32.646744048539915,0.8810195280616906,MED,543421,Plan replacement; increase monitoring; prepare PO,Q1/2025
T10097,2024-06-01,38870,299299,1888361,80.03920662740353,19.96079337259647,0.9319640125134153,MED,239577,Plan replacement; increase monitoring; prepare PO,Q4/2024
T10097,2024-07-01,44504,342680,2231041,94.5638845502576,5.4361154497424025,1.0781423533002144,HIGH,1065,Start replacement sourcing + secure backup tool,Q4/2024
T10097,2024-08-01,48143,370701,2601742,110.27624777740807,0.0,1.1941917402229238,HIGH,0,Start replacement sourcing + secure backup tool,Q4/2024
T10097,2024-09-01,46980,361746,2963488,125.6090484657493,0.0,1.0716494845360824,HIGH,0,Start replacement sourcing + secure backup tool,Q4/2024
T10097,2024-10-01,41421,318941,3282429,139.12753598002794,0.0,0.8899627671893645,HIGH,0,Start replacement sourcing + secure backup tool,Q1/2025
T10097,2024-11-01,42726,328990,3611419,153.07195581730983,0.0,0.9387305162318763,HIGH,0,Start replacement sourcing + secure backup tool,Q1/2025
T10097,2024-12-01,56161,432439,4043858,171.40111770677257,0.0,1.2848831854147416,HIGH,0,Start replacement sourcing + secure backup tool,Q1/2025
T10097,2025-01-01,44874,345529,4389387,186.0465520420295,0.0,0.9594740690689302,HIGH,0,Start replacement sourcing + secure backup tool,Q2/2025
T10097,2025-02-01,51354,395425,4784812,202.8068554377473,0.0,1.071653125050815,HIGH,0,Start replacement sourcing + secure backup tool,Q2/2025
T10097,2025-03-01,19127,147277,4932089,209.04927107462186,0.0,0.3765413633795327,HIGH,0,Start replacement sourcing + secure backup tool,Q2/2025
T10097,2025-04-01,22026,169600,5101689,216.23785919098714,0.0,0.5728239613343826,HIGH,0,Start replacement sourcing + secure backup tool,Q3/2025
T10097,2025-05-01,40674,313189,5414878,229.51254506113057,0.0,1.319057085337399,HIGH,0,Start replacement sourcing + secure backup tool,Q3/2025
T10097,2025-06-01,25383,312412,5727290,242.754297364255,0.0,1.4875203550104275,HIGH,0,Start replacement sourcing + secure backup tool,Q3/2025
T10098,2024-01-01,2349,12242,12242,1.755014737421582,98.24498526257842,0.04618454956671332,LOW,625877,Monitor normally,Q4/2024
T10098,2024-02-01,3101,16161,28403,4.071857832624179,95.92814216737582,1.320127430158471,LOW,607719,Monitor normally,Q4/2024
T10098,2024-03-01,3918,20419,48822,6.999128370396707,93.0008716296033,1.4378058655775798,LOW,593832,Monitor normally,Q4/2024
T10098,2024-04-01,4054,21128,69950,10.028041241842809,89.97195875815719,1.2982671746343861,LOW,566312,Monitor normally,Q1/2025
T10098,2024-05-01,2374,12372,82322,11.801692796440081,88.19830720355992,0.6431690580162196,LOW,543924,Monitor normally,Q1/2025
T10098,2024-06-01,3770,19648,101970,14.61843267234755,85.38156732765245,1.0931953485784232,LOW,549649,Monitor normally,Q1/2025
T10098,2024-07-01,3484,18157,120127,17.22142259126306,82.77857740873694,1.024892752314292,LOW,538941,Monitor normally,Q2/2025
T10098,2024-08-01,3596,18741,138868,19.908134827337058,80.09186517266295,1.1204934531757578,LOW,488303,Monitor normally,Q2/2025
T10098,2024-09-01,3233,16849,155717,22.32360969343869,77.6763903065613,0.89390938351077,LOW,469919,Monitor normally,Q2/2025
T10098,2024-10-01,3913,20393,176110,25.247152867776084,74.75284713222392,1.1382774852549908,LOW,473732,Monitor normally,Q3/2025
T10098,2024-11-01,3442,17939,194049,27.81889027788928,72.18110972211072,0.9613096832967151,LOW,417258,Monitor normally,Q3/2025
T10098,2024-12-01,3911,20383,214432,30.740999850905464,69.25900014909453,1.1081531686631267,LOW,407299,Monitor normally,Q3/2025
T10098,2025-01-01,3308,17240,231672,33.21252852866629,66.7874714713337,0.8808651962871498,LOW,392332,Monitor normally,Q4/2025
T10098,2025-02-01,3082,16062,247734,35.51517897078894,64.48482102921106,0.8672473993016809,LOW,371580,Monitor normally,Q4/2025
T10098,2025-03-01,4668,24328,272062,39.002844265021274,60.997155734978726,1.3594858899133837,LOW,361060,Monitor normally,Q4/2025
T10098,2025-04-01,3068,15989,288051,41.295029417499116,58.704970582500884,0.8323269130661114,LOW,400689,Monitor normally,Q1/2026
T10098,2025-05-01,3481,18142,306193,43.895868934432805,56.104131065567195,0.9653594423455542,LOW,326574,Monitor normally,Q1/2026
T10098,2025-06-01,5108,26621,332814,47.7122590116179,52.2877409883821,1.366136950683385,LOW,314967,Monitor normally,Q1/2026
T10099,2024-01-01,20139,110764,110764,16.728260163682137,83.27173983631786,5.469647089807743,LOW,804746,Monitor normally,Q4/2024
T10099,2024-02-01,21497,118233,228997,34.58453462047885,65.41546537952115,1.06743165649489,LOW,900611,Monitor normally,Q4/2024
T10099,2024-03-01,22714,124927,353924,53.45177810634355,46.54822189365645,1.0910797958051852,LOW,539200,Monitor normally,Q4/2024
T10099,2024-04-01,26757,147163,501087,75.67723900038814,24.32276099961186,1.2474118737356041,MED,132118,Plan replacement; increase monitoring; prepare PO,Q1/2025
T10099,2024-05-01,19385,106617,607704,91.77919373181079,8.220806268189207,0.8194520948035344,HIGH,5055,Start replacement sourcing + secure backup tool,Q3/2024
T10099,2024-06-01,24191,133050,740754,111.87322261103066,0.0,1.0539810460329488,HIGH,0,Start replacement sourcing + secure backup tool,Q3/2024
T10099,2024-07-01,21648,119064,859818,129.8549997961147,0.0,0.9233823643460952,HIGH,0,Start replacement sourcing + secure backup tool,Q4/2024
T10099,2024-08-01,32511,178810,1038628,156.85998516923235,0.0,1.495354457797068,HIGH,0,Start replacement sourcing + secure backup tool,Q4/2024
T10099,2024-09-01,25879,142334,1180962,178.35614079865647,0.0,0.9908986271361074,HIGH,0,Start replacement sourcing + secure backup tool,Q4/2024
T10099,2024-10-01,23248,127864,1308826,197.66694807872088,0.0,0.8713880710936648,HIGH,0,Start replacement sourcing + secure backup tool,Q1/2025
T10099,2024-11-01,20418,112299,1421125,214.6270333782888,0.0,0.7503140255852901,HIGH,0,Start replacement sourcing + secure backup tool,Q1/2025
T10099,2024-12-01,13842,76131,1497256,226.1248049874875,0.0,0.5971105655730633,HIGH,0,Start replacement sourcing + secure backup tool,Q1/2025
T10099,2025-01-01,22804,125422,1622678,245.06680641619485,0.0,1.189608402309244,HIGH,0,Start replacement sourcing + secure backup tool,Q2/2025
T10099,2025-02-01,24474,134607,1757285,265.3959830065379,0.0,1.2866605916164306,HIGH,0,Start replacement sourcing + secure backup tool,Q2/2025
T10099,2025-03-01,27253,149891,1907176,288.0334432300264,0.0,1.3376755116611139,HIGH,0,Start replacement sourcing + secure backup tool,Q2/2025
T10099,2025-04-01,25009,137549,2044725,308.80693874530493,0.0,1.0066525175644028,HIGH,0,Start replacement sourcing + secure backup tool,Q3/2025
T10099,2025-05-01,26169,143929,2188654,330.5439810794443,0.0,1.0230779984219767,HIGH,0,Start replacement sourcing + secure backup tool,Q3/2025
T10099,2025-06-01,19633,107981,2296635,346.8519354755889,0.0,0.7509649511207342,HIGH,0,Start replacement sourcing + secure backup tool,Q3/2025
T10100,2024-01-01,26305,93474,93474,6.346061801357145,93.65393819864286,0.7200295794936052,LOW,1496536,Monitor normally,Q4/2024
T10100,2024-02-01,29990,106569,200043,13.581158834851268,86.41884116514873,1.1400924321201618,LOW,1283449,Monitor normally,Q4/2024
T10100,2024-03-01,21060,113900,313943,21.313966237707447,78.68603376229255,1.1387551676389576,LOW,1100090,Monitor normally,Q4/2024
T10100,2024-04-01,35639,126643,440586,29.9119111711571,70.0880888288429,1.210184651353908,LOW,955476,Monitor normally,Q1/2025
T10100,2024-05-01,39688,183118,623704,42.34401148719063,57.65598851280937,1.5826419138491323,LOW,736350,Monitor normally,Q1/2025
T10100,2024-06-01,32243,114575,738279,50.12264544840439,49.87735455159561,0.8113208437878398,LOW,642770,Monitor normally,Q1/2025
T10100,2024-07-01,30238,107450,845729,57.417554626954846,42.582445373045154,0.7596574412729534,LOW,496136,Monitor normally,Q2/2025
T10100,2024-08-01,29820,105965,951694,64.61164537711863,35.388354622881366,0.7846488770631604,LOW,425657,Monitor normally,Q2/2025
T10100,2024-09-01,25375,90170,1041864,70.73339466171514,29.26660533828486,0.8247507545961767,MED,296625,Plan replacement; increase monitoring; prepare PO,Q2/2025
T10100,2024-10-01,22172,78788,1120652,76.08240633560655,23.91759366439345,0.7785760166016108,MED,198517,Plan replacement; increase monitoring; prepare PO,Q3/2025
T10100,2024-11-01,19556,69492,1190144,80.8003014369172,19.199698563082805,0.7583068713785315,MED,149014,Plan replacement; increase monitoring; prepare PO,Q2/2025
T10100,2024-12-01,38980,138515,1328659,90.20425066787966,9.795749332120337,1.7426923883413714,HIGH,38943,Start replacement sourcing + secure backup tool,Q1/2025
T10100,2025-01-01,21596,76741,1405400,95.41428906035188,4.5857109396481235,0.8027441203647205,HIGH,13328,Start replacement sourcing + secure backup tool,Q2/2025
T10100,2025-02-01,24978,141780,1547180,105.03990305136988,0.0,1.493741834885583,HIGH,0,Start replacement sourcing + secure backup tool,Q2/2025
T10100,2025-03-01,26606,94544,1641724,111.45860843412348,0.0,0.7944072866601687,HIGH,0,Start replacement sourcing + secure backup tool,Q2/2025
T10100,2025-04-01,25771,91577,1733301,117.67588063369642,0.0,0.8775525849264529,HIGH,0,Start replacement sourcing + secure backup tool,Q3/2025
T10100,2025-05-01,22750,80842,1814143,123.16434082739003,0.0,0.7396317791040589,HIGH,0,Start replacement sourcing + secure backup tool,Q3/2025
T10100,2025-06-01,29853,106082,1920225,130.36637484766914,0.0,1.1920977813404854,HIGH,0,Start replacement sourcing + secure backup tool,Q3/2025
T10101,2024-01-01,20135,115776,115776,29.03087489311765,70.96912510688234,1.2471337625358616,LOW,898824,Monitor normally,Q4/2024
T10101,2024-02-01,21885,125838,241614,60.58480001404202,39.41519998595798,1.0869092039800996,LOW,288489,Monitor normally,Q4/2024
T10101,2024-03-01,26394,151765,393379,98.63992999049655,1.3600700095034455,1.2562599849346479,HIGH,169,Start replacement sourcing + secure backup tool,Q2/2024
T10101,2024-04-01,27729,223309,616688,154.63474447283497,0.0,1.7030065153452523,HIGH,0,Start replacement sourcing + secure backup tool,Q3/2024
T10101,2024-05-01,26271,224142,840830,210.83843401378624,0.0,1.342403456096081,HIGH,0,Start replacement sourcing + secure backup tool,Q3/2024
T10101,2024-06-01,24990,143692,984522,246.86925624932613,0.0,0.7194000160209341,HIGH,0,Start replacement sourcing + secure backup tool,Q3/2024
T10101,2024-07-01,26575,152806,1137328,285.18541736145414,0.0,0.7754773379706772,HIGH,0,Start replacement sourcing + secure backup tool,Q4/2024
T10101,2024-08-01,22635,130151,1267479,317.8208288302746,0.0,0.7499481407498464,HIGH,0,Start replacement sourcing + secure backup tool,Q4/2024
T10101,2024-09-01,25264,145268,1412747,354.2468336496967,0.0,1.0214579197419893,HIGH,0,Start replacement sourcing + secure backup tool,Q4/2024
T10101,2024-10-01,29670,170602,1583349,397.0253483549522,0.0,1.1951801039173333,HIGH,0,Start replacement sourcing + secure backup tool,Q1/2025
T10101,2024-11-01,20972,120588,1703937,427.26283403083727,0.0,0.8110918544194108,HIGH,0,Start replacement sourcing + secure backup tool,Q1/2025
T10101,2024-12-01,21797,125332,1829269,458.6898794642969,0.0,0.8614712068515183,HIGH,0,Start replacement sourcing + secure backup tool,Q1/2025
T10101,2025-01-01,26452,152099,1981368,496.82876006449305,0.0,1.0954931552234937,HIGH,0,Start replacement sourcing + secure backup tool,Q2/2025
T10101,2025-02-01,28567,164260,2145628,538.017015920141,0.0,1.23808159911964,HIGH,0,Start replacement sourcing + secure backup tool,Q2/2025
T10101,2025-03-01,30276,174087,2319715,581.6693956665321,0.0,1.1824125916081605,HIGH,0,Start replacement sourcing + secure backup tool,Q2/2025
T10101,2025-04-01,27192,156354,2476069,620.8752190931361,0.0,0.9563988696003229,HIGH,0,Start replacement sourcing + secure backup tool,Q3/2025
T10101,2025-05-01,23145,133083,2609152,654.2458306482148,0.0,0.8070511278529859,HIGH,0,Start replacement sourcing + secure backup tool,Q3/2025
T10101,2025-06-01,29332,168659,2777811,696.5371373836205,0.0,1.0915874906153726,HIGH,0,Start replacement sourcing + secure backup tool,Q3/2025
T10102,2024-01-01,56080,266492,266492,27.836278078664655,72.16372192133534,1.7452149767734275,LOW,719969,Monitor normally,Q4/2024
T10102,2024-02-01,50084,339037,605529,63.25020499187867,36.74979500812133,1.2722220554463173,MED,387438,Plan replacement; increase monitoring; prepare PO,Q4/2024
T10102,2024-03-01,57069,271191,876720,91.57731458027585,8.422685419724147,0.895715977269462,HIGH,20951,Start replacement sourcing + secure backup tool,Q2/2024
T10102,2024-04-01,47551,225962,1102682,115.1800533762293,0.0,0.7732069531891596,HIGH,0,Start replacement sourcing + secure backup tool,Q3/2024
T10102,2024-05-01,57787,274603,1377285,143.86356158373852,0.0,0.9851935564883579,HIGH,0,Start replacement sourcing + secure backup tool,Q3/2024
T10102,2024-06-01,53436,253927,1631212,170.38736936664037,0.0,0.9870749304184224,HIGH,0,Start replacement sourcing + secure backup tool,Q3/2024
T10102,2024-07-01,55687,264624,1895836,198.02852651315342,0.0,1.0521940590490024,HIGH,0,Start replacement sourcing + secure backup tool,Q4/2024
T10102,2024-08-01,45658,216966,2112802,220.69159298274937,0.0,0.8206451710512712,HIGH,0,Start replacement sourcing + secure backup tool,Q4/2024
T10102,2024-09-01,58967,280211,2393013,249.96088180455524,0.0,1.1429144397750153,HIGH,0,Start replacement sourcing + secure backup tool,Q4/2024
T10102,2024-10-01,53522,254336,2647349,276.52741146178795,0.0,1.0015844032759211,HIGH,0,Start replacement sourcing + secure backup tool,Q1/2025
T10102,2024-11-01,60231,286217,2933566,306.4240537731563,0.0,1.1425630694345938,HIGH,0,Start replacement sourcing + secure backup tool,Q1/2025
T10102,2024-12-01,67446,320503,3254069,339.90202171608234,0.0,1.171480474289808,HIGH,0,Start replacement sourcing + secure backup tool,Q1/2025
T10102,2025-01-01,50859,241681,3495750,365.1466801761102,0.0,0.8420393098706703,HIGH,0,Start replacement sourcing + secure backup tool,Q2/2025
T10102,2025-02-01,49851,360723,3856473,402.82580651900287,0.0,1.2755395149227784,HIGH,0,Start replacement sourcing + secure backup tool,Q2/2025
T10102,2025-03-01,41490,197160,4053633,423.4200479445973,0.0,0.6408879767950616,HIGH,0,Start replacement sourcing + secure backup tool,Q2/2025
T10102,2025-04-01,60331,286692,4340325,453.3663061246873,0.0,1.0756812462792222,HIGH,0,Start replacement sourcing + secure backup tool,Q3/2025
T10102,2025-05-01,38903,184867,4525192,472.6764888677659,0.0,0.656662818577391,HIGH,0,Start replacement sourcing + secure backup tool,Q3/2025
T10102,2025-06-01,59555,357542,4882734,510.02334557191426,0.0,1.6040010826670095,HIGH,0,Start replacement sourcing + secure backup tool,Q3/2025
T10103,2024-01-01,9799,22204,22204,1.7661287307719535,98.23387126922805,0.08034244320052683,LOW,1062170,Monitor normally,Q4/2024
T10103,2024-02-01,9042,20489,42693,3.395844618215052,96.60415538178495,0.9227616645649432,LOW,1069298,Monitor normally,Q4/2024
T10103,2024-03-01,8475,19204,61897,4.9233502994321565,95.07664970056784,0.8996322582156325,LOW,1059249,Monitor normally,Q4/2024
T10103,2024-04-01,13315,30171,92068,7.32318230880527,92.67681769119473,1.462316428906086,LOW,1033756,Monitor normally,Q1/2025
T10103,2024-05-01,7407,16784,108852,8.658198730048131,91.34180126995187,0.7207145310889729,LOW,1001702,Monitor normally,Q1/2025
T10103,2024-06-01,9901,29480,138332,11.00306789700711,88.99693210299289,1.336779576474856,LOW,993004,Monitor normally,Q1/2025
T10103,2024-07-01,8555,19385,157717,12.544970502214023,87.45502949778597,0.7608425459540786,LOW,951435,Monitor normally,Q2/2025
T10103,2024-08-01,7078,16038,173755,13.820649325134246,86.17935067486576,0.7328976831330256,LOW,948752,Monitor normally,Q2/2025
T10103,2024-09-01,9344,21173,194928,15.50477126787585,84.49522873212415,0.9786758701446775,LOW,942321,Monitor normally,Q2/2025
T10103,2024-10-01,6559,14862,209790,16.68690985537057,83.31309014462943,0.7877941904021486,LOW,923654,Monitor normally,Q3/2025
T10103,2024-11-01,10921,24746,234536,18.655231850131997,81.344768149868,1.42565244944597,LOW,901642,Monitor normally,Q3/2025
T10103,2024-12-01,7517,17033,251569,20.01005398448791,79.98994601551209,0.8407067998223129,LOW,881548,Monitor normally,Q3/2025
T10103,2025-01-01,5287,11980,263549,20.96295536237694,79.03704463762307,0.6345226955738776,LOW,861421,Monitor normally,Q4/2025
T10103,2025-02-01,7956,18028,281577,22.396920808168545,77.60307919183145,1.0060454993582468,LOW,828438,Monitor normally,Q4/2025
T10103,2025-03-01,9158,20752,302329,24.047555982955952,75.95244401704404,1.3234412533747155,LOW,796833,Monitor normally,Q4/2025
T10103,2025-04-01,6615,14989,317318,25.239796279548493,74.7602037204515,0.8858747044917258,LOW,805756,Monitor normally,Q1/2026
T10103,2025-05-01,6689,15157,332475,26.445399466916108,73.55460053308389,0.8456731573955253,LOW,786881,Monitor normally,Q1/2026
T10103,2025-06-01,12021,27239,359714,28.612017215857616,71.38798278414238,1.6055051279028645,LOW,741074,Monitor normally,Q1/2026
T10104,2024-01-01,16220,130570,130570,5.367461680220634,94.63253831977937,6.825999825738434,LOW,1642929,Monitor normally,Q4/2024
T10104,2024-02-01,20998,169033,299603,12.316057454079365,87.68394254592063,1.2945776211993567,LOW,1614609,Monitor normally,Q4/2024
T10104,2024-03-01,15880,127833,427436,17.571006745399302,82.4289932546007,0.8533492655280488,LOW,1263173,Monitor normally,Q4/2024
T10104,2024-04-01,16483,182782,610218,25.084795370918854,74.91520462908115,1.2828727575590264,LOW,1329360,Monitor normally,Q1/2025
T10104,2024-05-01,12315,134946,745164,30.632145328022737,69.36785467197726,0.844031456401361,LOW,1078790,Monitor normally,Q1/2025
T10104,2024-06-01,16248,130796,875960,36.00889739914274,63.99110260085726,0.8806605605068666,LOW,860351,Monitor normally,Q1/2025
T10104,2024-07-01,18158,146171,1022131,42.01768380688977,57.98231619311023,0.9776801241405142,LOW,813787,Monitor normally,Q2/2025
T10104,2024-08-01,17009,136922,1159053,47.64626302247658,52.35373697752342,0.997215431413915,LOW,805038,Monitor normally,Q2/2025
T10104,2024-09-01,19207,154616,1313669,54.00220585121973,45.99779414878027,1.1207062763204627,LOW,717093,Monitor normally,Q2/2025
T10104,2024-10-01,13608,109544,1423213,58.50533231440491,41.49466768559509,0.7508001891667752,LOW,600097,Monitor normally,Q3/2025
T10104,2024-11-01,21257,171118,1594331,65.53963811049893,34.46036188950107,1.2799228088021901,MED,442784,Plan replacement; increase monitoring; prepare PO,Q3/2025
T10104,2024-12-01,17140,137977,1732308,71.21158618625753,28.788413813742466,0.9509577787069414,MED,337774,Plan replacement; increase monitoring; prepare PO,Q3/2025
T10104,2025-01-01,18272,147089,1879397,77.2581096685427,22.7418903314573,1.054051342564835,MED,197980,Plan replacement; increase monitoring; prepare PO,Q4/2025
T10104,2025-02-01,13497,108650,1988047,81.72448564737375,18.275514352626246,0.7145143187836487,MED,141525,Plan replacement; increase monitoring; prepare PO,Q3/2025
T10104,2025-03-01,17691,200508,2188555,89.96695333962833,10.033046660371667,1.5278119253472047,HIGH,48188,Start replacement sourcing + secure backup tool,Q2/2025
T10104,2025-04-01,20730,166876,2355431,96.82687932069977,3.173120679300226,1.0972740642678198,HIGH,4311,Start replacement sourcing + secure backup tool,Q3/2025
T10104,2025-05-01,19515,157095,2512526,103.28472869386557,0.0,0.9900238218278526,HIGH,0,Start replacement sourcing + secure backup tool,Q3/2025
T10104,2025-06-01,15983,128663,2641189,108.5737975623823,0.0,0.7359474831213452,HIGH,0,Start replacement sourcing + secure backup tool,Q3/2025
T10105,2024-01-01,10136,33448,33448,1.3469575463530101,98.65304245364699,0.22168904677951723,LOW,2013950,Monitor normally,Q4/2024
T10105,2024-02-01,7906,26089,59537,2.3975667136217163,97.60243328637829,0.779986845252332,LOW,2034803,Monitor normally,Q4/2024
T10105,2024-03-01,9204,30373,89910,3.6206934044666093,96.3793065955334,1.0203067000352721,LOW,2064635,Monitor normally,Q4/2024
T10105,2024-04-01,11060,36498,126408,5.090475051404907,94.90952494859509,1.2178178178178178,LOW,2036660,Monitor normally,Q1/2025
T10105,2024-05-01,11141,52748,179156,7.214647398182848,92.78535260181715,1.7022805507745267,LOW,1958006,Monitor normally,Q1/2025
T10105,2024-06-01,11430,37719,216875,8.733598955552173,91.26640104444783,0.9459784816793319,LOW,1927059,Monitor normally,Q1/2025
T10105,2024-07-01,14408,47546,264421,10.648285737987601,89.3517142620124,1.1234434686724688,LOW,1892299,Monitor normally,Q2/2025
T10105,2024-08-01,7890,26037,290458,11.696800855016821,88.30319914498318,0.565968423264475,LOW,1677896,Monitor normally,Q2/2025
T10105,2024-09-01,12054,39778,330236,13.298668747830444,86.70133125216955,1.0721640222098436,LOW,1837317,Monitor normally,Q2/2025
T10105,2024-10-01,12717,41966,372202,14.988647831490168,85.01135216850983,1.1105935903882287,LOW,1806058,Monitor normally,Q3/2025
T10105,2024-11-01,8167,26951,399153,16.07396990849806,83.92603009150194,0.7501600467614886,LOW,1733410,Monitor normally,Q3/2025
T10105,2024-12-01,11618,38339,437492,17.617888987953574,82.38211101204642,1.058162748976494,LOW,1695961,Monitor normally,Q3/2025
T10105,2025-01-01,9972,32907,470399,18.943060357776538,81.05693964222345,0.9204240322219736,LOW,1567606,Monitor normally,Q4/2025
T10105,2025-02-01,11382,56809,527208,21.23076997421902,78.76923002578098,1.7355621862175017,LOW,1467620,Monitor normally,Q4/2025
T10105,2025-03-01,11346,37441,564649,22.738526416846472,77.26147358315353,0.8771465385966968,LOW,1534267,Monitor normally,Q4/2025
T10105,2025-04-01,11617,38336,602985,24.28232468571125,75.71767531428875,0.9044566952664816,LOW,1430137,Monitor normally,Q1/2026
T10105,2025-05-01,8605,28396,631381,25.425837197258726,74.57416280274127,0.6425112757003002,LOW,1448225,Monitor normally,Q1/2026
T10105,2025-06-01,11901,39273,670654,27.007368640631178,72.99263135936883,1.1309936355869563,LOW,1368862,Monitor normally,Q1/2026
T10106,2024-01-01,7180,24404,24404,3.852936672208302,96.1470633277917,0.6906466676100184,LOW,1102570,Monitor normally,Q4/2024
T10106,2024-02-01,11296,38395,62799,9.914791430831388,90.08520856916861,1.5733076544828717,LOW,1160909,Monitor normally,Q4/2024
T10106,2024-03-01,11495,39071,101870,16.08337398778314,83.91662601221685,1.2443191770569595,LOW,839193,Monitor normally,Q4/2024
T10106,2024-04-01,10795,36692,138562,21.87635679292439,78.12364320707562,1.0805536468047512,LOW,726850,Monitor normally,Q1/2025
T10106,2024-05-01,18713,63605,202167,31.91840059868611,68.0815994013139,1.6714991503004608,LOW,555426,Monitor normally,Q1/2025
T10106,2024-06-01,11802,40114,242281,38.25165341252662,61.74834658747338,0.8634837265369382,LOW,419665,Monitor normally,Q1/2025
T10106,2024-07-01,12652,43004,285285,45.04118335235804,54.95881664764196,0.9188169018096873,LOW,351930,Monitor normally,Q2/2025
T10106,2024-08-01,15928,54139,339424,53.58872221880146,46.41127778119854,1.106963461761278,LOW,285201,Monitor normally,Q2/2025
T10106,2024-09-01,15883,53986,393410,62.11210523739831,37.88789476260169,1.1799616777286404,LOW,231827,Monitor normally,Q2/2025
T10106,2024-10-01,11746,39924,433334,68.41536059312868,31.584639406871318,0.792515003738528,MED,207818,Plan replacement; increase monitoring; prepare PO,Q3/2025
T10106,2024-11-01,14209,48296,481630,76.04039868200641,23.959601317993588,0.9786489608170268,MED,119264,Plan replacement; increase monitoring; prepare PO,Q3/2025
T10106,2024-12-01,19391,65910,547540,86.44635901905154,13.553640980948458,1.3904476604362686,HIGH,41861,Start replacement sourcing + secure backup tool,Q1/2025
T10106,2025-01-01,12800,43507,591047,93.31530328219556,6.684696717804442,0.8468241095179394,HIGH,2784,Start replacement sourcing + secure backup tool,Q2/2025
T10106,2025-02-01,15130,51426,642473,101.43451002309804,0.0,0.978219931140743,HIGH,0,Start replacement sourcing + secure backup tool,Q2/2025
T10106,2025-03-01,10280,34941,677414,106.95104256955068,0.0,0.6517100526600473,HIGH,0,Start replacement sourcing + secure backup tool,Q2/2025
T10106,2025-04-01,15771,53605,731019,115.41427279056879,0.0,1.2382386004897052,HIGH,0,Start replacement sourcing + secure backup tool,Q3/2025
T10106,2025-05-01,15752,67589,798608,126.08531592849236,0.0,1.448625439373589,HIGH,0,Start replacement sourcing + secure backup tool,Q3/2025
T10106,2025-06-01,15358,52201,850809,134.32688072221248,0.0,1.0029974060908828,HIGH,0,Start replacement sourcing + secure backup tool,Q3/2025
T10107,2024-01-01,48868,268774,268774,11.883773586907838,88.11622641309216,4.6502032930592,LOW,1408850,Monitor normally,Q4/2024
T10107,2024-02-01,44348,243914,512688,22.668368639543278,77.33163136045673,0.9075059343537694,LOW,1451607,Monitor normally,Q4/2024
T10107,2024-03-01,33466,184063,696751,30.806667052808763,69.19333294719124,0.7180312392722279,LOW,1282556,Monitor normally,Q4/2024
T10107,2024-04-01,36837,202603,899354,39.76470681866516,60.23529318133484,0.8723475100860996,LOW,1093115,Monitor normally,Q1/2025
T10107,2024-05-01,57369,315529,1214883,53.71574075834475,46.28425924165525,1.5011370484316027,LOW,789637,Monitor normally,Q1/2025
T10107,2024-06-01,61582,338701,1553584,68.69131874453119,31.308681255468812,1.4470382158802042,MED,479229,Plan replacement; increase monitoring; prepare PO,Q1/2025
T10107,2024-07-01,41813,229971,1783555,78.85942762245384,21.140572377546164,0.8051895760317355,MED,273072,Plan replacement; increase monitoring; prepare PO,Q2/2025
T10107,2024-08-01,28630,157465,1941020,85.82170227648453,14.17829772351547,0.5342620060370888,HIGH,115057,Start replacement sourcing + secure backup tool,Q4/2024
T10107,2024-09-01,43061,236835,2177855,96.29330115679035,3.706698843209651,0.9784723819334369,HIGH,2733,Start replacement sourcing + secure backup tool,Q4/2024
T10107,2024-10-01,35843,197136,2374991,105.00961891754348,0.0,0.9473577981357455,HIGH,0,Start replacement sourcing + secure backup tool,Q1/2025
T10107,2024-11-01,62661,344635,2719626,120.24756719425173,0.0,1.7481265935790178,HIGH,0,Start replacement sourcing + secure backup tool,Q1/2025
T10107,2024-12-01,37036,203698,2923324,129.25402210471907,0.0,0.7848565256368433,HIGH,0,Start replacement sourcing + secure backup tool,Q1/2025
T10107,2025-01-01,40295,221622,3144946,139.0529820855122,0.0,0.8918761209386307,HIGH,0,Start replacement sourcing + secure backup tool,Q2/2025
T10107,2025-02-01,58733,323031,3467977,153.33571503420674,0.0,1.2586358943055114,HIGH,0,Start replacement sourcing + secure backup tool,Q2/2025
T10107,2025-03-01,23663,130146,3598123,159.09008709862408,0.0,0.5217311128066909,HIGH,0,Start replacement sourcing + secure backup tool,Q2/2025
T10107,2025-04-01,56373,310051,3908174,172.7989126710171,0.0,1.378414905771941,HIGH,0,Start replacement sourcing + secure backup tool,Q3/2025
T10107,2025-05-01,35667,196168,4104342,181.4724305596393,0.0,0.7710723401133082,HIGH,0,Start replacement sourcing + secure backup tool,Q3/2025
T10107,2025-06-01,39220,215710,4320052,191.0099929742772,0.0,1.0169163923220166,HIGH,0,Start replacement sourcing + secure backup tool,Q3/2025
T10108,2024-01-01,1621,9726,9726,1.9450327271854622,98.05496727281454,0.040416716879360715,LOW,822739,Monitor normally,Q4/2024
T10108,2024-02-01,3832,22992,32718,6.543037298792304,93.4569627012077,2.363972856261567,LOW,880510,Monitor normally,Q4/2024
T10108,2024-03-01,3934,23604,56322,11.263431344904339,88.73656865509567,1.4428754813863929,LOW,752961,Monitor normally,Q4/2024
T10108,2024-04-01,45260,271560,327882,65.57076091456135,34.42923908543865,14.464685202940236,MED,261980,Plan replacement; increase monitoring; prepare PO,Q1/2025
T10108,2024-05-01,1701,10206,338088,67.61178538645677,32.38821461354323,0.09623580884848942,MED,279301,Plan replacement; increase monitoring; prepare PO,Q1/2025
T10108,2024-06-01,3822,22932,361020,72.19779098997486,27.802209010025138,0.22528735632183908,MED,182120,Plan replacement; increase monitoring; prepare PO,Q1/2025
T10108,2024-07-01,1440,8640,369660,73.92564239475405,26.07435760524595,0.0850678376622098,MED,187300,Plan replacement; increase monitoring; prepare PO,Q2/2025
T10108,2024-08-01,41827,250962,620622,124.11372621954513,0.0,18.021111589831968,HIGH,0,Start replacement sourcing + secure backup tool,Q4/2024
T10108,2024-09-01,4693,28158,648780,129.74484194359286,0.0,0.2989870245704942,HIGH,0,Start replacement sourcing + secure backup tool,Q4/2024
T10108,2024-10-01,41250,247500,896280,179.24058530966335,0.0,2.580275229357798,HIGH,0,Start replacement sourcing + secure backup tool,Q1/2025
T10108,2024-11-01,53571,321426,1217706,243.5202572578758,0.0,1.831069841631537,HIGH,0,Start replacement sourcing + secure backup tool,Q1/2025
T10108,2024-12-01,747,4482,1222188,244.41658017410504,0.0,0.022519444500271317,HIGH,0,Start replacement sourcing + secure backup tool,Q1/2025
T10108,2025-01-01,3513,21078,1243266,248.63181766368095,0.0,0.11027749874434957,HIGH,0,Start replacement sourcing + secure backup tool,Q2/2025
T10108,2025-02-01,579,3474,1246740,249.32655791601923,0.0,0.030035793951340976,HIGH,0,Start replacement sourcing + secure backup tool,Q2/2025
T10108,2025-03-01,3969,23814,1270554,254.08894835044185,0.0,2.4606323620582766,HIGH,0,Start replacement sourcing + secure backup tool,Q2/2025
T10108,2025-04-01,77,462,1271016,254.1813404047252,0.0,0.028656494231484926,HIGH,0,Start replacement sourcing + secure backup tool,Q3/2025
T10108,2025-05-01,876,5256,1276272,255.23245000929919,0.0,0.5682162162162162,HIGH,0,Start replacement sourcing + secure backup tool,Q3/2025
T10108,2025-06-01,1611,9666,1285938,257.1654837683959,0.0,0.9819179195449005,HIGH,0,Start replacement sourcing + secure backup tool,Q3/2025
T10109,2024-01-01,3602,19811,19811,1.0175470495450032,98.982452950455,3.863299531981279,LOW,1721786,Monitor normally,Q4/2024
T10109,2024-02-01,3859,21224,41035,2.1076696369733585,97.89233036302664,1.0713240119125738,LOW,1728900,Monitor normally,Q4/2024
T10109,2024-03-01,4602,25311,66346,3.407711703049457,96.59228829695054,1.233629828195443,LOW,1714173,Monitor normally,Q4/2024
T10109,2024-04-01,4081,22445,88791,4.560548184147715,95.43945181585228,1.0149067012329305,LOW,1708934,Monitor normally,Q1/2025
T10109,2024-05-01,5959,32774,121565,6.24391030629137,93.75608969370863,1.4253696723688025,LOW,1674670,Monitor normally,Q1/2025
T10109,2024-06-01,4335,23842,145407,7.468500521588525,92.53149947841148,0.8881907363715386,LOW,1650271,Monitor normally,Q1/2025
T10109,2024-07-01,2340,12870,158277,8.129538860271287,91.87046113972872,0.48835709135983607,LOW,1612461,Monitor normally,Q2/2025
T10109,2024-08-01,4252,23386,181663,9.330707670561504,90.66929232943849,1.009671012865901,LOW,1618267,Monitor normally,Q2/2025
T10109,2024-09-01,2942,16181,197844,10.161808009195983,89.83819199080402,0.8077307065126959,LOW,1605045,Monitor normally,Q2/2025
T10109,2024-10-01,3875,21312,219156,11.256450516888835,88.74354948311117,1.2192917214943646,LOW,1582018,Monitor normally,Q3/2025
T10109,2024-11-01,4846,26653,245809,12.625421366998522,87.37457863300148,1.3134085645296407,LOW,1559530,Monitor normally,Q3/2025
T10109,2024-12-01,3035,16692,262501,13.482768060805256,86.51723193919474,0.7806566270694977,LOW,1520774,Monitor normally,Q3/2025
T10109,2025-01-01,3901,21455,283956,14.584755438927916,85.41524456107209,0.9954838609895295,LOW,1515611,Monitor normally,Q4/2025
T10109,2025-02-01,4905,26977,310933,15.970367813647796,84.0296321863522,1.248935185185185,LOW,1482911,Monitor normally,Q4/2025
T10109,2025-03-01,3080,16940,327873,16.84045246456357,83.15954753543643,0.7803574718997605,LOW,1465780,Monitor normally,Q4/2025
T10109,2025-04-01,2710,14905,342778,17.606013959362834,82.39398604063717,0.684008443982133,LOW,1418191,Monitor normally,Q1/2026
T10109,2025-05-01,3585,19717,362495,18.61873291226167,81.38126708773834,1.005593145421781,LOW,1423373,Monitor normally,Q1/2026
T10109,2025-06-01,4214,23177,385672,19.809166911923704,80.19083308807629,1.3484930762964975,LOW,1397785,Monitor normally,Q1/2026
T10110,2024-01-01,41989,209945,209945,9.717817843162395,90.2821821568376,10.896987837159813,LOW,1802110,Monitor normally,Q4/2024
T10110,2024-02-01,42428,212140,422085,19.537236630218388,80.46276336978161,1.0104551191978852,LOW,1592364,Monitor normally,Q4/2024
T10110,2024-03-01,29129,145645,567730,26.278771697818886,73.72122830218112,0.6901216579598896,LOW,1487516,Monitor normally,Q4/2024
T10110,2024-04-01,24261,121305,689035,31.8936703306266,68.1063296693734,0.6410001232980466,LOW,1346259,Monitor normally,Q1/2025
T10110,2024-05-01,29300,233943,922978,42.72229430206169,57.27770569793831,1.4649209960550211,LOW,1099858,Monitor normally,Q1/2025
T10110,2024-06-01,29692,148460,1071438,49.594128530054206,50.405871469945794,0.889171938917094,LOW,964912,Monitor normally,Q1/2025
T10110,2024-07-01,40563,284892,1356330,62.781051585969905,37.218948414030095,1.69676876285467,MED,715450,Plan replacement; increase monitoring; prepare PO,Q2/2025
T10110,2024-08-01,22824,114120,1470450,68.0633749195177,31.9366250804823,0.5130564443012461,MED,582462,Plan replacement; increase monitoring; prepare PO,Q2/2025
T10110,2024-09-01,24317,121585,1592035,73.69123403719567,26.30876596280433,0.6662532513078295,MED,463692,Plan replacement; increase monitoring; prepare PO,Q2/2025
T10110,2024-10-01,30800,243316,1835351,84.9537102396625,15.046289760337501,1.4021363934098736,HIGH,259117,Start replacement sourcing + secure backup tool,Q1/2025
T10110,2024-11-01,34556,172780,2008131,92.9512551535285,7.048744846471493,1.082081996405168,HIGH,67686,Start replacement sourcing + secure backup tool,Q1/2025
T10110,2024-12-01,30854,154270,2162401,100.09201944257879,0.0,0.8607520072310534,HIGH,0,Start replacement sourcing + secure backup tool,Q1/2025
T10110,2025-01-01,34438,172190,2334591,108.06225476332534,0.0,0.9056816149630238,HIGH,0,Start replacement sourcing + secure backup tool,Q2/2025
T10110,2025-02-01,28855,144275,2478866,114.74037602995352,0.0,0.8669677910423844,HIGH,0,Start replacement sourcing + secure backup tool,Q2/2025
T10110,2025-03-01,36897,184485,2663351,123.27971549884211,0.0,1.1757251957045898,HIGH,0,Start replacement sourcing + secure backup tool,Q2/2025
T10110,2025-04-01,35396,176980,2840331,131.47166768576193,0.0,1.0598662541171773,HIGH,0,Start replacement sourcing + secure backup tool,Q3/2025
T10110,2025-05-01,34232,244677,3085008,142.7971411021874,0.0,1.4513999288171788,HIGH,0,Start replacement sourcing + secure backup tool,Q3/2025
T10110,2025-06-01,30207,151035,3236043,149.7881655035403,0.0,0.7475228576802135,HIGH,0,Start replacement sourcing + secure backup tool,Q3/2025
T10111,2024-01-01,10729,25492,25492,1.128092884898858,98.87190711510114,0.13353774803908558,LOW,1815519,Monitor normally,Q4/2024
T10111,2024-02-01,14373,34150,59642,2.6393266844946526,97.36067331550535,1.3396359642240703,LOW,1823141,Monitor normally,Q4/2024
T10111,2024-03-01,13214,31396,91038,4.028688218084977,95.97131178191502,1.0528151302773214,LOW,1805796,Monitor normally,Q4/2024
T10111,2024-04-01,8794,20894,111932,4.953306637082181,95.04669336291782,0.6885256705990905,LOW,1785456,Monitor normally,Q1/2025
T10111,2024-05-01,12787,30381,142313,6.297751558473685,93.70224844152631,1.0544076816288757,LOW,1756928,Monitor normally,Q1/2025
T10111,2024-06-01,17843,42394,184707,8.173805605327686,91.82619439467231,1.5384112929564175,LOW,1713041,Monitor normally,Q1/2025
T10111,2024-07-01,17745,42162,226869,10.039592997964812,89.96040700203518,1.3503507030073985,LOW,1665355,Monitor normally,Q2/2025
T10111,2024-08-01,11672,27732,254601,11.266812199440379,88.73318780055962,0.7238400167048035,LOW,1621062,Monitor normally,Q2/2025
T10111,2024-09-01,9666,22966,277567,12.283122461271038,87.71687753872897,0.6135829296095754,LOW,1567039,Monitor normally,Q2/2025
T10111,2024-10-01,17373,41278,318845,14.109790361116287,85.89020963888372,1.3335558905879819,LOW,1554254,Monitor normally,Q3/2025
T10111,2024-11-01,9974,23698,342543,15.158493687113978,84.84150631288603,0.7729625119596416,LOW,1532069,Monitor normally,Q3/2025
T10111,2024-12-01,15441,36687,379230,16.781996890796876,83.21800310920312,1.2515180459848536,LOW,1488199,Monitor normally,Q3/2025
T10111,2025-01-01,9707,23063,402293,17.802599676157865,82.19740032384213,0.6805720862063879,LOW,1461476,Monitor normally,Q4/2025
T10111,2025-02-01,11909,28295,430588,19.054733215237306,80.9452667847627,1.017220304860512,LOW,1460605,Monitor normally,Q4/2025
T10111,2025-03-01,11413,27117,457705,20.25473693247418,79.74526306752583,0.9239706968027713,LOW,1403968,Monitor normally,Q4/2025
T10111,2025-04-01,13090,31101,488806,21.63104388419391,78.36895611580609,1.1889518955081237,LOW,1368720,Monitor normally,Q1/2026
T10111,2025-05-01,9205,21871,510677,22.598897308233724,77.40110269176628,0.7584178100401096,LOW,1378604,Monitor normally,Q1/2026
T10111,2025-06-01,12589,29911,540588,23.92254340427208,76.07745659572792,1.1204160371586611,LOW,1321794,Monitor normally,Q1/2026
T10112,2024-01-01,10901,82411,82411,10.411752592167717,89.58824740783228,2.9829156763148053,LOW,1415671,Monitor normally,Q4/2024
T10112,2024-02-01,5694,43046,125457,15.850156471291276,84.14984352870873,0.5223331836769364,LOW,815911,Monitor normally,Q4/2024
T10112,2024-03-01,13908,105144,230601,29.133981622677407,70.86601837732259,1.6761759009062867,LOW,715196,Monitor normally,Q4/2024
T10112,2024-04-01,13426,101500,332101,41.9574261641224,58.0425738358776,1.3204626172479739,LOW,760887,Monitor normally,Q1/2025
T10112,2024-05-01,11362,110809,442910,55.95696376208278,44.04303623791722,1.3313588850174216,MED,348699,Plan replacement; increase monitoring; prepare PO,Q1/2025
T10112,2024-06-01,11379,86025,528935,66.82530678353899,33.17469321646101,0.8129549886124875,MED,240123,Plan replacement; increase monitoring; prepare PO,Q1/2025
T10112,2024-07-01,12520,94651,623586,78.7834530819854,21.2165469180146,0.9517956384455006,MED,145506,Plan replacement; increase monitoring; prepare PO,Q2/2025
T10112,2024-08-01,11304,85458,709044,89.58016168910665,10.419838310893354,0.8795444019417809,HIGH,26999,Start replacement sourcing + secure backup tool,Q4/2024
T10112,2024-09-01,11038,83447,792491,100.12280185314566,0.0,0.9406577137832821,HIGH,0,Start replacement sourcing + secure backup tool,Q4/2024
T10112,2024-10-01,10956,82827,875318,110.58711161703003,0.0,0.9428015298456495,HIGH,0,Start replacement sourcing + secure backup tool,Q1/2025
T10112,2024-11-01,12553,94900,970218,122.57671641489338,0.0,1.130964676719686,HIGH,0,Start replacement sourcing + secure backup tool,Q1/2025
T10112,2024-12-01,11628,123049,1093267,138.12264771913246,0.0,1.4134140458085414,HIGH,0,Start replacement sourcing + secure backup tool,Q1/2025
T10112,2025-01-01,14240,107654,1200921,151.7235846517898,0.0,1.0737625342447534,HIGH,0,Start replacement sourcing + secure backup tool,Q2/2025
T10112,2025-02-01,13518,102196,1303117,164.6349613843761,0.0,0.9416006609275713,HIGH,0,Start replacement sourcing + secure backup tool,Q2/2025
T10112,2025-03-01,12465,94235,1397352,176.54055051110586,0.0,0.8492215356609663,HIGH,0,Start replacement sourcing + secure backup tool,Q2/2025
T10112,2025-04-01,12301,92995,1490347,188.28947883752633,0.0,0.9174572899024943,HIGH,0,Start replacement sourcing + secure backup tool,Q3/2025
T10112,2025-05-01,13851,104713,1595060,201.51885172686949,0.0,1.0853862472618216,HIGH,0,Start replacement sourcing + secure backup tool,Q3/2025
T10112,2025-06-01,11296,85397,1680457,212.30785363333035,0.0,0.8775377385311517,HIGH,0,Start replacement sourcing + secure backup tool,Q3/2025
T10113,2024-01-01,132,290,290,0.012800242939783242,99.98719975706021,0.003073064763956836,LOW,2017296,Monitor normally,Q4/2024
T10113,2024-02-01,19024,41852,42142,1.8600959929942946,98.13990400700571,144.31724137931033,LOW,2019365,Monitor normally,Q4/2024
T10113,2024-03-01,1085,2387,44529,1.9654552340193379,98.03454476598066,0.11328366000664421,LOW,2027325,Monitor normally,Q4/2024
T10113,2024-04-01,13600,29920,74449,3.2860871952549062,96.71391280474509,2.015765007074042,LOW,2026297,Monitor normally,Q1/2025
T10113,2024-05-01,12672,27878,102327,4.516587790686896,95.4834122093131,1.127766016262355,LOW,1995679,Monitor normally,Q1/2025
T10113,2024-06-01,1263,2778,105105,4.639205290296268,95.36079470970373,0.13847304145551217,LOW,1988949,Monitor normally,Q1/2025
T10113,2024-07-01,638,1403,106508,4.701131982863564,95.29886801713644,0.06948296354992076,LOW,1991409,Monitor normally,Q2/2025
T10113,2024-08-01,618,1359,107867,4.761116569605514,95.23888343039448,0.1271717770360897,LOW,1988268,Monitor normally,Q2/2025
T10113,2024-09-01,1577,3469,111336,4.914233958426577,95.08576604157342,1.8785198555956677,LOW,1984839,Monitor normally,Q2/2025
T10113,2024-10-01,1179,2593,113929,5.028685785815742,94.97131421418426,1.248435243139143,LOW,1980518,Monitor normally,Q3/2025
T10113,2024-11-01,105,231,114160,5.03888184139881,94.9611181586012,0.09338364101873063,LOW,1984631,Monitor normally,Q3/2025
T10113,2024-12-01,630,1386,115546,5.100058174897223,94.89994182510277,0.660734149054505,LOW,1979417,Monitor normally,Q3/2025
T10113,2025-01-01,929,2043,117589,5.190233679469558,94.80976632053044,1.4558194774346793,LOW,1975859,Monitor normally,Q4/2025
T10113,2025-02-01,207,455,118044,5.21031681925439,94.78968318074561,0.3729508196721312,LOW,1979771,Monitor normally,Q4/2025
T10113,2025-03-01,1509,3319,121363,5.356813392761771,94.64318660723823,2.5635942327497423,LOW,1965663,Monitor normally,Q4/2025
T10113,2025-04-01,1161,2554,123917,5.469543808169379,94.53045619183062,1.3171738009283136,LOW,1969193,Monitor normally,Q1/2026
T10113,2025-05-01,481,1058,124975,5.5162426255152095,94.4837573744848,0.5015802781289507,LOW,1968599,Monitor normally,Q1/2026
T10113,2025-06-01,60,132,125107,5.5220689429912495,94.47793105700875,0.05713461261001298,LOW,1969467,Monitor normally,Q1/2026
T10114,2024-01-01,412,2147,2147,0.3867374454433611,99.61326255455664,1.720352564102564,LOW,476628,Monitor normally,Q4/2024
T10114,2024-02-01,1195,9085,11232,2.0232114518955897,97.97678854810441,4.231485794131346,LOW,482099,Monitor normally,Q4/2024
T10114,2024-03-01,490,3198,14430,2.599264712504751,97.40073528749525,0.5694444444444444,LOW,466214,Monitor normally,Q4/2024
T10114,2024-04-01,397,2069,16499,2.9719520784210594,97.02804792157895,0.43014553014553014,LOW,460690,Monitor normally,Q1/2025
T10114,2024-05-01,884,4607,21106,3.8018074166406977,96.1981925833593,0.9630016722408027,LOW,456947,Monitor normally,Q1/2025
T10114,2024-06-01,1029,5362,26468,4.767660319513219,95.23233968048677,1.6291270002025522,LOW,452541,Monitor normally,Q1/2025
T10114,2024-07-01,1148,5983,32451,5.845373470928044,94.15462652907196,1.4910284100348896,LOW,437683,Monitor normally,Q2/2025
T10114,2024-08-01,512,2668,35119,6.325958242443129,93.67404175755686,0.5017552657973922,LOW,438823,Monitor normally,Q2/2025
T10114,2024-09-01,573,2986,38105,6.8638241074146595,93.13617589258534,0.639263540997645,LOW,433900,Monitor normally,Q2/2025
T10114,2024-10-01,599,3121,41226,7.426007417721474,92.57399258227852,0.8045888115493683,LOW,429817,Monitor normally,Q3/2025
T10114,2024-11-01,674,5195,46421,8.361778740068125,91.63822125993187,1.776068376068376,LOW,433571,Monitor normally,Q3/2025
T10114,2024-12-01,1005,5237,51658,9.305115489852419,90.69488451014757,1.3901079454963723,LOW,436599,Monitor normally,Q3/2025
T10114,2025-01-01,922,4805,56463,10.170636414563807,89.8293635854362,1.0636021545045378,LOW,437834,Monitor normally,Q4/2025
T10114,2025-02-01,586,3054,59517,10.720751066815334,89.27924893318466,0.6012994683992912,LOW,445567,Monitor normally,Q4/2025
T10114,2025-03-01,385,2006,61523,11.082090291575177,88.91790970842482,0.45952962736713504,LOW,461563,Monitor normally,Q4/2025
T10114,2025-04-01,11457,59711,121234,21.837786427983435,78.16221357201657,18.15843892549417,LOW,476153,Monitor normally,Q1/2026
T10114,2025-05-01,357,1860,123094,22.17282678593623,77.82717321406378,0.08614966574547252,LOW,455150,Monitor normally,Q1/2026
T10114,2025-06-01,180,938,124032,22.341787998710274,77.65821200128973,0.044261289460024854,LOW,400688,Monitor normally,Q1/2026
T10115,2024-01-01,23193,102049,102049,7.079420709711076,92.92057929028893,4.897646738869603,LOW,1296957,Monitor normally,Q4/2024
T10115,2024-02-01,20366,130026,232075,16.0996831052357,83.9003168947643,1.2741526129604406,LOW,1181435,Monitor normally,Q4/2024
T10115,2024-03-01,24375,107250,339325,23.539911535857392,76.46008846414261,0.9242701712808359,LOW,1019403,Monitor normally,Q4/2024
T10115,2024-04-01,34337,151082,490407,34.02088675035797,65.97911324964204,1.3357282840934208,LOW,824084,Monitor normally,Q1/2025
T10115,2024-05-01,24913,109617,600024,41.62532050214778,58.37467949785222,0.8467728230138171,LOW,721330,Monitor normally,Q1/2025
T10115,2024-06-01,23449,151941,751965,52.165886916852585,47.834113083147415,1.2388211409733414,LOW,575072,Monitor normally,Q1/2025
T10115,2024-07-01,24573,108121,860086,59.666539020789635,40.333460979210365,0.7860677588212486,LOW,466801,Monitor normally,Q2/2025
T10115,2024-08-01,17844,78513,938599,65.11320246856026,34.88679753143974,0.6371446579329635,MED,394879,Plan replacement; increase monitoring; prepare PO,Q2/2025
T10115,2024-09-01,24732,108820,1047419,72.66234613121996,27.337653868780038,0.9642176770287234,MED,268836,Plan replacement; increase monitoring; prepare PO,Q2/2025
T10115,2024-10-01,33451,147184,1194603,82.87290633012555,17.127093669874455,1.4944864513596023,HIGH,116262,Start replacement sourcing + secure backup tool,Q1/2025
T10115,2024-11-01,19041,83780,1278383,88.68495610091794,11.315043899082056,0.7513519492282903,HIGH,25138,Start replacement sourcing + secure backup tool,Q1/2025
T10115,2024-12-01,17498,76991,1355374,94.02603420909504,5.9739657909049555,0.6797642031408189,HIGH,2492,Start replacement sourcing + secure backup tool,Q1/2025
T10115,2025-01-01,32175,141570,1496944,103.84713573751567,0.0,1.3791300677046971,HIGH,0,Start replacement sourcing + secure backup tool,Q2/2025
T10115,2025-02-01,27362,164174,1661118,115.23633911624655,0.0,1.6290281503335637,HIGH,0,Start replacement sourcing + secure backup tool,Q2/2025
T10115,2025-03-01,20396,89742,1750860,121.46198927774631,0.0,0.7034266529060578,HIGH,0,Start replacement sourcing + secure backup tool,Q2/2025
T10115,2025-04-01,30214,132941,1883801,130.6844732665135,0.0,1.0084377196664358,HIGH,0,Start replacement sourcing + secure backup tool,Q3/2025
T10115,2025-05-01,33278,146423,2030224,140.8422407956223,0.0,1.1354815862191974,HIGH,0,Start replacement sourcing + secure backup tool,Q3/2025
T10115,2025-06-01,20719,91163,2121387,147.1664696480304,0.0,0.7409497542711309,HIGH,0,Start replacement sourcing + secure backup tool,Q3/2025
T10116,2024-01-01,59153,65068,65068,4.881323991990992,95.118676008009,0.5268280044369237,LOW,1172236,Monitor normally,Q4/2024
T10116,2024-02-01,63227,102811,167879,12.594082966303802,87.4059170336962,1.5800547119936066,LOW,1102427,Monitor normally,Q4/2024
T10116,2024-03-01,42778,47055,214934,16.124093116348924,83.87590688365108,0.5605823241739586,LOW,994903,Monitor normally,Q4/2024
T10116,2024-04-01,45865,50451,265385,19.90886714843747,80.09113285156253,0.7041836098523268,LOW,1045972,Monitor normally,Q1/2025
T10116,2024-05-01,49371,54308,319693,23.982988734425156,76.01701126557484,0.8133308705701464,LOW,1014296,Monitor normally,Q1/2025
T10116,2024-06-01,44542,48996,368689,27.658610396556938,72.34138960344306,0.9682111004255207,LOW,872388,Monitor normally,Q1/2025
T10116,2024-07-01,29018,31919,400608,30.05313582380782,69.94686417619218,0.6227895027803975,LOW,857091,Monitor normally,Q2/2025
T10116,2024-08-01,78645,86509,487117,36.54293814173904,63.45706185826096,1.919251902413051,LOW,756495,Monitor normally,Q2/2025
T10116,2024-09-01,48886,53774,540891,40.576999682670426,59.423000317329574,0.9635536123853211,LOW,673437,Monitor normally,Q2/2025
T10116,2024-10-01,55125,60637,601528,45.12591532326731,54.87408467673269,1.0563814589842162,LOW,617679,Monitor normally,Q3/2025
T10116,2024-11-01,58820,64702,666230,49.97978243044444,50.02021756955556,0.9660860043798527,LOW,579205,Monitor normally,Q3/2025
T10116,2024-12-01,37523,41275,707505,53.07618385310116,46.92381614689884,0.6913233545303802,LOW,479502,Monitor normally,Q3/2025
T10116,2025-01-01,63052,69357,776862,58.27926352532897,41.72073647467103,1.2488206273182325,LOW,425061,Monitor normally,Q4/2025
T10116,2025-02-01,54492,59941,836803,62.77596607349293,37.22403392650707,1.0256025642488051,LOW,370076,Monitor normally,Q4/2025
T10116,2025-03-01,55707,61277,898080,67.37289375310858,32.627106246891415,1.0777262521032052,MED,285108,Plan replacement; increase monitoring; prepare PO,Q4/2025
T10116,2025-04-01,56024,61626,959706,71.99600299775169,28.003997002248312,0.9701062573789847,MED,234452,Plan replacement; increase monitoring; prepare PO,Q1/2026
T10116,2025-05-01,55162,60678,1020384,76.5479944095982,23.452005590401797,0.9955699940933255,MED,166355,Plan replacement; increase monitoring; prepare PO,Q1/2026
T10116,2025-06-01,45719,50290,1070674,80.32069041312108,19.679309586878915,0.8218170725728697,MED,133680,Plan replacement; increase monitoring; prepare PO,Q4/2025
T10117,2024-01-01,38365,45577,45577,4.580405067921688,95.41959493207831,0.7922117802472856,LOW,961874,Monitor normally,Q4/2024
T10117,2024-02-01,27916,33164,78741,7.913326358760376,92.08667364123963,0.7276477170502665,LOW,904458,Monitor normally,Q4/2024
T10117,2024-03-01,28099,33381,112122,11.268055752364472,88.73194424763552,0.8478683278088924,LOW,883380,Monitor normally,Q4/2024
T10117,2024-04-01,37256,44260,156382,15.716104731152322,84.28389526884767,1.1842457323272864,LOW,836864,Monitor normally,Q1/2025
T10117,2024-05-01,32810,38978,195360,19.633322379032865,80.36667762096714,1.0553133883850008,LOW,788296,Monitor normally,Q1/2025
T10117,2024-06-01,28584,33957,229317,23.045938718226246,76.95406128177376,0.8735369022200499,LOW,766011,Monitor normally,Q1/2025
T10117,2024-07-01,25850,30709,260026,26.13213700312449,73.86786299687552,0.7861000895942659,LOW,712013,Monitor normally,Q2/2025
T10117,2024-08-01,38421,45644,305670,30.71927544839771,69.28072455160229,1.3211763343753617,LOW,699320,Monitor normally,Q2/2025
T10117,2024-09-01,23776,28245,333915,33.55784624383067,66.44215375616933,0.7681533859124287,LOW,628165,Monitor normally,Q2/2025
T10117,2024-10-01,24040,28559,362474,36.42797346446334,63.57202653553666,0.819107439912809,LOW,602933,Monitor normally,Q3/2025
T10117,2024-11-01,22153,26317,388791,39.07278378924328,60.92721621075672,0.7706446197095111,LOW,572097,Monitor normally,Q3/2025
T10117,2024-12-01,27983,48125,436916,43.90925819286202,56.09074180713798,1.7369256866495832,LOW,489986,Monitor normally,Q3/2025
T10117,2025-01-01,27302,32434,469350,47.16881582001984,52.83118417998016,0.9446704400928146,LOW,475981,Monitor normally,Q4/2025
T10117,2025-02-01,32087,38119,507469,50.999705540363585,49.000294459636415,1.0699970058759682,LOW,388523,Monitor normally,Q4/2025
T10117,2025-03-01,27433,32590,540059,54.274940881951835,45.725059118048165,0.8238258143885134,LOW,357353,Monitor normally,Q4/2025
T10117,2025-04-01,40817,48490,588549,59.148097117411005,40.851902882588995,1.410372007795003,MED,296026,Plan replacement; increase monitoring; prepare PO,Q1/2026
T10117,2025-05-01,35909,42659,631208,63.43524852694809,36.56475147305191,1.0736415573956157,LOW,258748,Monitor normally,Q1/2026
T10117,2025-06-01,27903,33148,664356,66.76656184707596,33.23343815292404,0.8036593151714495,MED,208709,Plan replacement; increase monitoring; prepare PO,Q1/2026
T10118,2024-01-01,36952,48146,48146,13.809224697476846,86.19077530252315,1.1620393090742334,LOW,1180698,Monitor normally,Q4/2024
T10118,2024-02-01,38254,63311,111457,31.96807122308555,68.03192877691446,1.3149794375441366,LOW,414944,Monitor normally,Q4/2024
T10118,2024-03-01,37506,48868,160325,45.98437979526805,54.01562020473195,0.8768942282674036,LOW,299674,Monitor normally,Q4/2024
T10118,2024-04-01,29994,39080,199405,57.19329644831077,42.80670355168923,0.7312646187431779,LOW,393125,Monitor normally,Q1/2025
T10118,2024-05-01,38423,50063,249468,71.55235464691052,28.447645353089484,0.9929260407645165,HIGH,117460,Start replacement sourcing + secure backup tool,Q3/2024
T10118,2024-06-01,19762,25748,275216,78.93739011217521,21.06260988782479,0.5596945171037091,HIGH,63704,Start replacement sourcing + secure backup tool,Q3/2024
T10118,2024-07-01,35063,45685,320901,92.04075135307227,7.959248646927733,1.19291328302478,HIGH,3343,Start replacement sourcing + secure backup tool,Q4/2024
T10118,2024-08-01,29119,47442,368343,105.64805493172256,0.0,1.171445973529993,HIGH,0,Start replacement sourcing + secure backup tool,Q4/2024
T10118,2024-09-01,33196,43252,411595,118.05358366962952,0.0,1.0915331230283911,HIGH,0,Start replacement sourcing + secure backup tool,Q4/2024
T10118,2024-10-01,57474,74885,486480,139.53208222549196,0.0,1.647284405956929,HIGH,0,Start replacement sourcing + secure backup tool,Q1/2025
T10118,2024-11-01,36229,59450,545930,156.58351761503624,0.0,1.0771293461127316,HIGH,0,Start replacement sourcing + secure backup tool,Q1/2025
T10118,2024-12-01,19074,24852,570782,163.71156256543077,0.0,0.4198280279524965,HIGH,0,Start replacement sourcing + secure backup tool,Q1/2025
T10118,2025-01-01,44733,58284,629066,180.42856610191853,0.0,1.09840627689447,HIGH,0,Start replacement sourcing + secure backup tool,Q2/2025
T10118,2025-02-01,49064,63927,692993,198.7640936065005,0.0,1.3450198476708795,HIGH,0,Start replacement sourcing + secure backup tool,Q2/2025
T10118,2025-03-01,33857,58675,751668,215.59324367347287,0.0,1.1969360070174007,HIGH,0,Start replacement sourcing + secure backup tool,Q2/2025
T10118,2025-04-01,51386,66953,818621,234.7966878052838,0.0,1.110417611092069,HIGH,0,Start replacement sourcing + secure backup tool,Q3/2025
T10118,2025-05-01,28086,36594,855215,245.29257050747023,0.0,0.5791564453588668,HIGH,0,Start replacement sourcing + secure backup tool,Q3/2025
T10118,2025-06-01,34716,45233,900448,258.26628921184795,0.0,0.8365018308244258,HIGH,0,Start replacement sourcing + secure backup tool,Q3/2025
T10119,2024-01-01,26183,66242,66242,3.314707017068925,96.68529298293107,1.3357037236187659,LOW,1493729,Monitor normally,Q4/2024
T10119,2024-02-01,30500,77165,143407,7.175993919217465,92.82400608078254,1.1648953835934905,LOW,1450147,Monitor normally,Q4/2024
T10119,2024-03-01,24585,62200,205607,10.288441859522514,89.71155814047748,0.8674611420641949,LOW,1418163,Monitor normally,Q4/2024
T10119,2024-04-01,28997,73362,278969,13.959429090980056,86.04057090901995,1.0704207541572028,LOW,1335351,Monitor normally,Q1/2025
T10119,2024-05-01,25513,64547,343516,17.18931939970787,82.81068060029213,0.9102793721530412,LOW,1259902,Monitor normally,Q1/2025
T10119,2024-06-01,24449,61855,405371,20.284503762208978,79.71549623779103,0.9273196108121075,LOW,1169693,Monitor normally,Q1/2025
T10119,2024-07-01,24477,83331,488702,24.454333333166538,75.54566666683345,1.2514417012074248,LOW,1105503,Monitor normally,Q2/2025
T10119,2024-08-01,31719,80249,568951,28.469941609075537,71.53005839092447,1.1478737251648525,LOW,1006584,Monitor normally,Q2/2025
T10119,2024-09-01,23789,60186,629137,31.481610286490323,68.51838971350968,0.8009315323707499,LOW,986722,Monitor normally,Q2/2025
T10119,2024-10-01,25084,63462,692599,34.65720789400864,65.34279210599135,0.850826309627021,LOW,912414,Monitor normally,Q3/2025
T10119,2024-11-01,23774,60148,752747,37.66697507589719,62.33302492410281,0.8849762380025208,LOW,843910,Monitor normally,Q3/2025
T10119,2024-12-01,18804,47574,800321,40.04754739602698,59.95245260397302,0.7765239722300812,LOW,822200,Monitor normally,Q3/2025
T10119,2025-01-01,22142,56019,856340,42.850702077183705,57.149297922816295,0.9817331058977474,LOW,745547,Monitor normally,Q4/2025
T10119,2025-02-01,28996,73359,929699,46.521539190573385,53.478460809426615,1.3440555511447956,LOW,671942,Monitor normally,Q4/2025
T10119,2025-03-01,25751,65150,994849,49.78160323094114,50.21839676905886,1.1045368235453683,LOW,635502,Monitor normally,Q4/2025
T10119,2025-04-01,22786,57648,1052497,52.666272022946046,47.333727977053954,0.8890442506991282,LOW,578878,Monitor normally,Q1/2026
T10119,2025-05-01,18026,45605,1098102,54.94831685120347,45.05168314879653,0.6974770209577023,LOW,536390,Monitor normally,Q1/2026
T10119,2025-06-01,23593,59690,1157792,57.935166008065345,42.064833991934655,1.063342101981556,LOW,443301,Monitor normally,Q1/2026
T10120,2024-01-01,2928,9662,9662,0.9305739084874658,99.06942609151254,0.17789042794105914,LOW,945522,Monitor normally,Q4/2024
T10120,2024-02-01,2253,7434,17096,1.6465629827677206,98.35343701723228,0.7694059200993583,LOW,946361,Monitor normally,Q4/2024
T10120,2024-03-01,1925,8541,25637,2.4691702848161,97.5308297151839,0.9991810949929808,LOW,939327,Monitor normally,Q4/2024
T10120,2024-04-01,3008,9926,35563,3.4251707625274013,96.5748292374726,1.161524359324414,LOW,929297,Monitor normally,Q1/2025
T10120,2024-05-01,2386,7873,43436,4.183441139418502,95.8165588605815,0.9118952936180071,LOW,919737,Monitor normally,Q1/2025
T10120,2024-06-01,2153,7104,50540,4.8676470021689635,95.13235299783103,0.8091116173120729,LOW,912749,Monitor normally,Q1/2025
T10120,2024-07-01,2256,7444,57984,5.584599204071333,94.41540079592866,0.8967594265751114,LOW,903954,Monitor normally,Q2/2025
T10120,2024-08-01,1486,4903,62887,6.056820677194294,93.9431793228057,0.6560367512599795,LOW,898425,Monitor normally,Q2/2025
T10120,2024-09-01,2395,7903,70790,6.81798043695174,93.18201956304826,1.2189090535190992,LOW,892336,Monitor normally,Q2/2025
T10120,2024-10-01,2657,8768,79558,7.662450736022129,92.33754926397788,1.2989629629629629,LOW,881561,Monitor normally,Q3/2025
T10120,2024-11-01,3057,10088,89646,8.634053881211692,91.36594611878832,1.4027996662649487,LOW,871563,Monitor normally,Q3/2025
T10120,2024-12-01,2635,8695,98341,9.471493348640642,90.52850665135935,0.9748122127134796,LOW,866413,Monitor normally,Q3/2025
T10120,2025-01-01,2195,7243,105584,10.1690866853385,89.8309133146615,0.7886828064317085,LOW,863356,Monitor normally,Q4/2025
T10120,2025-02-01,2257,7448,113032,10.886424138289716,89.11357586171029,0.85852608929532,LOW,848889,Monitor normally,Q4/2025
T10120,2025-03-01,2245,7408,120440,11.599909080752473,88.40009091924753,0.9503121525699136,LOW,838386,Monitor normally,Q4/2025
T10120,2025-04-01,2464,12588,133028,12.812294131470772,87.18770586852924,1.7088556043259877,LOW,837088,Monitor normally,Q1/2026
T10120,2025-05-01,2795,9223,142251,13.700586737347392,86.2994132626526,1.0081985133362483,LOW,831159,Monitor normally,Q1/2026
T10120,2025-06-01,1846,6091,148342,14.287227771977609,85.71277222802239,0.6253807454053869,LOW,830126,Monitor normally,Q1/2026
T10121,2024-01-01,3805,18903,18903,1.076692787986699,98.9233072120133,2.032434950899577,LOW,1365974,Monitor normally,Q4/2024
T10121,2024-02-01,6281,31204,50107,2.8540361597444597,97.14596384025555,1.6507432682642966,LOW,1372056,Monitor normally,Q4/2024
T10121,2024-03-01,7392,36723,86830,4.94573532142438,95.05426467857562,1.4657832239008521,LOW,1351520,Monitor normally,Q4/2024
T10121,2024-04-01,4471,22211,109041,6.21084792333797,93.78915207666203,0.7673960612691466,LOW,1349054,Monitor normally,Q1/2025
T10121,2024-05-01,4584,22773,131814,7.507971388439863,92.49202861156013,0.7579378286627172,LOW,1322771,Monitor normally,Q1/2025
T10121,2024-06-01,4480,22256,154070,8.77564713776177,91.22435286223823,0.8171637680982046,LOW,1317481,Monitor normally,Q1/2025
T10121,2024-07-01,5445,27050,181120,10.316383524316294,89.6836164756837,1.2068709101725164,LOW,1288895,Monitor normally,Q2/2025
T10121,2024-08-01,6848,34020,215140,12.254122965003354,87.74587703499665,1.4159463921530544,LOW,1259040,Monitor normally,Q2/2025
T10121,2024-09-01,5810,28864,244004,13.898182671528673,86.10181732847133,1.0391954491995297,LOW,1257092,Monitor normally,Q2/2025
T10121,2024-10-01,4813,23910,267914,15.260068327814022,84.73993167218597,0.7975848955900994,LOW,1235751,Monitor normally,Q3/2025
T10121,2024-11-01,4946,24571,292485,16.659603771585974,83.34039622841402,0.8492868170610872,LOW,1197830,Monitor normally,Q3/2025
T10121,2024-12-01,4102,20378,312863,17.820310835734148,82.17968916426585,0.7904066196909949,LOW,1179182,Monitor normally,Q3/2025
T10121,2025-01-01,4231,21019,333882,19.017528510743006,80.982471489257,0.9157408617609899,LOW,1172805,Monitor normally,Q4/2025
T10121,2025-02-01,5326,26459,360341,20.524602228001644,79.47539777199836,1.203265219500364,LOW,1083723,Monitor normally,Q4/2025
T10121,2025-03-01,7256,36047,396388,22.577797219725525,77.42220278027447,1.5936836830936099,LOW,1074233,Monitor normally,Q4/2025
T10121,2025-04-01,5829,28958,425346,24.22721105639266,75.77278894360734,1.0400957797066746,LOW,1076292,Monitor normally,Q1/2026
T10121,2025-05-01,5112,25396,450742,25.673737535983744,74.32626246401625,0.832983468905799,LOW,1075624,Monitor normally,Q1/2026
T10121,2025-06-01,5775,28690,479432,27.30788640586357,72.69211359413643,0.9520912379287839,LOW,1048411,Monitor normally,Q1/2026
T10122,2024-01-01,15181,34400,34400,2.860747303704086,97.13925269629591,1.242714705457348,LOW,1098261,Monitor normally,Q4/2024
T10122,2024-02-01,15999,36253,70653,5.87559242001758,94.12440757998242,1.0538662790697675,LOW,1089479,Monitor normally,Q4/2024
T10122,2024-03-01,14869,33693,104346,8.67754471372984,91.32245528627016,0.9537599252685661,LOW,1019503,Monitor normally,Q4/2024
T10122,2024-04-01,11460,25968,130314,10.837076282991111,89.1629237170089,0.7465930653786441,LOW,977312,Monitor normally,Q1/2025
T10122,2024-05-01,21225,48095,178409,14.836717026352972,85.16328297364703,1.5043163667452093,LOW,954233,Monitor normally,Q1/2025
T10122,2024-06-01,17697,40101,218510,18.171566666638945,81.82843333336106,1.1164389917962805,LOW,885789,Monitor normally,Q1/2025
T10122,2024-07-01,13539,30679,249189,20.722870926241786,79.27712907375822,0.806182334185908,LOW,847993,Monitor normally,Q2/2025
T10122,2024-08-01,16578,51154,300343,24.976901960360355,75.02309803963965,1.2909526813880126,LOW,831274,Monitor normally,Q2/2025
T10122,2024-09-01,19309,43754,344097,28.615539679147233,71.38446032085277,1.0765004018567423,LOW,756687,Monitor normally,Q2/2025
T10122,2024-10-01,17040,38612,382709,31.826562205037412,68.17343779496258,0.9223566133437378,LOW,694364,Monitor normally,Q3/2025
T10122,2024-11-01,13146,29788,412497,34.30376978302396,65.69623021697603,0.6692929898142601,LOW,659640,Monitor normally,Q3/2025
T10122,2024-12-01,17462,39568,452065,37.59429447235429,62.40570552764571,1.0584018403266937,LOW,625173,Monitor normally,Q3/2025
T10122,2025-01-01,13993,31708,483773,40.23117166729176,59.76882833270824,0.8810388263189093,LOW,591217,Monitor normally,Q4/2025
T10122,2025-02-01,17132,38821,522594,43.45957489627712,56.54042510372288,1.1523687960104487,LOW,558388,Monitor normally,Q4/2025
T10122,2025-03-01,15745,35678,558272,46.426602288764165,53.573397711235835,0.9721790784490041,LOW,531251,Monitor normally,Q4/2025
T10122,2025-04-01,13696,31035,589307,49.00751195650999,50.99248804349001,0.8766371331456495,LOW,509014,Monitor normally,Q1/2026
T10122,2025-05-01,8648,19596,608903,50.63713998451538,49.36286001548462,0.5570527033941668,LOW,453865,Monitor normally,Q1/2026
T10122,2025-06-01,15919,36072,644975,53.636932912980896,46.363067087019104,1.2538205749110753,LOW,425005,Monitor normally,Q1/2026
T10123,2024-01-01,15957,63828,63828,5.6885317638209445,94.31146823617905,2.208504896024359,LOW,1250095,Monitor normally,Q4/2024
T10123,2024-02-01,15562,62248,126076,11.236249461920936,88.76375053807907,0.9752459735539262,LOW,1250215,Monitor normally,Q4/2024
T10123,2024-03-01,15126,82414,208490,18.581218077317615,81.41878192268238,1.3073701576826675,LOW,1184568,Monitor normally,Q4/2024
T10123,2024-04-01,10911,43644,252134,22.47089471296657,77.52910528703343,0.6280013429900714,LOW,997625,Monitor normally,Q1/2025
T10123,2024-05-01,12119,64657,316791,28.233309299877813,71.76669070012218,1.03008401219292,LOW,810153,Monitor normally,Q1/2025
T10123,2024-06-01,13333,53332,370123,32.986407877744874,67.01359212225512,0.8389271950292322,LOW,743393,Monitor normally,Q1/2025
T10123,2024-07-01,16441,65764,435887,38.84748143348719,61.15251856651281,1.2206170769582945,LOW,634474,Monitor normally,Q2/2025
T10123,2024-08-01,15939,63756,499643,44.52959635380693,55.47040364619307,1.0408972914727923,LOW,524056,Monitor normally,Q2/2025
T10123,2024-09-01,14455,57820,557463,49.68267817658262,50.31732182341738,0.9486360553890578,LOW,504325,Monitor normally,Q2/2025
T10123,2024-10-01,14801,59204,616667,54.95910599110376,45.04089400889624,0.9480730223123732,LOW,386987,Monitor normally,Q3/2025
T10123,2024-11-01,16266,65064,681731,60.7577935683621,39.2422064316379,1.079721208098241,LOW,350246,Monitor normally,Q3/2025
T10123,2024-12-01,13165,52660,734391,65.45100160688456,34.54899839311544,0.8676024779227626,MED,293383,Plan replacement; increase monitoring; prepare PO,Q3/2025
T10123,2025-01-01,12571,78832,813223,72.47673225809615,27.52326774190385,1.3366793271839392,MED,264326,Plan replacement; increase monitoring; prepare PO,Q4/2025
T10123,2025-02-01,9460,37840,851063,75.8491400092866,24.1508599907134,0.5775453305928082,MED,187585,Plan replacement; increase monitoring; prepare PO,Q4/2025
T10123,2025-03-01,14692,58768,909831,81.08671027149487,18.913289728505134,1.0411735525476578,MED,143811,Plan replacement; increase monitoring; prepare PO,Q3/2025
T10123,2025-04-01,11577,46308,956139,85.21381011668852,14.78618988331148,0.791860465116279,HIGH,104617,Start replacement sourcing + secure backup tool,Q3/2025
T10123,2025-05-01,13801,55204,1011343,90.13374662558698,9.86625337441302,1.1588065716924627,HIGH,59108,Start replacement sourcing + secure backup tool,Q3/2025
T10123,2025-06-01,12592,50368,1061711,94.62268514598765,5.377314854012354,0.9427501871724483,HIGH,7230,Start replacement sourcing + secure backup tool,Q3/2025
T10124,2024-01-01,38046,114138,114138,5.073135954336531,94.92686404566346,2.2545035554385042,LOW,1971779,Monitor normally,Q4/2024
T10124,2024-02-01,45499,136497,250635,11.140071053594216,88.85992894640579,1.195894443568312,LOW,1788545,Monitor normally,Q4/2024
T10124,2024-03-01,35365,147207,397842,17.68303767671726,82.31696232328274,1.1746723322760189,LOW,1611634,Monitor normally,Q4/2024
T10124,2024-04-01,54544,163632,561474,24.956052645264066,75.04394735473593,1.2338968736332514,LOW,1425174,Monitor normally,Q1/2025
T10124,2024-05-01,45605,136815,698289,31.037122013857804,68.96287798614219,0.9175317881860615,LOW,1125142,Monitor normally,Q1/2025
T10124,2024-06-01,51499,154497,852786,37.90411009440181,62.09588990559819,1.0353777694380035,LOW,1162989,Monitor normally,Q1/2025
T10124,2024-07-01,48768,146304,999090,44.40694072629698,55.59305927370302,0.9647604979953577,LOW,1072784,Monitor normally,Q2/2025
T10124,2024-08-01,43338,130014,1129104,50.18572341012805,49.81427658987195,0.8912882527147088,LOW,926728,Monitor normally,Q2/2025
T10124,2024-09-01,43977,131931,1261035,56.0497117364661,43.9502882635339,0.9187075658925525,LOW,763831,Monitor normally,Q2/2025
T10124,2024-10-01,42456,173211,1434246,63.748488233220776,36.251511766779224,1.2728334913251471,MED,641443,Plan replacement; increase monitoring; prepare PO,Q3/2025
T10124,2024-11-01,31885,95655,1529901,68.00010311793982,31.999896882060185,0.6594531616247966,MED,476886,Plan replacement; increase monitoring; prepare PO,Q3/2025
T10124,2024-12-01,41678,163191,1693092,75.2535167884451,24.746483211554903,1.221498663912155,MED,377550,Plan replacement; increase monitoring; prepare PO,Q3/2025
T10124,2025-01-01,52845,158535,1851627,82.29998342112434,17.700016578875662,1.1007922565772572,MED,242491,Plan replacement; increase monitoring; prepare PO,Q3/2025
T10124,2025-02-01,47007,141021,1992648,88.56799850301198,11.432001496988022,1.0136134610823204,HIGH,115678,Start replacement sourcing + secure backup tool,Q2/2025
T10124,2025-03-01,44867,134601,2127249,94.5506613549075,5.449338645092496,0.8726215404962107,HIGH,12862,Start replacement sourcing + secure backup tool,Q2/2025
T10124,2025-04-01,43848,131544,2258793,100.3974485421479,0.0,0.908961504709126,HIGH,0,Start replacement sourcing + secure backup tool,Q3/2025
T10124,2025-05-01,47700,143100,2401893,106.75786974337412,0.0,1.0543611205257806,HIGH,0,Start replacement sourcing + secure backup tool,Q3/2025
T10124,2025-06-01,38267,114801,2516694,111.86047431585469,0.0,0.8415570135249056,HIGH,0,Start replacement sourcing + secure backup tool,Q3/2025
T10125,2024-01-01,35037,41623,41623,8.196311334984818,91.80368866501519,0.32063320879713436,LOW,657702,Monitor normally,Q4/2024
T10125,2024-02-01,52030,61811,103434,20.368000063013707,79.63199993698629,1.485020301275737,LOW,502948,Monitor normally,Q4/2024
T10125,2024-03-01,34708,41233,144667,28.487513439642715,71.51248656035729,0.7972813581607595,LOW,419651,Monitor normally,Q4/2024
T10125,2024-04-01,48084,57123,201790,39.73605132466632,60.26394867533368,1.1845756115769317,LOW,353567,Monitor normally,Q1/2025
T10125,2024-05-01,38434,58976,260766,51.349477970801026,48.650522029198974,1.1046470246680027,LOW,272175,Monitor normally,Q1/2025
T10125,2024-06-01,37143,44125,304891,60.038477746314676,39.961522253685324,0.8413736557089467,LOW,201026,Monitor normally,Q1/2025
T10125,2024-07-01,44431,52784,357675,70.43258911516936,29.567410884830636,0.9883163571000599,MED,110273,Plan replacement; increase monitoring; prepare PO,Q2/2025
T10125,2024-08-01,45773,54378,412053,81.1405875240732,18.859412475926803,1.0465022292074286,MED,65025,Plan replacement; increase monitoring; prepare PO,Q1/2025
T10125,2024-09-01,39602,47047,459100,90.40498123372967,9.595018766270329,0.932935414146622,HIGH,4058,Start replacement sourcing + secure backup tool,Q4/2024
T10125,2024-10-01,47411,56324,515424,101.49618176304483,0.0,1.0957337120401534,HIGH,0,Start replacement sourcing + secure backup tool,Q1/2025
T10125,2024-11-01,41042,48757,564181,111.09730498241524,0.0,0.9272388414506589,HIGH,0,Start replacement sourcing + secure backup tool,Q1/2025
T10125,2024-12-01,43404,51563,615744,121.25097966626363,0.0,1.0168345077829195,HIGH,0,Start replacement sourcing + secure backup tool,Q1/2025
T10125,2025-01-01,49454,58751,674495,132.82009979796229,0.0,1.1251819412170272,HIGH,0,Start replacement sourcing + secure backup tool,Q2/2025
T10125,2025-02-01,33864,40230,714725,140.7421045791275,0.0,0.7587178052567721,HIGH,0,Start replacement sourcing + secure backup tool,Q2/2025
T10125,2025-03-01,51381,61040,775765,152.7619696510222,0.0,1.2163885641407162,HIGH,0,Start replacement sourcing + secure backup tool,Q2/2025
T10125,2025-04-01,56478,86349,862114,169.7656283845254,0.0,1.6188312783947105,HIGH,0,Start replacement sourcing + secure backup tool,Q3/2025
T10125,2025-05-01,45649,54231,916345,180.44467987066437,0.0,0.86714565155981,HIGH,0,Start replacement sourcing + secure backup tool,Q3/2025
T10125,2025-06-01,46005,54653,970998,191.20683068610114,0.0,0.8132080150778692,HIGH,0,Start replacement sourcing + secure backup tool,Q3/2025
T10126,2024-01-01,49956,99912,99912,5.202238099552318,94.79776190044768,1.5352732376186404,LOW,1819691,Monitor normally,Q4/2024
T10126,2024-02-01,35458,70916,170828,8.894706642548677,91.10529335745133,0.7097846104572023,LOW,1721801,Monitor normally,Q4/2024
T10126,2024-03-01,42166,118229,289057,15.050677980045382,84.94932201995462,1.3841876039056829,LOW,1603790,Monitor normally,Q4/2024
T10126,2024-04-01,37387,74774,363831,18.944025642547636,81.05597435745236,0.7760476307441093,LOW,1533819,Monitor normally,Q1/2025
T10126,2024-05-01,43511,87022,450853,23.475104631049934,76.52489536895007,0.989189865072238,LOW,1440032,Monitor normally,Q1/2025
T10126,2024-06-01,39700,117421,568274,29.58900486212861,70.4109951378714,1.257969824122846,LOW,1239128,Monitor normally,Q1/2025
T10126,2024-07-01,47710,95420,663694,34.55735260273317,65.44264739726682,1.0252241088472407,LOW,1086056,Monitor normally,Q2/2025
T10126,2024-08-01,47327,94654,758348,39.48581610136221,60.51418389863779,0.9469724507525104,LOW,1027904,Monitor normally,Q2/2025
T10126,2024-09-01,46506,93012,851360,44.32878361392887,55.67121638607113,0.9074489016081563,LOW,922992,Monitor normally,Q2/2025
T10126,2024-10-01,59662,119324,970684,50.54176963153417,49.45823036846583,1.264534452427884,LOW,838564,Monitor normally,Q3/2025
T10126,2024-11-01,51859,162544,1133228,59.005143296896,40.994856703104,1.5884295905404084,MED,721589,Plan replacement; increase monitoring; prepare PO,Q3/2025
T10126,2024-12-01,43279,86558,1219786,63.51206264012854,36.48793735987146,0.6926856594110116,LOW,619266,Monitor normally,Q3/2025
T10126,2025-01-01,39883,79766,1299552,67.66533476208477,32.33466523791523,0.6495144208063491,MED,503817,Plan replacement; increase monitoring; prepare PO,Q4/2025
T10126,2025-02-01,51075,102150,1401702,72.98410149550287,27.01589850449713,0.9318328326258559,MED,338070,Plan replacement; increase monitoring; prepare PO,Q4/2025
T10126,2025-03-01,41455,82910,1484612,77.30107604144212,22.698923958557884,0.9264584280042015,MED,340568,Plan replacement; increase monitoring; prepare PO,Q4/2025
T10126,2025-04-01,45038,90076,1574688,81.99117131583633,18.008828684163674,1.0203982992606466,MED,285265,Plan replacement; increase monitoring; prepare PO,Q4/2025
T10126,2025-05-01,43327,86654,1661342,86.50308920636607,13.49691079363393,0.9448490928122819,HIGH,179587,Start replacement sourcing + secure backup tool,Q3/2025
T10126,2025-06-01,44215,88430,1749772,91.10748022189384,8.892519778106163,1.021760899707287,HIGH,19735,Start replacement sourcing + secure backup tool,Q3/2025
T10127,2024-01-01,31789,31789,31789,1.6361312796040224,98.36386872039597,0.3596583195052044,LOW,1795688,Monitor normally,Q4/2024
T10127,2024-02-01,38037,60154,91943,4.732165788185618,95.26783421181437,1.8922897857749537,LOW,1737443,Monitor normally,Q4/2024
T10127,2024-03-01,33326,33326,125269,6.44740411037517,93.55259588962483,0.7249274006721556,LOW,1776182,Monitor normally,Q4/2024
T10127,2024-04-01,27477,27477,152746,7.86160333556878,92.13839666443121,0.6580319153182351,LOW,1748797,Monitor normally,Q1/2025
T10127,2024-05-01,33516,47778,200524,10.320664025647769,89.67933597435223,1.1849996279669635,LOW,1684462,Monitor normally,Q1/2025
T10127,2024-06-01,31490,31490,232014,11.941406231905614,88.05859376809438,0.8700417200062627,LOW,1685588,Monitor normally,Q1/2025
T10127,2024-07-01,17515,17515,249529,12.842876531766084,87.15712346823392,0.49224788046278517,LOW,1610810,Monitor normally,Q2/2025
T10127,2024-08-01,37338,37338,286867,14.76460636654714,85.23539363345286,1.1573726790862031,LOW,1587569,Monitor normally,Q2/2025
T10127,2024-09-01,36417,54421,341288,17.56557212096944,82.43442787903057,1.8908655015461588,LOW,1403726,Monitor normally,Q2/2025
T10127,2024-10-01,32860,32860,374148,19.256826134866955,80.74317386513304,0.9021359152222853,LOW,1505925,Monitor normally,Q3/2025
T10127,2024-11-01,44018,55933,430081,22.135612220056544,77.86438777994346,1.3464961201742913,LOW,1442515,Monitor normally,Q3/2025
T10127,2024-12-01,26501,26501,456582,23.49957821586598,76.50042178413402,0.555134274582094,LOW,1360233,Monitor normally,Q3/2025
T10127,2025-01-01,25291,25291,481873,24.801267359672497,75.1987326403275,0.6580828143702186,LOW,1408369,Monitor normally,Q4/2025
T10127,2025-02-01,32789,32789,514662,26.488867112006204,73.5111328879938,0.9131306567649106,LOW,1375782,Monitor normally,Q4/2025
T10127,2025-03-01,40006,40006,554668,28.547914832030063,71.45208516796994,1.4189711637365365,LOW,1238378,Monitor normally,Q4/2025
T10127,2025-04-01,44233,44233,598901,30.824519786282313,69.17548021371769,1.3528842036580144,LOW,1042670,Monitor normally,Q1/2026
T10127,2025-05-01,20066,20066,618967,31.857286160076214,68.14271383992379,0.5143897186997983,LOW,974443,Monitor normally,Q1/2026
T10127,2025-06-01,26435,26435,645402,33.21785523668549,66.7821447633145,0.7603182973011839,LOW,921941,Monitor normally,Q1/2026
T10128,2024-01-01,21648,86592,86592,7.622662702985348,92.37733729701465,2.8630502347521323,LOW,1140549,Monitor normally,Q4/2024
T10128,2024-02-01,25651,102604,189196,16.654856023120104,83.3451439768799,1.1849131559497412,LOW,996888,Monitor normally,Q4/2024
T10128,2024-03-01,42033,262197,451393,39.7359638937623,60.2640361062377,2.7716970760481194,LOW,651155,Monitor normally,Q4/2024
T10128,2024-04-01,30926,123704,575097,50.625582646188626,49.374417353811374,0.8221483275106171,LOW,565780,Monitor normally,Q1/2025
T10128,2024-05-01,32077,128308,703405,61.92048986734814,38.07951013265186,0.7879632757085393,LOW,448869,Monitor normally,Q1/2025
T10128,2024-06-01,24045,96180,799585,70.38718077150938,29.612819228490622,0.5611337024439479,MED,323733,Plan replacement; increase monitoring; prepare PO,Q1/2025
T10128,2024-07-01,23077,92308,891893,78.51302090439893,21.486979095601072,0.79531982354563,MED,153656,Plan replacement; increase monitoring; prepare PO,Q2/2025
T10128,2024-08-01,27229,108916,1000809,88.10085732067702,11.899142679322978,1.0314145380623492,HIGH,92789,Start replacement sourcing + secure backup tool,Q4/2024
T10128,2024-09-01,36090,144360,1145169,100.80881634463957,0.0,1.4562009925892052,HIGH,0,Start replacement sourcing + secure backup tool,Q4/2024
T10128,2024-10-01,27717,110868,1256037,110.56848662081495,0.0,0.9624403907588314,HIGH,0,Start replacement sourcing + secure backup tool,Q1/2025
T10128,2024-11-01,28480,181521,1437558,126.54771514664418,0.0,1.4954605870205193,HIGH,0,Start replacement sourcing + secure backup tool,Q1/2025
T10128,2024-12-01,24719,136294,1573852,138.54562708355158,0.0,0.936194473255806,HIGH,0,Start replacement sourcing + secure backup tool,Q1/2025
T10128,2025-01-01,16004,64016,1637868,144.1809326036263,0.0,0.4479953718715228,HIGH,0,Start replacement sourcing + secure backup tool,Q2/2025
T10128,2025-02-01,24621,98484,1736352,152.85044380143682,0.0,0.7737768803475883,HIGH,0,Start replacement sourcing + secure backup tool,Q2/2025
T10128,2025-03-01,36498,145992,1882344,165.7020672000676,0.0,1.4658125665174,HIGH,0,Start replacement sourcing + secure backup tool,Q2/2025
T10128,2025-04-01,42959,171836,2054180,180.82872864951088,0.0,1.6710579204647122,HIGH,0,Start replacement sourcing + secure backup tool,Q3/2025
T10128,2025-05-01,25554,102216,2156396,189.82676646880537,0.0,0.7365821787505525,HIGH,0,Start replacement sourcing + secure backup tool,Q3/2025
T10128,2025-06-01,32709,130836,2287232,201.3442126232745,0.0,0.9344449629086478,HIGH,0,Start replacement sourcing + secure backup tool,Q3/2025
T10129,2024-01-01,38535,84777,84777,9.66215453839868,90.33784546160132,0.6281514888067812,LOW,791219,Monitor normally,Q4/2024
T10129,2024-02-01,2843,6254,91031,10.374931759616054,89.62506824038394,0.073770008374913,LOW,826824,Monitor normally,Q4/2024
T10129,2024-03-01,2882,6340,97371,11.097510522410769,88.90248947758923,0.13929320780832902,LOW,723122,Monitor normally,Q4/2024
T10129,2024-04-01,1450,3190,100561,11.461079332081928,88.53892066791808,0.09828388329173984,LOW,723596,Monitor normally,Q1/2025
T10129,2024-05-01,3469,7631,108192,12.330795189950457,87.66920481004954,1.4503928028383173,LOW,724147,Monitor normally,Q1/2025
T10129,2024-06-01,1646,5727,113919,12.983509476153191,87.01649052384681,1.0011654332498108,LOW,759427,Monitor normally,Q1/2025
T10129,2024-07-01,1840,4048,117967,13.444865758770385,86.55513424122961,0.7338651196519217,LOW,774670,Monitor normally,Q2/2025
T10129,2024-08-01,10,22,117989,13.447373129871565,86.55262687012844,0.003791795932437091,LOW,708100,Monitor normally,Q2/2025
T10129,2024-09-01,116,255,118244,13.47643584036252,86.52356415963749,0.07808512810043891,LOW,695256,Monitor normally,Q2/2025
T10129,2024-10-01,752,2290,120534,13.737430377712661,86.26256962228734,1.5884393063583815,LOW,690116,Monitor normally,Q3/2025
T10129,2024-11-01,629,1383,121917,13.895052842845956,86.10494715715404,1.6162835995325284,LOW,690040,Monitor normally,Q3/2025
T10129,2024-12-01,3673,8080,129997,14.815941865461305,85.1840581345387,6.171079429735235,LOW,691249,Monitor normally,Q3/2025
T10129,2025-01-01,2903,6386,136383,15.54376331328576,84.45623668671423,1.630051901642134,LOW,699576,Monitor normally,Q4/2025
T10129,2025-02-01,2632,5790,142173,16.203657798550967,83.79634220144904,1.0959681998864281,LOW,754266,Monitor normally,Q4/2025
T10129,2025-03-01,33743,74234,216407,24.664211722415782,75.33578827758421,10.994372037914692,LOW,762922,Monitor normally,Q4/2025
T10129,2025-04-01,1892,4162,220569,25.13856074619364,74.86143925380637,0.1444971646800139,LOW,787702,Monitor normally,Q1/2026
T10129,2025-05-01,31825,70015,290584,33.11826927570027,66.88173072429973,2.4950110469674294,LOW,626774,Monitor normally,Q1/2026
T10129,2025-06-01,42014,142530,433114,49.36261486893857,50.63738513106143,2.8811206716483277,LOW,480623,Monitor normally,Q1/2026
T10130,2024-01-01,918,6543,6543,2.0993021576963184,97.90069784230369,0.09057852307493527,LOW,391565,Monitor normally,Q4/2024
T10130,2024-02-01,546,3891,10434,3.3477179754552013,96.6522820245448,0.5946813388353966,LOW,367182,Monitor normally,Q4/2024
T10130,2024-03-01,205,1461,11895,3.816475495307612,96.18352450469239,0.28004600345025876,LOW,375802,Monitor normally,Q4/2024
T10130,2024-04-01,1408,10036,21931,7.036496350364964,92.96350364963503,2.5311475409836066,LOW,368923,Monitor normally,Q1/2025
T10130,2024-05-01,857,6108,28039,8.996230047324937,91.00376995267506,1.1907980244346243,LOW,363763,Monitor normally,Q1/2025
T10130,2024-06-01,545,3884,31923,10.242399935830592,89.75760006416941,0.6618574268673673,LOW,376831,Monitor normally,Q1/2025
T10130,2024-07-01,2225,15859,47782,15.3307130825379,84.6692869174621,2.3755242660275613,LOW,418065,Monitor normally,Q2/2025
T10130,2024-08-01,1089,7762,55544,17.82112777733216,82.17887222266785,0.9007775327840316,LOW,724758,Monitor normally,Q2/2025
T10130,2024-09-01,979,6978,62522,20.05999839576482,79.94000160423518,0.7610979821850572,LOW,638355,Monitor normally,Q2/2025
T10130,2024-10-01,459,3271,65793,21.10948905109489,78.8905109489051,0.32069675479590837,LOW,314330,Monitor normally,Q3/2025
T10130,2024-11-01,222,1582,67375,21.617069062324536,78.38293093767547,0.2635056354450058,LOW,310296,Monitor normally,Q3/2025
T10130,2024-12-01,2177,15517,82892,26.595652522659822,73.40434747734018,3.934663173020032,LOW,482356,Monitor normally,Q3/2025
T10130,2025-01-01,561,3998,86890,27.878398973289485,72.12160102671052,0.5888070692194404,LOW,390304,Monitor normally,Q4/2025
T10130,2025-02-01,19969,142339,229229,73.54744525547446,26.452554744525543,20.240650329430725,MED,162772,Plan replacement; increase monitoring; prepare PO,Q4/2025
T10130,2025-03-01,62,441,229670,73.68893879842786,26.311061201572144,0.008174033388115214,MED,309044,Plan replacement; increase monitoring; prepare PO,Q4/2025
T10130,2025-04-01,19185,136750,366420,117.56477099542792,0.0,2.7950374034255816,HIGH,0,Start replacement sourcing + secure backup tool,Q3/2025
T10130,2025-05-01,1523,10855,377275,121.04756557311302,0.0,0.11649912352878045,HIGH,0,Start replacement sourcing + secure backup tool,Q3/2025
T10130,2025-06-01,230,2595,379870,121.88016363198845,0.0,0.0525850073625765,HIGH,0,Start replacement sourcing + secure backup tool,Q3/2025
T10131,2024-01-01,28096,31832,31832,1.3482491228248512,98.65175087717515,0.6357922769640479,LOW,2055405,Monitor normally,Q4/2024
T10131,2024-02-01,46175,52316,84148,3.5641011305436536,96.43589886945635,1.6435033928122644,LOW,2057731,Monitor normally,Q4/2024
T10131,2024-03-01,34784,39410,123558,5.233317577217673,94.76668242278232,0.9366829871179351,LOW,2034424,Monitor normally,Q4/2024
T10131,2024-04-01,26082,29550,153108,6.484912248601009,93.515087751399,0.717476812509105,LOW,1943599,Monitor normally,Q1/2025
T10131,2024-05-01,31634,35841,188949,8.00296316626768,91.99703683373232,0.8865975131105907,LOW,1966210,Monitor normally,Q1/2025
T10131,2024-06-01,24972,28293,217242,9.2013174145739,90.79868258542609,0.8099063940229578,LOW,1933668,Monitor normally,Q1/2025
T10131,2024-07-01,30735,34822,252064,10.676208434773917,89.32379156522609,1.115089022671961,LOW,1898051,Monitor normally,Q2/2025
T10131,2024-08-01,26912,30491,282555,11.96765930195325,88.03234069804675,0.9243805327620356,LOW,1857062,Monitor normally,Q2/2025
T10131,2024-09-01,33560,38023,320578,13.578129156099056,86.42187084390095,1.2186077815524645,LOW,1773589,Monitor normally,Q2/2025
T10131,2024-10-01,30841,34942,355520,15.05810279425393,84.94189720574607,1.0144189827359293,LOW,1726765,Monitor normally,Q3/2025
T10131,2024-11-01,42192,47803,403323,17.082806011720518,82.91719398827948,1.3861834982987935,LOW,1706564,Monitor normally,Q3/2025
T10131,2024-12-01,42477,48126,451449,19.12118994251559,80.87881005748442,1.1954988076311606,LOW,1631591,Monitor normally,Q3/2025
T10131,2025-01-01,41556,47082,498531,21.115355097103418,78.88464490289658,1.0792765394930888,LOW,1517020,Monitor normally,Q4/2025
T10131,2025-02-01,34086,38619,537150,22.75106862042501,77.248931379575,0.8101264937662137,LOW,1584715,Monitor normally,Q4/2025
T10131,2025-03-01,32898,37273,574423,24.329772112352966,75.67022788764703,0.8355488802707973,LOW,1561784,Monitor normally,Q4/2025
T10131,2025-04-01,22751,25776,600199,25.421518449056073,74.57848155094393,0.6288158472522647,LOW,1502405,Monitor normally,Q1/2026
T10131,2025-05-01,39944,45256,645455,27.338343100430833,72.66165689956917,1.3354054373057402,LOW,1419300,Monitor normally,Q1/2026
T10131,2025-06-01,38118,43187,688642,29.167534947233953,70.83246505276605,1.1962605604542726,LOW,1335726,Monitor normally,Q1/2026
T10132,2024-01-01,37510,133685,133685,5.605219938373398,94.3947800616266,3.511280960260552,LOW,1751666,Monitor normally,Q4/2024
T10132,2024-02-01,30456,108545,242230,10.156355804108076,89.84364419589193,0.8119459924449265,LOW,1617744,Monitor normally,Q4/2024
T10132,2024-03-01,48903,174290,416520,17.464085041188522,82.53591495881147,1.439045535235107,LOW,1269806,Monitor normally,Q4/2024
T10132,2024-04-01,39053,139184,555704,23.299870147240533,76.70012985275946,1.0024776721405935,LOW,1356328,Monitor normally,Q1/2025
T10132,2024-05-01,29034,103477,659181,27.638512055929347,72.36148794407066,0.7355853646399807,LOW,1272789,Monitor normally,Q1/2025
T10132,2024-06-01,44630,159061,818242,34.30771120779838,65.69228879220162,1.1444582217095056,LOW,1148014,Monitor normally,Q1/2025
T10132,2024-07-01,37085,132170,950412,39.84940937329796,60.15059062670204,0.9870258536998222,LOW,1045499,Monitor normally,Q2/2025
T10132,2024-08-01,34372,122501,1072913,44.985700263604876,55.014299736395124,0.9310756305927419,LOW,938825,Monitor normally,Q2/2025
T10132,2024-09-01,33792,120434,1193347,50.035324814287904,49.964675185712096,0.8732754536753261,LOW,831951,Monitor normally,Q2/2025
T10132,2024-10-01,39106,139373,1332720,55.87903441873804,44.12096558126196,1.1146718918702763,LOW,636450,Monitor normally,Q3/2025
T10132,2024-11-01,55516,197859,1530579,64.17497795605803,35.82502204394197,1.5526146457829813,MED,507150,Plan replacement; increase monitoring; prepare PO,Q3/2025
T10132,2024-12-01,47535,219313,1749892,73.37045688297194,26.629543117028064,1.4375964131047532,MED,281919,Plan replacement; increase monitoring; prepare PO,Q3/2025
T10132,2025-01-01,63306,225622,1975514,82.83046311355639,17.16953688644361,1.2161927606932055,MED,98981,Plan replacement; increase monitoring; prepare PO,Q3/2025
T10132,2025-02-01,45564,162390,2137904,89.63924245149599,10.360757548504012,0.7578944420763106,HIGH,15976,Start replacement sourcing + secure backup tool,Q2/2025
T10132,2025-03-01,37993,181642,2319546,97.25523048340699,2.74476951659301,0.897255999670687,HIGH,1387,Start replacement sourcing + secure backup tool,Q2/2025
T10132,2025-04-01,34683,123610,2443156,102.43802015002879,0.0,0.6509741000677605,HIGH,0,Start replacement sourcing + secure backup tool,Q3/2025
T10132,2025-05-01,43693,155721,2598877,108.96717790163476,0.0,0.9989757121900942,HIGH,0,Start replacement sourcing + secure backup tool,Q3/2025
T10132,2025-06-01,41844,203609,2802486,117.50421067593454,0.0,1.3250819462311243,HIGH,0,Start replacement sourcing + secure backup tool,Q3/2025
T10133,2024-01-01,44214,191004,191004,23.008787727297367,76.99121227270263,1.1865076407007082,LOW,858100,Monitor normally,Q4/2024
T10133,2024-02-01,34319,148258,339262,40.868292506640486,59.131707493359514,0.7762036397143516,LOW,649017,Monitor normally,Q4/2024
T10133,2024-03-01,43073,186075,525337,63.28332138748517,36.71667861251483,1.0969398282153615,LOW,326312,Monitor normally,Q4/2024
T10133,2024-04-01,21743,93929,619266,74.5982279990604,25.4017720009396,0.5363928297454776,MED,219915,Plan replacement; increase monitoring; prepare PO,Q1/2025
T10133,2024-05-01,35695,154202,773468,93.17376089431238,6.82623910568762,1.080193899995797,HIGH,14406,Start replacement sourcing + secure backup tool,Q3/2024
T10133,2024-06-01,44265,191224,964692,116.20905033518645,0.0,1.3211977724858708,HIGH,0,Start replacement sourcing + secure backup tool,Q3/2024
T10133,2024-07-01,45695,197402,1162094,139.98855607822824,0.0,1.347898624119448,HIGH,0,Start replacement sourcing + secure backup tool,Q4/2024
T10133,2024-08-01,33524,144823,1306917,157.4342727387714,0.0,0.8003805993795456,HIGH,0,Start replacement sourcing + secure backup tool,Q4/2024
T10133,2024-09-01,46316,200085,1507002,181.5369789251146,0.0,1.1252340898567623,HIGH,0,Start replacement sourcing + secure backup tool,Q4/2024
T10133,2024-10-01,29475,127332,1634334,196.87568889397508,0.0,0.7043867898434475,HIGH,0,Start replacement sourcing + secure backup tool,Q1/2025
T10133,2024-11-01,24206,104569,1738903,209.47231474398743,0.0,0.6642956971031678,HIGH,0,Start replacement sourcing + secure backup tool,Q1/2025
T10133,2024-12-01,37031,252024,1990927,239.83171411878791,0.0,1.7502233868690187,HIGH,0,Start replacement sourcing + secure backup tool,Q1/2025
T10133,2025-01-01,36509,157718,2148645,258.8307925819295,0.0,0.9777424187632381,HIGH,0,Start replacement sourcing + secure backup tool,Q2/2025
T10133,2025-02-01,31811,137423,2286068,275.3850879676197,0.0,0.8015947549245496,HIGH,0,Start replacement sourcing + secure backup tool,Q2/2025
T10133,2025-03-01,46021,198810,2484878,299.33420467755246,0.0,1.0900368261858853,HIGH,0,Start replacement sourcing + secure backup tool,Q2/2025
T10133,2025-04-01,52072,224951,2709829,326.4323272720702,0.0,1.3662347074912289,HIGH,0,Start replacement sourcing + secure backup tool,Q3/2025
T10133,2025-05-01,24343,105161,2814990,339.1002668240708,0.0,0.5621739037463648,HIGH,0,Start replacement sourcing + secure backup tool,Q3/2025
T10133,2025-06-01,36966,159693,2974683,358.3372583977305,0.0,0.9057649332037616,HIGH,0,Start replacement sourcing + secure backup tool,Q3/2025
T10134,2024-01-01,402,476,476,0.1285777571285021,99.8714222428715,0.0029154459427731443,LOW,397034,Monitor normally,Q4/2024
T10134,2024-02-01,2310,2736,3212,0.8676297392788841,99.13237026072112,5.7478991596638656,LOW,404765,Monitor normally,Q4/2024
T10134,2024-03-01,2689,3185,6397,1.7279662024181262,98.27203379758187,1.9831880448318804,LOW,397519,Monitor normally,Q4/2024
T10134,2024-04-01,2687,3182,9579,2.5874923015418525,97.41250769845814,1.492261997811474,LOW,381060,Monitor normally,Q1/2025
T10134,2024-05-01,2928,3468,13047,3.5242731034780825,96.47572689652192,1.1429199165110402,LOW,376134,Monitor normally,Q1/2025
T10134,2024-06-01,615,728,13775,3.720921437909909,96.27907856209009,0.22206405693950176,LOW,375306,Monitor normally,Q1/2025
T10134,2024-07-01,107,126,13901,3.7549567265615718,96.24504327343843,0.051233396584440226,LOW,365670,Monitor normally,Q2/2025
T10134,2024-08-01,2561,3033,16934,4.574234746248015,95.42576525375199,2.105275335492827,LOW,367929,Monitor normally,Q2/2025
T10134,2024-09-01,43462,51480,68414,18.48008125249862,81.51991874750138,39.7324414715719,LOW,543444,Monitor normally,Q2/2025
T10134,2024-10-01,29334,34746,103160,27.86571728020227,72.13428271979774,1.9077581946960962,LOW,446577,Monitor normally,Q3/2025
T10134,2024-11-01,29039,34396,137556,37.15681083942907,62.84318916057093,1.1560514906059893,LOW,253033,Monitor normally,Q3/2025
T10134,2024-12-01,2269,3677,141233,38.1500470011129,61.8499529988871,0.09145097909170798,LOW,251004,Monitor normally,Q3/2025
T10134,2025-01-01,2243,2656,143889,38.86748927618286,61.13251072381714,0.10942199151320398,LOW,208316,Monitor normally,Q4/2025
T10134,2025-02-01,2480,2937,146826,39.6608356473728,60.3391643526272,0.21633234304795107,LOW,200619,Monitor normally,Q4/2025
T10134,2025-03-01,2079,2462,149288,40.32587438277274,59.67412561722726,0.7967637540453074,LOW,205072,Monitor normally,Q4/2025
T10134,2025-04-01,7,8,149296,40.328035353480786,59.671964646519214,0.0029795158286778397,LOW,195086,Monitor normally,Q1/2026
T10134,2025-05-01,2520,2984,152280,41.134077427580465,58.865922572419535,1.655631588681339,LOW,214077,Monitor normally,Q1/2026
T10134,2025-06-01,926,1096,153376,41.43013041458223,58.56986958541777,0.6028602860286029,LOW,207099,Monitor normally,Q1/2026
T10135,2024-01-01,4920,21648,21648,3.7974483701038646,96.20255162989613,15.886497064579256,LOW,786617,Monitor normally,Q4/2024
T10135,2024-02-01,3518,15479,37127,6.5127432389526145,93.48725676104739,0.7150314116777532,LOW,720670,Monitor normally,Q4/2024
T10135,2024-03-01,4695,20658,57785,10.136527811643193,89.86347218835681,1.1128289385083632,LOW,713148,Monitor normally,Q4/2024
T10135,2024-04-01,3671,16152,73937,12.969878979137539,87.03012102086247,0.8385567188716795,LOW,591348,Monitor normally,Q1/2025
T10135,2024-05-01,5214,22941,96878,16.994142793741787,83.00585720625821,1.3162041729618084,LOW,569070,Monitor normally,Q1/2025
T10135,2024-06-01,4793,21089,117967,20.693532514599163,79.30646748540084,1.0588442034442938,LOW,507918,Monitor normally,Q1/2025
T10135,2024-07-01,4981,21916,139883,24.53799290258864,75.46200709741136,1.0924861254195606,LOW,509291,Monitor normally,Q2/2025
T10135,2024-08-01,3111,13688,153571,26.939114174298812,73.06088582570119,0.6226912928759895,LOW,475838,Monitor normally,Q2/2025
T10135,2024-09-01,4613,20297,173868,30.499572857225555,69.50042714277444,1.0740479424267546,LOW,427987,Monitor normally,Q2/2025
T10135,2024-10-01,5302,23328,197196,34.591723429000446,65.40827657099956,1.2519275147135114,LOW,390666,Monitor normally,Q3/2025
T10135,2024-11-01,3649,16055,213251,37.408059052707834,62.591940947292166,0.8403852529094621,LOW,404530,Monitor normally,Q3/2025
T10135,2024-12-01,4435,19514,232765,40.83116545949862,59.16883454050138,0.98093163538874,LOW,395458,Monitor normally,Q3/2025
T10135,2025-01-01,5178,22783,255548,44.82771323370762,55.17228676629238,1.160483556038508,LOW,357258,Monitor normally,Q4/2025
T10135,2025-02-01,4317,18994,274542,48.15960229236212,51.84039770763788,0.9765217987386893,LOW,313931,Monitor normally,Q4/2025
T10135,2025-03-01,4469,19663,294205,51.60884597775349,48.39115402224651,0.9624414677521986,LOW,236812,Monitor normally,Q4/2025
T10135,2025-04-01,4892,21524,315729,55.384542518686395,44.615457481313605,1.0509765625,LOW,229451,Monitor normally,Q1/2026
T10135,2025-05-01,4007,17630,333359,58.47716145646038,41.52283854353962,0.8788488061015935,LOW,236849,Monitor normally,Q1/2026
T10135,2025-06-01,6818,29999,363358,63.739525354037326,36.260474645962674,1.5301188431915942,MED,222052,Plan replacement; increase monitoring; prepare PO,Q1/2026
T10136,2024-01-01,32633,65266,65266,14.541881492110317,85.45811850788968,2.8313739100255955,LOW,718345,Monitor normally,Q4/2024
T10136,2024-02-01,27569,55138,120404,26.827148885729947,73.17285111427006,0.8448196610792755,LOW,660071,Monitor normally,Q4/2024
T10136,2024-03-01,33535,67070,187474,41.77097862366147,58.22902137633853,1.1140825886183183,LOW,477341,Monitor normally,Q4/2024
T10136,2024-04-01,47608,95216,282690,62.98600311041991,37.01399688958009,1.523667281863085,MED,309142,Plan replacement; increase monitoring; prepare PO,Q1/2025
T10136,2024-05-01,41964,83928,366618,81.68595453796004,18.314045462039957,1.1580322319523142,MED,111975,Plan replacement; increase monitoring; prepare PO,Q4/2024
T10136,2024-06-01,33228,66456,433074,96.49297927426507,3.5070207257349324,0.8097346211019683,HIGH,11919,Start replacement sourcing + secure backup tool,Q3/2024
T10136,2024-07-01,42436,84872,517946,115.40326282156974,0.0,1.0367100977198695,HIGH,0,Start replacement sourcing + secure backup tool,Q4/2024
T10136,2024-08-01,40503,81006,598952,133.452165039415,0.0,1.0329938450028904,HIGH,0,Start replacement sourcing + secure backup tool,Q4/2024
T10136,2024-09-01,19947,39894,638846,142.34092519395563,0.0,0.5151290814086616,HIGH,0,Start replacement sourcing + secure backup tool,Q4/2024
T10136,2024-10-01,44809,89618,728464,162.30866238575445,0.0,1.3065626032696382,HIGH,0,Start replacement sourcing + secure backup tool,Q1/2025
T10136,2024-11-01,33547,67094,795558,177.25783955045966,0.0,0.9561272670270475,HIGH,0,Start replacement sourcing + secure backup tool,Q1/2025
T10136,2024-12-01,40559,81118,876676,195.33169642658206,0.0,1.2377750424707281,HIGH,0,Start replacement sourcing + secure backup tool,Q1/2025
T10136,2025-01-01,44074,88148,964824,214.97190372849332,0.0,1.1119034604549467,HIGH,0,Start replacement sourcing + secure backup tool,Q2/2025
T10136,2025-02-01,34377,68754,1033578,230.29094457837766,0.0,0.8726603486207479,HIGH,0,Start replacement sourcing + secure backup tool,Q2/2025
T10136,2025-03-01,31548,63096,1096674,244.34932956636825,0.0,0.7952609024451727,HIGH,0,Start replacement sourcing + secure backup tool,Q2/2025
T10136,2025-04-01,33153,66306,1162980,259.12293288533783,0.0,0.904180947099519,HIGH,0,Start replacement sourcing + secure backup tool,Q3/2025
T10136,2025-05-01,31891,63782,1226762,273.3341651552759,0.0,0.9656331375280083,HIGH,0,Start replacement sourcing + secure backup tool,Q3/2025
T10136,2025-06-01,33131,66262,1293024,288.09796485849375,0.0,1.028998260725526,HIGH,0,Start replacement sourcing + secure backup tool,Q3/2025
T10137,2024-01-01,22067,86256,86256,4.052532198358709,95.9474678016413,1.3178915202444614,LOW,1661413,Monitor normally,Q4/2024
T10137,2024-02-01,21230,82984,169240,7.951337289582498,92.0486627104175,0.9620664069745872,LOW,1603583,Monitor normally,Q4/2024
T10137,2024-03-01,23734,92772,262012,12.310008189069308,87.68999181093069,1.096336563460175,LOW,1474325,Monitor normally,Q4/2024
T10137,2024-04-01,19533,76351,338363,15.897177613537005,84.10282238646299,0.8742080515396242,LOW,1409750,Monitor normally,Q1/2025
T10137,2024-05-01,14403,56299,394662,18.542251698069062,81.45774830193093,0.6699417310903704,LOW,1363381,Monitor normally,Q1/2025
T10137,2024-06-01,20493,80104,474766,22.30574686614231,77.69425313385769,1.0660538900373522,LOW,1212456,Monitor normally,Q1/2025
T10137,2024-07-01,18898,73869,548635,25.776305447117075,74.22369455288293,1.0416114385628472,LOW,1217858,Monitor normally,Q2/2025
T10137,2024-08-01,18694,73072,621707,29.209418886164418,70.79058111383559,1.0425353827423527,LOW,1125106,Monitor normally,Q2/2025
T10137,2024-09-01,26546,103764,725471,34.084522659009124,65.91547734099088,1.3710586007179193,LOW,957640,Monitor normally,Q2/2025
T10137,2024-10-01,16126,63034,788505,37.04602463674219,62.95397536325781,0.7542809277836502,LOW,955546,Monitor normally,Q3/2025
T10137,2024-11-01,16523,64585,853090,40.080396646005276,59.919603353994724,0.8077500312669362,LOW,909730,Monitor normally,Q3/2025
T10137,2024-12-01,20994,82062,935152,43.935883768776016,56.064116231223984,1.063976178025179,LOW,845861,Monitor normally,Q3/2025
T10137,2025-01-01,24895,97310,1032462,48.507761762449334,51.492238237550666,1.3922577629828166,LOW,736086,Monitor normally,Q4/2025
T10137,2025-02-01,17251,67431,1099893,51.675846286048,48.324153713952,0.8292158044245502,LOW,663992,Monitor normally,Q4/2025
T10137,2025-03-01,15657,61200,1161093,54.551182152997,45.448817847003,0.7439131615093819,LOW,621447,Monitor normally,Q4/2025
T10137,2025-04-01,16408,64136,1225229,57.56445896938002,42.43554103061998,0.8515851483351848,LOW,553782,Monitor normally,Q1/2026
T10137,2025-05-01,19132,74784,1300013,61.07800664052241,38.92199335947759,1.1638506590858395,LOW,494707,Monitor normally,Q1/2026
T10137,2025-06-01,18102,70758,1370771,64.40240231492726,35.59759768507274,1.0607335598640815,LOW,446122,Monitor normally,Q1/2026
T10138,2024-01-01,55596,447547,447547,19.783662400180354,80.21633759981964,6.403347036885128,LOW,1224705,Monitor normally,Q4/2024
T10138,2024-02-01,33651,270890,718437,31.758262403274678,68.24173759672533,0.6052772111085539,LOW,1113687,Monitor normally,Q4/2024
T10138,2024-03-01,28672,230809,949246,41.961095479852624,58.038904520147376,0.6425309386905185,LOW,920603,Monitor normally,Q4/2024
T10138,2024-04-01,39868,320937,1270183,56.14800603835638,43.85199396164362,1.0142902893454384,LOW,650031,Monitor normally,Q1/2025
T10138,2024-05-01,45840,369012,1639195,72.46005556525603,27.539944434743973,1.3457179116887663,MED,348340,Plan replacement; increase monitoring; prepare PO,Q1/2025
T10138,2024-06-01,34392,276855,1916050,84.69833635766874,15.301663642331263,0.902044836971278,MED,90371,Plan replacement; increase monitoring; prepare PO,Q4/2024
T10138,2024-07-01,36348,292601,2208651,97.63266370642802,2.367336293571981,0.9079430784316159,HIGH,1266,Start replacement sourcing + secure backup tool,Q4/2024
T10138,2024-08-01,26124,210298,2418949,106.92881502781577,0.0,0.6722594696888972,HIGH,0,Start replacement sourcing + secure backup tool,Q4/2024
T10138,2024-09-01,31858,256456,2675405,118.26536498681597,0.0,0.9866804145922945,HIGH,0,Start replacement sourcing + secure backup tool,Q4/2024
T10138,2024-10-01,45389,365381,3040786,134.41690739787066,0.0,1.4435185124217262,HIGH,0,Start replacement sourcing + secure backup tool,Q1/2025
T10138,2024-11-01,57160,460137,3500923,154.75710645144892,0.0,1.6588786675238996,HIGH,0,Start replacement sourcing + secure backup tool,Q1/2025
T10138,2024-12-01,34270,275873,3776796,166.95197826898976,0.0,0.764915792800936,HIGH,0,Start replacement sourcing + secure backup tool,Q1/2025
T10138,2025-01-01,44007,354256,4131052,182.61174385168454,0.0,0.9649325262327366,HIGH,0,Start replacement sourcing + secure backup tool,Q2/2025
T10138,2025-02-01,38503,309949,4441001,196.31293362007423,0.0,0.8528625124510899,HIGH,0,Start replacement sourcing + secure backup tool,Q2/2025
T10138,2025-03-01,41274,332255,4773256,211.0001525060726,0.0,1.0603003155057347,HIGH,0,Start replacement sourcing + secure backup tool,Q2/2025
T10138,2025-04-01,26594,214081,4987337,220.46353005143212,0.0,0.6445246171446922,HIGH,0,Start replacement sourcing + secure backup tool,Q3/2025
T10138,2025-05-01,39483,317838,5305175,234.51345037253475,0.0,1.1135474754316612,HIGH,0,Start replacement sourcing + secure backup tool,Q3/2025
T10138,2025-06-01,38471,309691,5614866,248.2032353389724,0.0,1.0750994591367016,HIGH,0,Start replacement sourcing + secure backup tool,Q3/2025
T10139,2024-01-01,25135,238883,238883,37.48801443760053,62.51198556239947,0.8515214885754684,LOW,493323,Monitor normally,Q4/2024
T10139,2024-02-01,13276,126175,365058,57.288712778061125,42.711287221938875,0.528187439039195,LOW,304920,Monitor normally,Q4/2024
T10139,2024-03-01,32751,311265,676323,106.13566636588332,0.0,1.7052906661407228,HIGH,0,Start replacement sourcing + secure backup tool,Q2/2024
T10139,2024-04-01,35752,471668,1147991,180.15473341441407,0.0,2.092201507267977,HIGH,0,Start replacement sourcing + secure backup tool,Q3/2024
T10139,2024-05-01,24585,233655,1381646,216.82231550865077,0.0,0.7710470043163189,HIGH,0,Start replacement sourcing + secure backup tool,Q3/2024
T10139,2024-06-01,34633,329152,1710798,268.476283887167,0.0,0.9713433564039708,HIGH,0,Start replacement sourcing + secure backup tool,Q3/2024
T10139,2024-07-01,28709,272850,1983648,311.29475460002357,0.0,0.791270934532009,HIGH,0,Start replacement sourcing + secure backup tool,Q4/2024
T10139,2024-08-01,30459,289482,2273130,356.7232924006434,0.0,1.0392373904604402,HIGH,0,Start replacement sourcing + secure backup tool,Q4/2024
T10139,2024-09-01,29868,283865,2556995,401.270351916513,0.0,0.9552555065486313,HIGH,0,Start replacement sourcing + secure backup tool,Q4/2024
T10139,2024-10-01,34628,329104,2886099,452.9167876338813,0.0,1.1667637677751161,HIGH,0,Start replacement sourcing + secure backup tool,Q1/2025
T10139,2024-11-01,20841,198072,3084171,484.0003138608812,0.0,0.6584468298001775,HIGH,0,Start replacement sourcing + secure backup tool,Q1/2025
T10139,2024-12-01,23405,222441,3306612,518.9080779944289,0.0,0.8227981076172475,HIGH,0,Start replacement sourcing + secure backup tool,Q1/2025
T10139,2025-01-01,30824,292951,3599563,564.8810074934286,0.0,1.1724027069823657,HIGH,0,Start replacement sourcing + secure backup tool,Q2/2025
T10139,2025-02-01,22800,216691,3816254,598.8864215936286,0.0,0.9111503874056714,HIGH,0,Start replacement sourcing + secure backup tool,Q2/2025
T10139,2025-03-01,26760,254327,4070581,638.7980697555809,0.0,1.0422055969063617,HIGH,0,Start replacement sourcing + secure backup tool,Q2/2025
T10139,2025-04-01,30810,292818,4363399,684.750127505983,0.0,1.1498555569663167,HIGH,0,Start replacement sourcing + secure backup tool,Q3/2025
T10139,2025-05-01,33810,321330,4684729,735.1765859782652,0.0,1.2620379243712,HIGH,0,Start replacement sourcing + secure backup tool,Q3/2025
T10139,2025-06-01,31140,295954,4980683,781.6207775903331,0.0,1.022323037508276,HIGH,0,Start replacement sourcing + secure backup tool,Q3/2025
T10140,2024-01-01,44982,291483,291483,15.003041960525543,84.99695803947446,0.9608252701345564,LOW,1544637,Monitor normally,Q4/2024
T10140,2024-02-01,42554,275749,567232,29.196232704318348,70.80376729568165,0.9460208657108647,LOW,1233351,Monitor normally,Q4/2024
T10140,2024-03-01,69485,450262,1017494,52.37185419589814,47.62814580410186,1.587576159314002,LOW,769375,Monitor normally,Q4/2024
T10140,2024-04-01,34631,224408,1241902,63.92245110987809,36.07754889012191,0.661649110461585,LOW,527027,Monitor normally,Q1/2025
T10140,2024-05-01,30503,197659,1439561,74.09623918971643,25.903760810283572,0.6239111381401256,MED,349654,Plan replacement; increase monitoring; prepare PO,Q1/2025
T10140,2024-06-01,24931,161552,1601113,82.41154894982876,17.588451050171244,0.5555885451475304,MED,193608,Plan replacement; increase monitoring; prepare PO,Q4/2024
T10140,2024-07-01,50108,440910,2042023,105.1058097843039,0.0,2.266427241059664,HIGH,0,Start replacement sourcing + secure backup tool,Q4/2024
T10140,2024-08-01,40526,262608,2304631,118.62261468602952,0.0,0.9846310745499743,HIGH,0,Start replacement sourcing + secure backup tool,Q4/2024
T10140,2024-09-01,33483,216969,2521600,129.79031575653198,0.0,0.7524327511068468,HIGH,0,Start replacement sourcing + secure backup tool,Q4/2024
T10140,2024-10-01,62669,641025,3162625,162.78477846189006,0.0,2.089193003268922,HIGH,0,Start replacement sourcing + secure backup tool,Q1/2025
T10140,2024-11-01,32124,208163,3370788,173.49922226694517,0.0,0.5572799263253144,HIGH,0,Start replacement sourcing + secure backup tool,Q1/2025
T10140,2024-12-01,51108,331179,3701967,190.5454734495009,0.0,0.9318862043770288,HIGH,0,Start replacement sourcing + secure backup tool,Q1/2025
T10140,2025-01-01,42583,401379,4103346,211.205017845139,0.0,1.0201378045980614,HIGH,0,Start replacement sourcing + secure backup tool,Q2/2025
T10140,2025-02-01,49429,320299,4423645,227.69126005108023,0.0,1.0214473791910672,HIGH,0,Start replacement sourcing + secure backup tool,Q2/2025
T10140,2025-03-01,47876,310236,4733881,243.65954542506637,0.0,0.8839832949773806,HIGH,0,Start replacement sourcing + secure backup tool,Q2/2025
T10140,2025-04-01,52689,341424,5075305,261.2331212367963,0.0,0.9925943441023186,HIGH,0,Start replacement sourcing + secure backup tool,Q3/2025
T10140,2025-05-01,34003,220339,5295644,272.57428097009205,0.0,0.6800873287865024,HIGH,0,Start replacement sourcing + secure backup tool,Q3/2025
T10140,2025-06-01,42315,347621,5643265,290.4668251299911,0.0,1.1959451788362143,HIGH,0,Start replacement sourcing + secure backup tool,Q3/2025
T10141,2024-01-01,17450,104700,104700,15.077982113797722,84.92201788620228,0.3453986434773429,LOW,859837,Monitor normally,Q4/2024
T10141,2024-02-01,21584,129504,234204,33.7280202767897,66.27197972321031,1.2369054441260745,LOW,644160,Monitor normally,Q4/2024
T10141,2024-03-01,17396,104376,338580,48.75934273247022,51.24065726752978,0.8913255110928934,LOW,468028,Monitor normally,Q4/2024
T10141,2024-04-01,19670,118020,456600,65.75555523553047,34.244444764469534,1.0457203615098352,MED,326582,Plan replacement; increase monitoring; prepare PO,Q1/2025
T10141,2024-05-01,23166,138996,595596,85.77254856780772,14.227451432192282,1.1849616368286444,HIGH,107613,Start replacement sourcing + secure backup tool,Q3/2024
T10141,2024-06-01,25119,150714,746310,107.47706620199024,0.0,1.2511123655199894,HIGH,0,Start replacement sourcing + secure backup tool,Q3/2024
T10141,2024-07-01,14345,86070,832380,119.87211797404917,0.0,0.6332867338680008,HIGH,0,Start replacement sourcing + secure backup tool,Q4/2024
T10141,2024-08-01,15796,94776,927156,133.52093204107203,0.0,0.7566342008622066,HIGH,0,Start replacement sourcing + secure backup tool,Q4/2024
T10141,2024-09-01,17693,106158,1033314,148.80888261639714,0.0,0.9605320304017373,HIGH,0,Start replacement sourcing + secure backup tool,Q4/2024
T10141,2024-10-01,15811,94866,1128180,162.47065769956365,0.0,0.9916168415771208,HIGH,0,Start replacement sourcing + secure backup tool,Q1/2025
T10141,2024-11-01,23983,143898,1272078,183.19359437779923,0.0,1.4594117647058824,HIGH,0,Start replacement sourcing + secure backup tool,Q1/2025
T10141,2024-12-01,19381,116286,1388364,199.94009130315817,0.0,1.0114112755927427,HIGH,0,Start replacement sourcing + secure backup tool,Q1/2025
T10141,2025-01-01,14088,84528,1472892,212.11307766528896,0.0,0.7142205323193916,HIGH,0,Start replacement sourcing + secure backup tool,Q2/2025
T10141,2025-02-01,20168,121008,1593900,229.5395959043189,0.0,1.053122606697765,HIGH,0,Start replacement sourcing + secure backup tool,Q2/2025
T10141,2025-03-01,23562,141372,1735272,249.89876006278894,0.0,1.3178589406566363,HIGH,0,Start replacement sourcing + secure backup tool,Q2/2025
T10141,2025-04-01,26119,156714,1891986,272.4673454398825,0.0,1.3552353938219932,HIGH,0,Start replacement sourcing + secure backup tool,Q3/2025
T10141,2025-05-01,13829,82974,1974960,284.4165382565993,0.0,0.5939526693295537,HIGH,0,Start replacement sourcing + secure backup tool,Q3/2025
T10141,2025-06-01,19219,115314,2090274,301.0230562076067,0.0,0.9078412848370335,HIGH,0,Start replacement sourcing + secure backup tool,Q3/2025
T10142,2024-01-01,39798,326232,326232,29.447068625158977,70.55293137484102,2.7568746091571317,LOW,656824,Monitor normally,Q4/2024
T10142,2024-02-01,43726,358430,684662,61.80046377743016,38.19953622256984,1.0986966330709433,LOW,304234,Monitor normally,Q4/2024
T10142,2024-03-01,38984,319559,1004221,90.64519943422404,9.35480056577596,0.9334795855473211,HIGH,4845,Start replacement sourcing + secure backup tool,Q2/2024
T10142,2024-04-01,45409,372226,1376447,124.24387941064703,0.0,1.1119843142097208,HIGH,0,Start replacement sourcing + secure backup tool,Q3/2024
T10142,2024-05-01,35851,293877,1670324,150.7704500301934,0.0,0.8394766785848612,HIGH,0,Start replacement sourcing + secure backup tool,Q3/2024
T10142,2024-06-01,37440,413720,2084044,188.11455248366445,0.0,1.2592146192102365,HIGH,0,Start replacement sourcing + secure backup tool,Q3/2024
T10142,2024-07-01,41481,340028,2424072,218.8069059329752,0.0,0.9446770442933703,HIGH,0,Start replacement sourcing + secure backup tool,Q4/2024
T10142,2024-08-01,54297,445083,2869155,258.98196431134284,0.0,1.2745486218828304,HIGH,0,Start replacement sourcing + secure backup tool,Q4/2024
T10142,2024-09-01,35287,289254,3158409,285.0912435607781,0.0,0.7238401409372964,HIGH,0,Start replacement sourcing + secure backup tool,Q4/2024
T10142,2024-10-01,62155,509496,3667905,331.0804894846727,0.0,1.4226896818120471,HIGH,0,Start replacement sourcing + secure backup tool,Q1/2025
T10142,2024-11-01,47342,388071,4055976,366.10940561930715,0.0,0.9359881913407989,HIGH,0,Start replacement sourcing + secure backup tool,Q1/2025
T10142,2024-12-01,43102,353315,4409291,398.00109941788617,0.0,0.893095926007376,HIGH,0,Start replacement sourcing + secure backup tool,Q1/2025
T10142,2025-01-01,48350,396334,4805625,433.77586858977537,0.0,0.9505309053931545,HIGH,0,Start replacement sourcing + secure backup tool,Q2/2025
T10142,2025-02-01,50035,410146,5215771,470.7973668129248,0.0,1.0814945680835355,HIGH,0,Start replacement sourcing + secure backup tool,Q2/2025
T10142,2025-03-01,54895,449985,5665756,511.414900271605,0.0,1.1639600101742118,HIGH,0,Start replacement sourcing + secure backup tool,Q2/2025
T10142,2025-04-01,38756,317690,5983446,540.0909321493078,0.0,0.7585328680066695,HIGH,0,Start replacement sourcing + secure backup tool,Q3/2025
T10142,2025-05-01,48251,395523,6378969,575.7924970596439,0.0,1.0074272746028472,HIGH,0,Start replacement sourcing + secure backup tool,Q3/2025
T10142,2025-06-01,42255,346372,6725341,607.0574865574049,0.0,0.8933268454725678,HIGH,0,Start replacement sourcing + secure backup tool,Q3/2025
T10143,2024-01-01,43671,110487,110487,6.82590714932641,93.17409285067359,0.31282152918359546,LOW,1330163,Monitor normally,Q4/2024
T10143,2024-02-01,36818,93149,203636,12.580669474781947,87.41933052521806,0.8430765610433807,LOW,1259357,Monitor normally,Q4/2024
T10143,2024-03-01,30599,77415,281051,17.36338239091782,82.63661760908218,0.760327250584376,LOW,1176287,Monitor normally,Q4/2024
T10143,2024-04-01,43476,109994,391045,24.15883190971197,75.84116809028802,1.1741000743637275,LOW,1187795,Monitor normally,Q1/2025
T10143,2024-05-01,52709,133353,524398,32.39740473804584,67.60259526195415,1.4259404472515487,LOW,877165,Monitor normally,Q1/2025
T10143,2024-06-01,47580,162395,686793,42.43019765951953,57.56980234048047,1.518836395832424,LOW,780139,Monitor normally,Q1/2025
T10143,2024-07-01,47179,119362,806155,49.804403938610264,50.195596061389736,0.882546051431698,LOW,616609,Monitor normally,Q2/2025
T10143,2024-08-01,34890,115722,921877,56.95373034926809,43.04626965073191,0.836322902363229,LOW,465056,Monitor normally,Q2/2025
T10143,2024-09-01,45566,115281,1037158,64.0758116989427,35.9241883010573,0.8700912501037791,LOW,375567,Monitor normally,Q2/2025
T10143,2024-10-01,41107,159092,1196250,73.90454467386859,26.095455326131415,1.3622251081015513,HIGH,293431,Start replacement sourcing + secure backup tool,Q1/2025
T10143,2024-11-01,48312,122229,1318479,81.45587473944208,18.54412526055792,0.9399941040003076,HIGH,114658,Start replacement sourcing + secure backup tool,Q1/2025
T10143,2024-12-01,41015,103767,1422246,87.86661905473848,12.133380945261521,0.7849203987877016,HIGH,16114,Start replacement sourcing + secure backup tool,Q1/2025
T10143,2025-01-01,43848,110935,1533181,94.72020372633355,5.279796273666449,0.8642310329067642,HIGH,1028,Start replacement sourcing + secure backup tool,Q2/2025
T10143,2025-02-01,41925,161456,1694637,104.69498505537358,0.0,1.4375881115124463,HIGH,0,Start replacement sourcing + secure backup tool,Q2/2025
T10143,2025-03-01,50986,128994,1823631,112.66425806324068,0.0,1.028775142360391,HIGH,0,Start replacement sourcing + secure backup tool,Q2/2025
T10143,2025-04-01,44888,113566,1937197,119.68038639798053,0.0,0.8488060091931686,HIGH,0,Start replacement sourcing + secure backup tool,Q3/2025
T10143,2025-05-01,31673,80132,2017329,124.63095607305384,0.0,0.5950160389687537,HIGH,0,Start replacement sourcing + secure backup tool,Q3/2025
T10143,2025-06-01,42546,107641,2124970,131.28103681975384,0.0,1.0007158528875832,HIGH,0,Start replacement sourcing + secure backup tool,Q3/2025
T10144,2024-01-01,20618,103090,103090,5.472338916615972,94.52766108338403,1.0263191953248667,LOW,1869639,Monitor normally,Q4/2024
T10144,2024-02-01,15738,78690,181780,9.649449687287335,90.35055031271267,0.7633136094674556,LOW,1713546,Monitor normally,Q4/2024
T10144,2024-03-01,9927,49635,231415,12.284230384990641,87.71576961500936,0.5460996809329959,LOW,1540889,Monitor normally,Q4/2024
T10144,2024-04-01,19886,99430,330845,17.562285079714922,82.43771492028507,1.2889829959164272,LOW,1528266,Monitor normally,Q1/2025
T10144,2024-05-01,19816,99080,429925,22.821760682181804,77.1782393178182,1.3050866062215978,LOW,1384786,Monitor normally,Q1/2025
T10144,2024-06-01,16918,84590,514515,27.312061865192227,72.68793813480778,1.022668198029378,LOW,1321269,Monitor normally,Q1/2025
T10144,2024-07-01,19622,98110,612625,32.52004684054574,67.47995315945425,1.039667961850936,LOW,1197013,Monitor normally,Q2/2025
T10144,2024-08-01,24812,124060,736685,39.10553879898377,60.89446120101623,1.3208176591667258,LOW,1106309,Monitor normally,Q2/2025
T10144,2024-09-01,21726,108630,845315,44.871958204474055,55.128041795525945,1.0623614552092842,LOW,991547,Monitor normally,Q2/2025
T10144,2024-10-01,17364,86820,932135,49.480634746724505,50.519365253275495,0.7873639661426843,LOW,893792,Monitor normally,Q3/2025
T10144,2024-11-01,21260,106300,1038435,55.12337048090122,44.87662951909878,0.9980908265781979,LOW,838665,Monitor normally,Q3/2025
T10144,2024-12-01,15805,79025,1117460,59.31826409701896,40.68173590298104,0.7856669428334715,LOW,725750,Monitor normally,Q3/2025
T10144,2025-01-01,12570,62850,1180310,62.654538235241034,37.345461764758966,0.692829190321336,LOW,686636,Monitor normally,Q4/2025
T10144,2025-02-01,13132,65660,1245970,66.13997594272968,33.86002405727032,0.7937141130250831,MED,543737,Plan replacement; increase monitoring; prepare PO,Q4/2025
T10144,2025-03-01,20335,101675,1347645,71.53720224350502,28.46279775649498,1.4697520900089143,MED,477530,Plan replacement; increase monitoring; prepare PO,Q4/2025
T10144,2025-04-01,10075,50375,1398020,74.21126445055253,25.788735549447466,0.6565371331754893,MED,429503,Plan replacement; increase monitoring; prepare PO,Q1/2026
T10144,2025-05-01,24297,121485,1519505,80.66006737309684,19.339932626903163,1.674038859032658,MED,293921,Plan replacement; increase monitoring; prepare PO,Q4/2025
T10144,2025-06-01,16720,83600,1603105,85.09781626657919,14.902183733420813,0.9168844937576545,HIGH,198828,Start replacement sourcing + secure backup tool,Q3/2025
T10145,2024-01-01,26059,61916,61916,2.7839477418531,97.2160522581469,0.7271118766147342,LOW,1677718,Monitor normally,Q4/2024
T10145,2024-02-01,22432,53298,115214,5.180401756086682,94.81959824391332,0.8608114219264811,LOW,1749246,Monitor normally,Q4/2024
T10145,2024-03-01,20596,48936,164150,7.380725851559957,92.61927414844004,0.8494800979047685,LOW,1729656,Monitor normally,Q4/2024
T10145,2024-04-01,31811,75582,239732,10.779142064247162,89.22085793575283,1.381334145598538,LOW,1642780,Monitor normally,Q1/2025
T10145,2024-05-01,29128,69208,308940,13.89096219665509,86.1090378033449,1.1676339586988798,LOW,1579342,Monitor normally,Q1/2025
T10145,2024-06-01,25115,59673,368613,16.5740572544689,83.4259427455311,0.9240834993754065,LOW,1441123,Monitor normally,Q1/2025
T10145,2024-07-01,24558,58349,426962,19.197620901819935,80.80237909818007,0.8561304490298979,LOW,1449888,Monitor normally,Q2/2025
T10145,2024-08-01,24033,57102,484064,21.765115312881626,78.23488468711838,0.9149495273193399,LOW,1381336,Monitor normally,Q2/2025
T10145,2024-09-01,38282,90958,575022,25.854887241033868,74.14511275896614,1.5581759210616477,LOW,1245208,Monitor normally,Q2/2025
T10145,2024-10-01,29619,70374,645396,29.019134582353885,70.98086541764611,1.0228333066872084,LOW,1144459,Monitor normally,Q3/2025
T10145,2024-11-01,19776,46987,692383,31.131825204268278,68.86817479573172,0.6453253614364065,LOW,1159833,Monitor normally,Q3/2025
T10145,2024-12-01,21969,52198,744581,33.47881958745272,66.52118041254728,0.7517029171607006,LOW,1104456,Monitor normally,Q3/2025
T10145,2025-01-01,28457,67613,812194,36.5189232548394,63.4810767451606,1.1962738633749905,LOW,1038877,Monitor normally,Q4/2025
T10145,2025-02-01,23224,55180,867374,38.99999820146796,61.00000179853204,0.992457943140805,LOW,1001969,Monitor normally,Q4/2025
T10145,2025-03-01,28337,67328,934702,42.02728732808282,57.97271267191718,1.1542536473304341,LOW,947754,Monitor normally,Q4/2025
T10145,2025-04-01,35776,85003,1019705,45.849302799055415,54.150697200944585,1.3412984362590141,LOW,844225,Monitor normally,Q1/2026
T10145,2025-05-01,28095,66753,1086458,48.85073802762185,51.14926197237815,0.9650524550505757,LOW,786688,Monitor normally,Q1/2026
T10145,2025-06-01,27939,66383,1152841,51.8355368348354,48.1644631651646,0.9090075039710795,LOW,550738,Monitor normally,Q1/2026
T10146,2024-01-01,26470,87351,87351,21.91851974526129,78.08148025473871,1.2013120074814683,LOW,1159441,Monitor normally,Q4/2024
T10146,2024-02-01,29431,97122,184473,46.28882431761039,53.71117568238961,1.1118590514132638,LOW,459223,Monitor normally,Q4/2024
T10146,2024-03-01,28492,94023,278496,69.88151337679348,30.118486623206522,1.0193686881006976,MED,327011,Plan replacement; increase monitoring; prepare PO,Q4/2024
T10146,2024-04-01,29962,145640,424136,106.42618047505057,0.0,1.5688555670458462,HIGH,0,Start replacement sourcing + secure backup tool,Q3/2024
T10146,2024-05-01,33263,109767,533903,133.96942733974697,0.0,0.9777781076948201,HIGH,0,Start replacement sourcing + secure backup tool,Q3/2024
T10146,2024-06-01,23892,106406,640309,160.6693164310484,0.0,0.9135391923990498,HIGH,0,Start replacement sourcing + secure backup tool,Q3/2024
T10146,2024-07-01,31036,102418,742727,186.36851798878868,0.0,0.8492066343663716,HIGH,0,Start replacement sourcing + secure backup tool,Q4/2024
T10146,2024-08-01,26910,88803,831530,208.65138033654014,0.0,0.8362100624311422,HIGH,0,Start replacement sourcing + secure backup tool,Q4/2024
T10146,2024-09-01,34551,114018,945548,237.26130791968404,0.0,1.1492707314860546,HIGH,0,Start replacement sourcing + secure backup tool,Q4/2024
T10146,2024-10-01,31125,102712,1048260,263.03428132668887,0.0,1.009490923505843,HIGH,0,Start replacement sourcing + secure backup tool,Q1/2025
T10146,2024-11-01,20812,68679,1116939,280.26753586967976,0.0,0.6743526885802843,HIGH,0,Start replacement sourcing + secure backup tool,Q1/2025
T10146,2024-12-01,24839,81968,1198907,300.8353281843594,0.0,0.8615846031484642,HIGH,0,Start replacement sourcing + secure backup tool,Q1/2025
T10146,2025-01-01,25978,85727,1284634,322.34634628606415,0.0,1.0150853137247937,HIGH,0,Start replacement sourcing + secure backup tool,Q2/2025
T10146,2025-02-01,24559,119928,1404562,352.4392385942197,0.0,1.522096338852835,HIGH,0,Start replacement sourcing + secure backup tool,Q2/2025
T10146,2025-03-01,28067,92621,1497183,375.6801312837807,0.0,0.9660666914676505,HIGH,0,Start replacement sourcing + secure backup tool,Q2/2025
T10146,2025-04-01,30867,101861,1599044,401.2395678073702,0.0,1.0244974453191005,HIGH,0,Start replacement sourcing + secure backup tool,Q3/2025
T10146,2025-05-01,21597,71270,1670314,419.122968137587,0.0,0.6800356222766452,HIGH,0,Start replacement sourcing + secure backup tool,Q3/2025
T10146,2025-06-01,29342,96828,1767142,443.41950086067163,0.0,1.093064210241127,HIGH,0,Start replacement sourcing + secure backup tool,Q3/2025
T10147,2024-01-01,49314,306239,306239,41.827015007730594,58.172984992269406,3.40317233357658,LOW,445730,Monitor normally,Q4/2024
T10147,2024-02-01,27406,170191,476430,65.07219772835298,34.927802271647025,0.5557456757630478,MED,250851,Plan replacement; increase monitoring; prepare PO,Q4/2024
T10147,2024-03-01,29821,185188,661618,90.36571441059009,9.634285589409913,0.7773985685200344,HIGH,10076,Start replacement sourcing + secure backup tool,Q2/2024
T10147,2024-04-01,39486,377332,1038950,141.9028185250138,0.0,1.7109510321665975,HIGH,0,Start replacement sourcing + secure backup tool,Q3/2024
T10147,2024-05-01,47741,374254,1413204,193.01952043007228,0.0,1.5323394899216745,HIGH,0,Start replacement sourcing + secure backup tool,Q3/2024
T10147,2024-06-01,26120,162205,1575409,215.1739519993007,0.0,0.5194582684831133,HIGH,0,Start replacement sourcing + secure backup tool,Q3/2024
T10147,2024-07-01,42018,260931,1836340,250.8126683384415,0.0,0.85664336812247,HIGH,0,Start replacement sourcing + secure backup tool,Q4/2024
T10147,2024-08-01,37109,230446,2066786,282.2876545435672,0.0,0.8670010910595818,HIGH,0,Start replacement sourcing + secure backup tool,Q4/2024
T10147,2024-09-01,49213,305612,2372398,324.0290320642049,0.0,1.4027864904480234,HIGH,0,Start replacement sourcing + secure backup tool,Q4/2024
T10147,2024-10-01,40282,343347,2715745,370.9243658455302,0.0,1.292415579135973,HIGH,0,Start replacement sourcing + secure backup tool,Q1/2025
T10147,2024-11-01,39164,243208,2958953,404.14242319942747,0.0,0.8296791580671022,HIGH,0,Start replacement sourcing + secure backup tool,Q1/2025
T10147,2024-12-01,38556,315634,3274587,447.25263468441153,0.0,1.0613506215764537,HIGH,0,Start replacement sourcing + secure backup tool,Q1/2025
T10147,2025-01-01,46278,439966,3714553,507.34447303580106,0.0,1.4629950043726978,HIGH,0,Start replacement sourcing + secure backup tool,Q2/2025
T10147,2025-02-01,24942,154889,3869442,528.4996640060316,0.0,0.465221544080544,HIGH,0,Start replacement sourcing + secure backup tool,Q2/2025
T10147,2025-03-01,41641,258590,4128032,563.8186397434426,0.0,0.8520366528316103,HIGH,0,Start replacement sourcing + secure backup tool,Q2/2025
T10147,2025-04-01,38765,240730,4368762,596.698244636389,0.0,0.8462056723046008,HIGH,0,Start replacement sourcing + secure backup tool,Q3/2025
T10147,2025-05-01,36551,226981,4595743,627.6999710444222,0.0,1.0408646166592022,HIGH,0,Start replacement sourcing + secure backup tool,Q3/2025
T10147,2025-06-01,37456,232601,4828344,659.4692934292691,0.0,0.9607628242285223,HIGH,0,Start replacement sourcing + secure backup tool,Q3/2025
T10148,2024-01-01,39579,375050,375050,40.894410533868054,59.105589466131946,1.6066410399936029,LOW,682204,Monitor normally,Q4/2024
T10148,2024-02-01,36195,507963,883013,96.28128550524579,3.7187144947542095,1.3543874150113318,HIGH,9177,Start replacement sourcing + secure backup tool,Q2/2024
T10148,2024-03-01,47746,452441,1335454,145.6141957741534,0.0,1.024766339793412,HIGH,0,Start replacement sourcing + secure backup tool,Q2/2024
T10148,2024-04-01,40362,382470,1717924,187.31766250362548,0.0,0.8591909567832363,HIGH,0,Start replacement sourcing + secure backup tool,Q3/2024
T10148,2024-05-01,40942,387966,2105890,229.62039781140487,0.0,0.8667216730683593,HIGH,0,Start replacement sourcing + secure backup tool,Q3/2024
T10148,2024-06-01,31930,302568,2408458,262.61157233856494,0.0,0.7422692552071876,HIGH,0,Start replacement sourcing + secure backup tool,Q3/2024
T10148,2024-07-01,46453,440188,2848646,310.60844951249453,0.0,1.2307167540847936,HIGH,0,Start replacement sourcing + secure backup tool,Q4/2024
T10148,2024-08-01,33051,313191,3161837,344.7579264609352,0.0,0.8309496056501953,HIGH,0,Start replacement sourcing + secure backup tool,Q4/2024
T10148,2024-09-01,28459,269677,3431514,374.16275768221755,0.0,0.7661662943310602,HIGH,0,Start replacement sourcing + secure backup tool,Q4/2024
T10148,2024-10-01,34159,323690,3755204,409.45701643627103,0.0,0.9491855773291002,HIGH,0,Start replacement sourcing + secure backup tool,Q1/2025
T10148,2024-11-01,41921,397243,4152447,452.7712900630017,0.0,1.3145645397205694,HIGH,0,Start replacement sourcing + secure backup tool,Q1/2025
T10148,2024-12-01,36110,342178,4494625,490.08142899823144,0.0,1.036264523879226,HIGH,0,Start replacement sourcing + secure backup tool,Q1/2025
T10148,2025-01-01,35172,333289,4827914,526.4223360570832,0.0,0.940510445287463,HIGH,0,Start replacement sourcing + secure backup tool,Q2/2025
T10148,2025-02-01,28270,267886,5095800,555.6318816117447,0.0,0.7491847750090891,HIGH,0,Start replacement sourcing + secure backup tool,Q2/2025
T10148,2025-03-01,28606,271070,5366870,585.1886016848431,0.0,0.8620420987689656,HIGH,0,Start replacement sourcing + secure backup tool,Q2/2025
T10148,2025-04-01,23625,223870,5590740,609.5987648263364,0.0,0.7699786183927682,HIGH,0,Start replacement sourcing + secure backup tool,Q3/2025
T10148,2025-05-01,45510,431252,6021992,656.621285374401,0.0,1.6960040690799736,HIGH,0,Start replacement sourcing + secure backup tool,Q3/2025
T10148,2025-06-01,28748,272416,6294408,686.3247695498289,0.0,0.8823742809266328,HIGH,0,Start replacement sourcing + secure backup tool,Q3/2025
T10149,2024-01-01,52320,355671,355671,36.19280114621578,63.80719885378422,1.1503711977299045,LOW,701852,Monitor normally,Q4/2024
T10149,2024-02-01,37331,253776,609447,62.016847255350505,37.983152744649495,0.7135133311402954,LOW,551346,Monitor normally,Q4/2024
T10149,2024-03-01,37039,251791,861238,87.63890132612607,12.361098673873926,0.8262933446222559,HIGH,46853,Start replacement sourcing + secure backup tool,Q2/2024
T10149,2024-04-01,41282,280635,1141873,116.19609814472602,0.0,0.9775520820028842,HIGH,0,Start replacement sourcing + secure backup tool,Q3/2024
T10149,2024-05-01,43019,292443,1434316,145.9548677537264,0.0,1.1159078710051615,HIGH,0,Start replacement sourcing + secure backup tool,Q3/2024
T10149,2024-06-01,40653,421719,1856035,188.86866141860483,0.0,1.5337671800007033,HIGH,0,Start replacement sourcing + secure backup tool,Q3/2024
T10149,2024-07-01,42388,288153,2144188,218.1908840026376,0.0,0.8689803045244406,HIGH,0,Start replacement sourcing + secure backup tool,Q4/2024
T10149,2024-08-01,56765,385888,2530076,257.4585432965101,0.0,1.1549901976923422,HIGH,0,Start replacement sourcing + secure backup tool,Q4/2024
T10149,2024-09-01,35518,241451,2771527,282.028407101979,0.0,0.6610507775425276,HIGH,0,Start replacement sourcing + secure backup tool,Q4/2024
T10149,2024-10-01,38984,265013,3036540,308.99592149073175,0.0,0.8684281238940373,HIGH,0,Start replacement sourcing + secure backup tool,Q1/2025
T10149,2024-11-01,40313,274047,3310587,336.88272861224857,0.0,0.9213191655310908,HIGH,0,Start replacement sourcing + secure backup tool,Q1/2025
T10149,2024-12-01,43287,294265,3604852,366.8269035078436,0.0,1.1310474804326909,HIGH,0,Start replacement sourcing + secure backup tool,Q1/2025
T10149,2025-01-01,52943,359906,3964758,403.4506549222967,0.0,1.2956745567455674,HIGH,0,Start replacement sourcing + secure backup tool,Q2/2025
T10149,2025-02-01,34351,233518,4198276,427.213262888822,0.0,0.754730031091834,HIGH,0,Start replacement sourcing + secure backup tool,Q2/2025
T10149,2025-03-01,33710,229160,4427436,450.53240420387664,0.0,0.7744604247658808,HIGH,0,Start replacement sourcing + secure backup tool,Q2/2025
T10149,2025-04-01,44242,300757,4728193,481.13719991208006,0.0,1.0968739970629138,HIGH,0,Start replacement sourcing + secure backup tool,Q3/2025
T10149,2025-05-01,50928,346208,5074401,516.3670536230351,0.0,1.3604615979094488,HIGH,0,Start replacement sourcing + secure backup tool,Q3/2025
T10149,2025-06-01,44518,302633,5377034,547.1627496153502,0.0,1.036266514481381,HIGH,0,Start replacement sourcing + secure backup tool,Q3/2025
T10150,2024-01-01,16942,74544,74544,2.986944140249818,97.01305585975018,0.23550175969199597,LOW,1867387,Monitor normally,Q4/2024
T10150,2024-02-01,25634,112789,187333,7.50634801761938,92.49365198238063,1.5130526937110969,LOW,1873018,Monitor normally,Q4/2024
T10150,2024-03-01,21299,93715,281048,11.261465399347106,88.7385346006529,1.0005177945156487,LOW,1724764,Monitor normally,Q4/2024
T10150,2024-04-01,21499,94595,375643,15.051843980412405,84.9481560195876,1.0097385499985767,LOW,1748299,Monitor normally,Q1/2025
T10150,2024-05-01,19190,84436,460079,18.43515605685227,81.56484394314774,0.8412781178283555,LOW,1692901,Monitor normally,Q1/2025
T10150,2024-06-01,15196,66862,526941,21.114285954702982,78.88571404529702,0.7354315003703079,LOW,1631472,Monitor normally,Q1/2025
T10150,2024-07-01,15569,68503,595444,23.85916997540932,76.14083002459068,0.8357659632441754,LOW,1571334,Monitor normally,Q2/2025
T10150,2024-08-01,26836,164385,759829,30.446002081212153,69.55399791878784,2.2436431135436146,LOW,1311733,Monitor normally,Q2/2025
T10150,2024-09-01,21662,95312,855141,34.26511052582863,65.73488947417137,0.9539149291075896,LOW,1308499,Monitor normally,Q2/2025
T10150,2024-10-01,19210,84524,939665,37.651948722202256,62.348051277797744,0.7726142595978062,LOW,1227862,Monitor normally,Q3/2025
T10150,2024-11-01,22984,101129,1040794,41.70414170834901,58.29585829165099,0.8813727227566012,LOW,1151304,Monitor normally,Q3/2025
T10150,2024-12-01,19827,87238,1128032,45.19972864904328,54.80027135095672,0.9314825690032567,LOW,1082654,Monitor normally,Q3/2025
T10150,2025-01-01,19125,119904,1247936,50.00422733696603,49.99577266303397,1.3181526690143683,LOW,1002980,Monitor normally,Q4/2025
T10150,2025-02-01,18394,80933,1328869,53.24717579831556,46.75282420168444,0.7876154422569752,LOW,842350,Monitor normally,Q4/2025
T10150,2025-03-01,20080,88352,1417221,56.787400211807615,43.212599788192385,0.9200937255922936,LOW,788409,Monitor normally,Q4/2025
T10150,2025-04-01,19450,85580,1502801,60.21655184738633,39.78344815261367,0.887793104163713,LOW,659874,Monitor normally,Q1/2026
T10150,2025-05-01,14933,65705,1568506,62.849321282017065,37.150678717982935,0.7734094520628568,LOW,671901,Monitor normally,Q1/2026
T10150,2025-06-01,21625,95150,1663656,66.66193846039185,33.33806153960815,1.191176654690219,LOW,558640,Monitor normally,Q1/2026
T10151,2024-01-01,25308,167032,167032,8.30885096180153,91.69114903819847,2.0333799987826406,LOW,1531905,Monitor normally,Q4/2024
T10151,2024-02-01,29870,197142,364174,18.115495774241527,81.88450422575848,1.1802648594281335,LOW,1425074,Monitor normally,Q4/2024
T10151,2024-03-01,24510,161766,525940,26.162394480398348,73.83760551960165,0.8883995013372729,LOW,1276346,Monitor normally,Q4/2024
T10151,2024-04-01,19550,129030,654970,32.58087141656179,67.41912858343821,0.7359965015020724,LOW,1222366,Monitor normally,Q1/2025
T10151,2024-05-01,31704,209246,864216,42.989618413263756,57.010381586736244,1.2865118109267981,LOW,966516,Monitor normally,Q1/2025
T10151,2024-06-01,25050,165330,1029546,51.21380497341179,48.78619502658821,0.9918966806788231,LOW,763433,Monitor normally,Q1/2025
T10151,2024-07-01,23561,155502,1185048,58.94910684528103,41.05089315471897,0.9263312986739635,LOW,621563,Monitor normally,Q2/2025
T10151,2024-08-01,31588,285736,1470784,73.16277750971253,26.837222490287473,1.617135591365799,MED,385899,Plan replacement; increase monitoring; prepare PO,Q2/2025
T10151,2024-09-01,23318,153898,1624682,80.81828989847236,19.181710101527642,0.7611578586407459,MED,182714,Plan replacement; increase monitoring; prepare PO,Q1/2025
T10151,2024-10-01,26326,173751,1798433,89.46137124494476,10.538628755055242,0.8758552666953436,HIGH,37789,Start replacement sourcing + secure backup tool,Q1/2025
T10151,2024-11-01,27880,184008,1982441,98.61467748434305,1.3853225156569522,0.8999633183074253,HIGH,249,Start replacement sourcing + secure backup tool,Q1/2025
T10151,2024-12-01,29358,193762,2176203,108.2531873510787,0.0,1.1360853071491253,HIGH,0,Start replacement sourcing + secure backup tool,Q1/2025
T10151,2025-01-01,27558,181882,2358085,117.30073770451031,0.0,0.9893476404343624,HIGH,0,Start replacement sourcing + secure backup tool,Q2/2025
T10151,2025-02-01,25956,260005,2618090,130.23444378671735,0.0,1.3937500446706168,HIGH,0,Start replacement sourcing + secure backup tool,Q2/2025
T10151,2025-03-01,21990,218158,2836248,141.0865099065309,0.0,1.0296154009524123,HIGH,0,Start replacement sourcing + secure backup tool,Q2/2025
T10151,2025-04-01,28660,189156,3025404,150.49589860169428,0.0,0.8597413812694589,HIGH,0,Start replacement sourcing + secure backup tool,Q3/2025
T10151,2025-05-01,18901,124746,3150150,156.70127195578746,0.0,0.560808249128228,HIGH,0,Start replacement sourcing + secure backup tool,Q3/2025
T10151,2025-06-01,16028,105784,3255934,161.9633983156659,0.0,0.5964590459722587,HIGH,0,Start replacement sourcing + secure backup tool,Q3/2025
T10152,2024-01-01,22369,51448,51448,5.119626795048745,94.88037320495125,0.3677606591594668,LOW,992234,Monitor normally,Q4/2024
T10152,2024-02-01,15107,34746,86194,8.577225780835631,91.42277421916437,0.6753615300886332,LOW,923584,Monitor normally,Q4/2024
T10152,2024-03-01,19662,45222,131416,13.077298921204438,86.92270107879557,1.049307376383507,LOW,897954,Monitor normally,Q4/2024
T10152,2024-04-01,22714,52242,183658,18.275937216705458,81.72406278329454,1.192594509039995,LOW,812181,Monitor normally,Q1/2025
T10152,2024-05-01,19697,45303,228961,22.784070724248867,77.21592927575114,1.0279782164737916,LOW,744841,Monitor normally,Q1/2025
T10152,2024-06-01,26908,83817,312778,31.12475955725697,68.87524044274303,1.7612683603353716,LOW,763195,Monitor normally,Q1/2025
T10152,2024-07-01,29873,68707,381485,37.96184162473119,62.03815837526881,1.1365170212062063,LOW,580180,Monitor normally,Q2/2025
T10152,2024-08-01,22484,51713,433198,43.107838756832656,56.892161243167344,0.7842155014229605,LOW,566106,Monitor normally,Q2/2025
T10152,2024-09-01,21668,49836,483034,48.067054294036225,51.932945705963775,0.7320319041114,LOW,457185,Monitor normally,Q2/2025
T10152,2024-10-01,15500,35650,518684,51.61461095791991,48.38538904208009,0.6281716943896251,LOW,434056,Monitor normally,Q3/2025
T10152,2024-11-01,23705,54521,573205,57.04003415207425,42.95996584792575,1.1921588349769314,LOW,365221,Monitor normally,Q3/2025
T10152,2024-12-01,24265,55809,629014,62.593627135375364,37.406372864624636,1.1958473504896183,LOW,300442,Monitor normally,Q3/2025
T10152,2025-01-01,21180,48713,677727,67.44109214989895,32.55890785010105,1.0010891903000412,MED,315493,Plan replacement; increase monitoring; prepare PO,Q4/2025
T10152,2025-02-01,29318,67431,745158,74.15119855669671,25.848801443303287,1.2719390353552182,MED,213193,Plan replacement; increase monitoring; prepare PO,Q4/2025
T10152,2025-03-01,16150,37145,782303,77.84752372584003,22.152476274159966,0.6480549917710072,MED,148337,Plan replacement; increase monitoring; prepare PO,Q4/2025
T10152,2025-04-01,23910,82317,864620,86.03894650005921,13.961053499940789,1.6110157936968732,HIGH,68979,Start replacement sourcing + secure backup tool,Q3/2025
T10152,2025-05-01,27179,62511,927131,92.25946023402928,7.740539765970723,1.0034244193201458,HIGH,5867,Start replacement sourcing + secure backup tool,Q3/2025
T10152,2025-06-01,31219,71803,998934,99.40462744684388,0.5953725531561247,1.18374154407522,HIGH,620,Start replacement sourcing + secure backup tool,Q3/2025
T10153,2024-01-01,42743,235086,235086,9.642504690285305,90.3574953097147,3.2555728404521975,LOW,1867476,Monitor normally,Q4/2024
T10153,2024-02-01,59295,326122,561208,23.019026110553735,76.98097388944626,1.3872455186612558,LOW,1565951,Monitor normally,Q4/2024
T10153,2024-03-01,48510,266805,828013,33.962546625988814,66.03745337401119,0.950823936936038,LOW,1324906,Monitor normally,Q4/2024
T10153,2024-04-01,61097,336033,1164046,47.745586784018826,52.254413215981174,1.2174917543565138,LOW,1010384,Monitor normally,Q1/2025
T10153,2024-05-01,60073,330401,1494447,61.297619623809176,38.702380376190824,1.067002884946607,LOW,594839,Monitor normally,Q1/2025
T10153,2024-06-01,35334,248303,1742750,71.48224500393351,28.517754996066486,0.7981974606719179,MED,429961,Plan replacement; increase monitoring; prepare PO,Q1/2025
T10153,2024-07-01,49077,269923,2012673,82.55365628965824,17.446343710341765,0.8852478909238394,MED,210674,Plan replacement; increase monitoring; prepare PO,Q1/2025
T10153,2024-08-01,51881,285345,2298018,94.25763058353138,5.74236941646862,1.0087293946574878,HIGH,959,Start replacement sourcing + secure backup tool,Q4/2024
T10153,2024-09-01,51373,282551,2580569,105.84700359062155,0.0,1.0548576292574023,HIGH,0,Start replacement sourcing + secure backup tool,Q4/2024
T10153,2024-10-01,43285,238067,2818636,115.61177973255326,0.0,0.8524526180475736,HIGH,0,Start replacement sourcing + secure backup tool,Q1/2025
T10153,2024-11-01,57382,315601,3134237,128.55676209117405,0.0,1.1747474760007595,HIGH,0,Start replacement sourcing + secure backup tool,Q1/2025
T10153,2024-12-01,58130,319715,3453952,141.67048807679024,0.0,1.1470021609171759,HIGH,0,Start replacement sourcing + secure backup tool,Q1/2025
T10153,2025-01-01,49946,399250,3853202,158.04649514482665,0.0,1.3713914743016522,HIGH,0,Start replacement sourcing + secure backup tool,Q2/2025
T10153,2025-02-01,52216,287188,4140390,169.82606363037516,0.0,0.8327781891150493,HIGH,0,Start replacement sourcing + secure backup tool,Q2/2025
T10153,2025-03-01,44369,244029,4384419,179.8353826755996,0.0,0.7276100155741722,HIGH,0,Start replacement sourcing + secure backup tool,Q2/2025
T10153,2025-04-01,69112,380116,4764535,195.4265719121024,0.0,1.2255652269236845,HIGH,0,Start replacement sourcing + secure backup tool,Q3/2025
T10153,2025-05-01,35858,197219,4961754,203.51588872600615,0.0,0.6492215249530083,HIGH,0,Start replacement sourcing + secure backup tool,Q3/2025
T10153,2025-06-01,33992,186956,5148710,211.18424884475832,0.0,0.6828495039957924,HIGH,0,Start replacement sourcing + secure backup tool,Q3/2025
T10154,2024-01-01,15133,68582,68582,4.904056204079444,95.09594379592056,0.26919851208505663,LOW,1639307,Monitor normally,Q4/2024
T10154,2024-02-01,20919,94804,163386,11.683154865120935,88.31684513487906,1.3823452217783092,LOW,1319590,Monitor normally,Q4/2024
T10154,2024-03-01,13023,59020,222406,15.903466275764671,84.09653372423533,0.722460920764325,LOW,1241874,Monitor normally,Q4/2024
T10154,2024-04-01,20533,93055,315461,22.55750013407462,77.44249986592538,1.2552044459232217,LOW,1243436,Monitor normally,Q1/2025
T10154,2024-05-01,18993,86076,401537,28.71249039131912,71.28750960868088,1.045969888082826,LOW,984715,Monitor normally,Q1/2025
T10154,2024-06-01,10863,49231,450768,32.23282504156313,67.76717495843687,0.6201653572733266,LOW,901482,Monitor normally,Q1/2025
T10154,2024-07-01,17457,79115,529883,37.89005881406532,62.10994118593468,1.0393366672213415,LOW,796062,Monitor normally,Q2/2025
T10154,2024-08-01,15029,68111,597994,42.760435474355994,57.239564525644006,0.9529479251196239,LOW,718631,Monitor normally,Q2/2025
T10154,2024-09-01,16195,73395,671389,48.008652281949985,51.991347718050015,1.120779610805418,LOW,632861,Monitor normally,Q2/2025
T10154,2024-10-01,17863,80955,752344,53.797457945261804,46.202542054738196,1.1008244908689564,LOW,547238,Monitor normally,Q3/2025
T10154,2024-11-01,14786,67010,819354,58.58910599045388,41.41089400954612,0.9036640130180121,LOW,483812,Monitor normally,Q3/2025
T10154,2024-12-01,15880,71968,891322,63.73528307620801,36.26471692379199,0.9753523671846764,LOW,427264,Monitor normally,Q3/2025
T10154,2025-01-01,18507,83873,975195,69.73274459679294,30.26725540320706,1.1440711489408137,MED,279438,Plan replacement; increase monitoring; prepare PO,Q4/2025
T10154,2025-02-01,19035,86266,1061461,75.90132108189277,24.098678918107225,1.16130508725561,MED,202616,Plan replacement; increase monitoring; prepare PO,Q4/2025
T10154,2025-03-01,13859,62808,1124269,80.3924989720946,19.6075010279054,0.7782674602551765,MED,157786,Plan replacement; increase monitoring; prepare PO,Q3/2025
T10154,2025-04-01,12194,55263,1179532,84.34416060351454,15.655839396485462,0.7117026619789051,MED,98985,Plan replacement; increase monitoring; prepare PO,Q4/2025
T10154,2025-05-01,16966,76889,1256421,89.84222099072203,10.157779009277974,1.1288557627840283,HIGH,36225,Start replacement sourcing + secure backup tool,Q3/2025
T10154,2025-06-01,14931,67667,1324088,94.68084878170865,5.319151218291353,1.041244357816988,HIGH,626,Start replacement sourcing + secure backup tool,Q3/2025
T10155,2024-01-01,21676,71530,71530,5.10334396381356,94.89665603618644,1.0739218993188837,LOW,1274580,Monitor normally,Q4/2024
T10155,2024-02-01,32823,108315,179845,12.831132324507893,87.16886767549211,1.5142597511533622,LOW,1202450,Monitor normally,Q4/2024
T10155,2024-03-01,33127,109319,289164,20.6305515720982,79.3694484279018,1.2157024104089633,LOW,1218649,Monitor normally,Q4/2024
T10155,2024-04-01,24123,79605,368769,26.310010487789214,73.68998951221079,0.8258808150392165,LOW,1081862,Monitor normally,Q1/2025
T10155,2024-05-01,34878,171886,540655,38.573303938985326,61.426696061014674,1.7348261836434653,LOW,748756,Monitor normally,Q1/2025
T10155,2024-06-01,30036,99118,639773,45.64492769133081,54.35507230866919,0.8241290429866135,LOW,693212,Monitor normally,Q1/2025
T10155,2024-07-01,26311,86826,726599,51.83957249773478,48.16042750226522,0.7429301586667769,LOW,613969,Monitor normally,Q2/2025
T10155,2024-08-01,24671,122229,848828,60.560062213280254,39.439937786719746,1.024751977195875,LOW,476212,Monitor normally,Q2/2025
T10155,2024-09-01,21170,69861,918689,65.544330529455,34.455669470545004,0.6800822914401976,MED,412107,Plan replacement; increase monitoring; prepare PO,Q2/2025
T10155,2024-10-01,23695,78193,996882,71.12304959226043,28.87695040773957,0.841038162027277,MED,324385,Plan replacement; increase monitoring; prepare PO,Q3/2025
T10155,2024-11-01,36113,119172,1116054,79.62543609939856,20.374563900601444,1.322746898621075,MED,176746,Plan replacement; increase monitoring; prepare PO,Q3/2025
T10155,2024-12-01,39518,130409,1246463,88.92953204483351,11.070467955166492,1.464030446139223,HIGH,37158,Start replacement sourcing + secure backup tool,Q1/2025
T10155,2025-01-01,27787,91697,1338160,95.47170080549074,4.528299194509259,0.839270350912519,HIGH,4541,Start replacement sourcing + secure backup tool,Q2/2025
T10155,2025-02-01,35204,116173,1454333,103.76012214350435,0.0,1.0212173067118302,HIGH,0,Start replacement sourcing + secure backup tool,Q2/2025
T10155,2025-03-01,32796,108226,1562559,111.48156075426468,0.0,0.9597935431995482,HIGH,0,Start replacement sourcing + secure backup tool,Q2/2025
T10155,2025-04-01,26769,88337,1650896,117.784008618537,0.0,0.8383877050010123,HIGH,0,Start replacement sourcing + secure backup tool,Q3/2025
T10155,2025-05-01,23093,99529,1750425,124.8849553733867,0.0,0.9547573672362633,HIGH,0,Start replacement sourcing + secure backup tool,Q3/2025
T10155,2025-06-01,21650,71445,1821870,129.98223496928577,0.0,0.7238797400807857,HIGH,0,Start replacement sourcing + secure backup tool,Q3/2025
T10156,2024-01-01,7022,42132,42132,3.3594415921067635,96.64055840789324,0.48743015143977697,LOW,1429793,Monitor normally,Q4/2024
T10156,2024-02-01,9826,81967,124099,9.895170942249532,90.10482905775046,1.9454808696477737,LOW,1511373,Monitor normally,Q4/2024
T10156,2024-03-01,7379,44274,168373,13.425407272092283,86.57459272790771,0.7135271033610263,LOW,1444982,Monitor normally,Q4/2024
T10156,2024-04-01,9688,58128,226501,18.060307605947358,81.93969239405264,1.0357004982984208,LOW,1207489,Monitor normally,Q1/2025
T10156,2024-05-01,4768,28608,255109,20.341398108819053,79.65860189118095,0.4655012502101763,LOW,1004472,Monitor normally,Q1/2025
T10156,2024-06-01,7735,46410,301519,24.04195075976548,75.95804924023452,1.0627433020380124,LOW,1199287,Monitor normally,Q1/2025
T10156,2024-07-01,7967,47802,349321,27.853496069408685,72.14650393059131,1.0770582668649453,LOW,976818,Monitor normally,Q2/2025
T10156,2024-08-01,4457,26742,376063,29.98579899963082,70.01420100036918,0.6531998045920859,LOW,989371,Monitor normally,Q2/2025
T10156,2024-09-01,8465,50790,426853,34.03559579216625,65.96440420783375,1.259735105908031,LOW,922985,Monitor normally,Q2/2025
T10156,2024-10-01,11260,67560,494413,39.42256707201845,60.57743292798155,1.6171190578773518,LOW,841836,Monitor normally,Q3/2025
T10156,2024-11-01,5265,31590,526003,41.94143064115005,58.05856935884995,0.6531717806633033,LOW,788055,Monitor normally,Q3/2025
T10156,2024-12-01,7610,45660,571663,45.58218121305727,54.41781878694273,0.9135654261704682,LOW,686858,Monitor normally,Q3/2025
T10156,2025-01-01,7609,45654,617317,49.22245336833217,50.77754663166783,0.9458048477315103,LOW,645393,Monitor normally,Q4/2025
T10156,2025-02-01,11143,66858,684175,54.55344990220367,45.44655009779633,1.6319566490919741,LOW,499281,Monitor normally,Q4/2025
T10156,2025-03-01,4065,24390,708565,56.498213512558834,43.501786487441166,0.4625976784765951,LOW,466376,Monitor normally,Q4/2025
T10156,2025-04-01,6089,56226,764791,60.981455773970474,39.018544226029526,1.232107639041066,LOW,436969,Monitor normally,Q1/2026
T10156,2025-05-01,7205,43230,808021,64.42844760979064,35.57155239020936,0.8794092518003174,LOW,399652,Monitor normally,Q1/2026
T10156,2025-06-01,6629,39774,847795,67.59987146539812,32.400128534601876,0.9634707620754809,MED,281272,Plan replacement; increase monitoring; prepare PO,Q1/2026
T10157,2024-01-01,44189,345456,345456,56.02831128137093,43.97168871862907,7.443568196509373,MED,357061,Plan replacement; increase monitoring; prepare PO,Q4/2024
T10157,2024-02-01,46140,360708,706164,114.53029157895078,0.0,1.0441503404196193,HIGH,0,Start replacement sourcing + secure backup tool,Q2/2024
T10157,2024-03-01,46805,365907,1072071,173.87547966667424,0.0,1.036323007120159,HIGH,0,Start replacement sourcing + secure backup tool,Q2/2024
T10157,2024-04-01,48062,502937,1575008,255.4450885051916,0.0,1.4073797351108275,HIGH,0,Start replacement sourcing + secure backup tool,Q3/2024
T10157,2024-05-01,53754,420232,1995240,323.60106005118604,0.0,1.0253295509258655,HIGH,0,Start replacement sourcing + secure backup tool,Q3/2024
T10157,2024-06-01,56336,440417,2435657,395.0307667854953,0.0,1.0249597386034648,HIGH,0,Start replacement sourcing + secure backup tool,Q3/2024
T10157,2024-07-01,35133,274659,2710316,439.576758020935,0.0,0.6042721177835502,HIGH,0,Start replacement sourcing + secure backup tool,Q4/2024
T10157,2024-08-01,52255,408513,3118829,505.83206557525943,0.0,1.0794771110570875,HIGH,0,Start replacement sourcing + secure backup tool,Q4/2024
T10157,2024-09-01,43513,340171,3459000,561.0032210245648,0.0,0.9082618288359889,HIGH,0,Start replacement sourcing + secure backup tool,Q4/2024
T10157,2024-10-01,69210,541063,4000063,648.7563536574685,0.0,1.5861631925952493,HIGH,0,Start replacement sourcing + secure backup tool,Q1/2025
T10157,2024-11-01,32783,256287,4256350,690.3226538906928,0.0,0.596133195115011,HIGH,0,Start replacement sourcing + secure backup tool,Q1/2025
T10157,2024-12-01,46361,362436,4618786,749.104892518984,0.0,0.9558575182348281,HIGH,0,Start replacement sourcing + secure backup tool,Q1/2025
T10157,2025-01-01,58041,687381,5306167,860.5888344302549,0.0,1.7780375000215558,HIGH,0,Start replacement sourcing + secure backup tool,Q2/2025
T10157,2025-02-01,49629,387984,5694151,923.5146146285766,0.0,0.8911633376821447,HIGH,0,Start replacement sourcing + secure backup tool,Q2/2025
T10157,2025-03-01,61542,654187,6348338,1029.6149367310331,0.0,1.3649740123980996,HIGH,0,Start replacement sourcing + secure backup tool,Q2/2025
T10157,2025-04-01,54408,425345,6773683,1098.6001680252493,0.0,0.7377835416339028,HIGH,0,Start replacement sourcing + secure backup tool,Q3/2025
T10157,2025-05-01,49098,383833,7157516,1160.8527119210346,0.0,0.7846585659031997,HIGH,0,Start replacement sourcing + secure backup tool,Q3/2025
T10157,2025-06-01,50920,398077,7555593,1225.4154408067807,0.0,0.8160855289008553,HIGH,0,Start replacement sourcing + secure backup tool,Q3/2025
T10158,2024-01-01,16324,16324,16324,0.6929813352668661,99.30701866473314,0.04056475226857623,LOW,2152828,Monitor normally,Q4/2024
T10158,2024-02-01,18442,18442,34766,1.4758753431688232,98.52412465683118,1.1297476108796864,LOW,2176694,Monitor normally,Q4/2024
T10158,2024-03-01,19249,19249,54015,2.2930278623155953,97.7069721376844,1.1073462578381177,LOW,2174509,Monitor normally,Q4/2024
T10158,2024-04-01,18801,18801,72816,3.091162025777513,96.9088379742225,1.0442099416828658,LOW,2158532,Monitor normally,Q1/2025
T10158,2024-05-01,18089,18089,90905,3.8590705882402885,96.14092941175971,0.9606138922325285,LOW,2145584,Monitor normally,Q1/2025
T10158,2024-06-01,15840,22380,113285,4.809139338747055,95.19086066125294,1.1959600277881686,LOW,2126789,Monitor normally,Q1/2025
T10158,2024-07-01,18236,18236,131521,5.583288299168923,94.41671170083107,0.9230302007761093,LOW,2102879,Monitor normally,Q2/2025
T10158,2024-08-01,24155,24155,155676,6.608708793739565,93.39129120626043,1.2343923004854782,LOW,2082429,Monitor normally,Q2/2025
T10158,2024-09-01,25537,25537,181213,7.692797519463038,92.30720248053696,1.182797857065662,LOW,2052280,Monitor normally,Q2/2025
T10158,2024-10-01,20815,20815,202028,8.576429380133204,91.4235706198668,0.9192821811329642,LOW,2014070,Monitor normally,Q3/2025
T10158,2024-11-01,22114,22114,224142,9.51520598195209,90.48479401804791,0.9409278511353483,LOW,2008482,Monitor normally,Q3/2025
T10158,2024-12-01,19808,19808,243950,10.356088994018133,89.64391100598186,0.8679344492156691,LOW,1974035,Monitor normally,Q3/2025
T10158,2025-01-01,21976,21976,265926,11.289007263059094,88.71099273694091,1.0508631270223314,LOW,1950786,Monitor normally,Q4/2025
T10158,2025-02-01,22115,22115,288041,12.227826316564776,87.77217368343523,1.0382954083069893,LOW,1937432,Monitor normally,Q4/2025
T10158,2025-03-01,21743,21743,309784,13.150853342582142,86.84914665741786,1.0208140972472182,LOW,1905511,Monitor normally,Q4/2025
T10158,2025-04-01,21685,21685,331469,14.071418170765307,85.92858182923469,0.9881672084333323,LOW,1877810,Monitor normally,Q1/2026
T10158,2025-05-01,21950,21950,353419,15.003232695949556,84.99676730405045,1.004683947942572,LOW,1866780,Monitor normally,Q1/2026
T10158,2025-06-01,18207,28086,381505,16.195530771317433,83.80446922868256,1.2887821591361008,LOW,1654381,Monitor normally,Q1/2026
T10159,2024-01-01,18429,55287,55287,16.720246537974166,83.27975346202584,2.3125862718032377,LOW,520275,Monitor normally,Q4/2024
T10159,2024-02-01,16633,49899,105186,31.811019811951287,68.18898018804872,0.9025449020565414,LOW,909644,Monitor normally,Q4/2024
T10159,2024-03-01,17546,52638,157824,47.73013890443024,52.26986109556976,1.000855627174719,LOW,406683,Monitor normally,Q4/2024
T10159,2024-04-01,14834,44502,202326,61.18871707710966,38.81128292289034,0.8459169708029197,LOW,547077,Monitor normally,Q1/2025
T10159,2024-05-01,21273,63819,266145,80.48926537611256,19.510734623887444,1.3020831208046846,MED,92201,Plan replacement; increase monitoring; prepare PO,Q4/2024
T10159,2024-06-01,21662,87585,353730,106.97727870706679,0.0,1.6324343466348574,HIGH,0,Start replacement sourcing + secure backup tool,Q3/2024
T10159,2024-07-01,18392,55176,408906,123.66395591833279,0.0,0.8449358365746837,HIGH,0,Start replacement sourcing + secure backup tool,Q4/2024
T10159,2024-08-01,17540,52620,461526,139.57763133621043,0.0,0.7641591635201859,HIGH,0,Start replacement sourcing + secure backup tool,Q4/2024
T10159,2024-09-01,19664,58992,520518,157.41836756295763,0.0,0.9057994380210972,HIGH,0,Start replacement sourcing + secure backup tool,Q4/2024
T10159,2024-10-01,23607,70821,591339,178.8365052818765,0.0,1.273850636736456,HIGH,0,Start replacement sourcing + secure backup tool,Q1/2025
T10159,2024-11-01,15732,47196,638535,193.1098200865544,0.0,0.7761095854368453,HIGH,0,Start replacement sourcing + secure backup tool,Q1/2025
T10159,2024-12-01,17171,51513,690048,208.68870951645047,0.0,0.873057302171076,HIGH,0,Start replacement sourcing + secure backup tool,Q1/2025
T10159,2025-01-01,15265,45795,735843,222.53832498132516,0.0,0.8103875420279597,HIGH,0,Start replacement sourcing + secure backup tool,Q2/2025
T10159,2025-02-01,21139,63417,799260,241.71729788089843,0.0,1.3165794718485302,HIGH,0,Start replacement sourcing + secure backup tool,Q2/2025
T10159,2025-03-01,18792,56376,855636,258.7668867322529,0.0,1.0522818478768081,HIGH,0,Start replacement sourcing + secure backup tool,Q2/2025
T10159,2025-04-01,18890,56670,912306,275.90538893542896,0.0,1.0267048336836002,HIGH,0,Start replacement sourcing + secure backup tool,Q3/2025
T10159,2025-05-01,16936,50808,963114,291.27106777677307,0.0,0.8637731422451166,HIGH,0,Start replacement sourcing + secure backup tool,Q3/2025
T10159,2025-06-01,16647,49941,1013055,306.37454295815326,0.0,0.9143688893771285,HIGH,0,Start replacement sourcing + secure backup tool,Q3/2025
T10160,2024-01-01,25686,25686,25686,3.758494144088778,96.24150585591123,0.489508890286433,LOW,920979,Monitor normally,Q4/2024
T10160,2024-02-01,32887,32887,58573,8.570671864117106,91.4293281358829,1.2803472708868644,LOW,1005004,Monitor normally,Q4/2024
T10160,2024-03-01,34547,34547,93120,13.625748450422293,86.3742515495777,1.1796220101411914,LOW,977398,Monitor normally,Q4/2024
T10160,2024-04-01,22851,22851,115971,16.969412301803306,83.0305876981967,0.7361791237113402,LOW,774437,Monitor normally,Q1/2025
T10160,2024-05-01,28243,28243,144214,21.102058494729388,78.89794150527061,0.9384615384615385,LOW,640890,Monitor normally,Q1/2025
T10160,2024-06-01,41469,41469,185683,27.16999408848542,72.83000591151458,1.4526570217535992,LOW,569507,Monitor normally,Q1/2025
T10160,2024-07-01,24156,24156,209839,30.704611566668422,69.29538843333158,0.7829046163153744,LOW,579571,Monitor normally,Q2/2025
T10160,2024-08-01,28178,28178,238017,34.827746659408966,65.17225334059103,0.9005624920100567,LOW,498549,Monitor normally,Q2/2025
T10160,2024-09-01,35763,35763,273780,40.060753981492866,59.939246018507134,1.1437693890387302,LOW,442991,Monitor normally,Q2/2025
T10160,2024-10-01,12312,12312,286092,41.8623026812523,58.1376973187477,0.4192651282109493,LOW,488196,Monitor normally,Q3/2025
T10160,2024-11-01,26289,26289,312381,45.70903057013924,54.29096942986076,1.03428061846747,LOW,411565,Monitor normally,Q3/2025
T10160,2024-12-01,22255,22255,334636,48.96548494904977,51.03451505095023,0.8978134581248991,LOW,388932,Monitor normally,Q3/2025
T10160,2025-01-01,36761,36761,371397,54.34452424013626,45.65547575986374,1.8121960036808205,LOW,371259,Monitor normally,Q4/2025
T10160,2025-02-01,27641,27641,399038,58.389083012882416,41.610916987117584,0.9720766660805346,LOW,411477,Monitor normally,Q4/2025
T10160,2025-03-01,24897,24897,423935,62.03212703318057,37.96787296681943,0.8619153674832962,LOW,329354,Monitor normally,Q4/2025
T10160,2025-04-01,23313,23313,447248,65.44339285818803,34.556607141811966,0.7832002598013416,MED,241505,Plan replacement; increase monitoring; prepare PO,Q1/2026
T10160,2025-05-01,27583,27583,474831,69.47946480307633,30.520535196923674,1.0909414510026234,MED,213066,Plan replacement; increase monitoring; prepare PO,Q1/2026
T10160,2025-06-01,40444,40444,515275,75.39741766313732,24.60258233686268,1.6008338500916972,MED,174124,Plan replacement; increase monitoring; prepare PO,Q1/2026
T10161,2024-01-01,25805,167216,167216,20.765905447175573,79.23409455282443,5.492095467484125,LOW,704626,Monitor normally,Q4/2024
T10161,2024-02-01,29100,188568,355784,44.18343282710933,55.81656717289067,1.1276911300354033,LOW,565372,Monitor normally,Q4/2024
T10161,2024-03-01,22323,144653,500437,62.147326955962356,37.852673044037644,0.8131506756908686,LOW,369673,Monitor normally,Q4/2024
T10161,2024-04-01,29380,190382,690819,85.79012794895455,14.209872051045451,1.141294508599484,HIGH,76124,Start replacement sourcing + secure backup tool,Q3/2024
T10161,2024-05-01,31141,201793,892612,110.8500167030325,0.0,1.156179395458009,HIGH,0,Start replacement sourcing + secure backup tool,Q3/2024
T10161,2024-06-01,40778,264241,1156853,143.6650799820675,0.0,1.4766796813877072,HIGH,0,Start replacement sourcing + secure backup tool,Q3/2024
T10161,2024-07-01,28697,185956,1342809,166.7582332289756,0.0,0.8498695948910446,HIGH,0,Start replacement sourcing + secure backup tool,Q4/2024
T10161,2024-08-01,19926,165124,1507933,187.26434132305403,0.0,0.7597846592739153,HIGH,0,Start replacement sourcing + secure backup tool,Q4/2024
T10161,2024-09-01,22431,145352,1653285,205.31504154646484,0.0,0.7086642581676881,HIGH,0,Start replacement sourcing + secure backup tool,Q4/2024
T10161,2024-10-01,32347,209608,1862893,231.3454447911997,0.0,1.2666870789957134,HIGH,0,Start replacement sourcing + secure backup tool,Q1/2025
T10161,2024-11-01,18640,120787,1983680,246.34551309356306,0.0,0.6967355273378916,HIGH,0,Start replacement sourcing + secure backup tool,Q1/2025
T10161,2024-12-01,20512,132917,2116597,262.85195897387496,0.0,0.8381576762438859,HIGH,0,Start replacement sourcing + secure backup tool,Q1/2025
T10161,2025-01-01,24867,161138,2277735,282.8630612125781,0.0,1.0433876092136616,HIGH,0,Start replacement sourcing + secure backup tool,Q2/2025
T10161,2025-02-01,24303,157483,2435218,302.42026320005266,0.0,1.138864917245602,HIGH,0,Start replacement sourcing + secure backup tool,Q2/2025
T10161,2025-03-01,21300,180297,2615515,324.81064722077684,0.0,1.1978858922172664,HIGH,0,Start replacement sourcing + secure backup tool,Q2/2025
T10161,2025-04-01,25956,168194,2783709,345.6980066886642,0.0,1.0113525669548904,HIGH,0,Start replacement sourcing + secure backup tool,Q3/2025
T10161,2025-05-01,32328,209485,2993194,371.7131350412236,0.0,1.242069750619597,HIGH,0,Start replacement sourcing + secure backup tool,Q3/2025
T10161,2025-06-01,20975,135918,3129112,388.5922634533924,0.0,0.7307733665964128,HIGH,0,Start replacement sourcing + secure backup tool,Q3/2025
T10162,2024-01-01,37384,40374,40374,4.415093596834833,95.58490640316516,0.23583081676878953,LOW,825351,Monitor normally,Q4/2024
T10162,2024-02-01,29732,46781,87155,9.530823857733687,90.46917614226632,1.158691236934661,LOW,839740,Monitor normally,Q4/2024
T10162,2024-03-01,42626,46036,133191,14.565084739090212,85.43491526090979,1.0564167288164763,LOW,801514,Monitor normally,Q4/2024
T10162,2024-04-01,47063,50828,184019,20.12337416644249,79.87662583355751,1.1448521296483998,LOW,702686,Monitor normally,Q1/2025
T10162,2024-05-01,45610,49258,233277,25.509976444960596,74.4900235550394,1.0287444742246512,LOW,664077,Monitor normally,Q1/2025
T10162,2024-06-01,42974,66314,299591,32.76173541807461,67.23826458192539,1.3614787643202255,LOW,610905,Monitor normally,Q1/2025
T10162,2024-07-01,32633,35243,334834,36.61572916735014,63.38427083264986,0.635390625,LOW,544021,Monitor normally,Q2/2025
T10162,2024-08-01,34818,37603,372437,40.727800414236256,59.272199585763744,0.7479958890030833,LOW,479598,Monitor normally,Q2/2025
T10162,2024-09-01,44077,47603,420040,45.93342037981134,54.06657962018866,1.026221615406726,LOW,460294,Monitor normally,Q2/2025
T10162,2024-10-01,47533,51335,471375,51.54715272720115,48.45284727279885,1.2785909389036025,LOW,400438,Monitor normally,Q3/2025
T10162,2024-11-01,28264,30525,501900,54.885210190999224,45.114789809000776,0.6706776719080716,LOW,390287,Monitor normally,Q3/2025
T10162,2024-12-01,59312,64056,565956,61.890045863433265,38.109954136566735,1.4843468790310745,MED,279023,Plan replacement; increase monitoring; prepare PO,Q3/2025
T10162,2025-01-01,45389,49020,614976,67.25062168244658,32.74937831755342,1.0078401271964692,MED,204081,Plan replacement; increase monitoring; prepare PO,Q4/2025
T10162,2025-02-01,38435,41509,656485,71.78983305885261,28.210166941147392,0.8671736269246035,MED,169998,Plan replacement; increase monitoring; prepare PO,Q4/2025
T10162,2025-03-01,39035,42157,698642,76.39990639222968,23.60009360777032,0.8181324190574765,MED,128276,Plan replacement; increase monitoring; prepare PO,Q4/2025
T10162,2025-04-01,43227,46685,745327,81.50513858542911,18.49486141457089,1.0555371327796452,MED,92775,Plan replacement; increase monitoring; prepare PO,Q4/2025
T10162,2025-05-01,44990,48589,793916,86.81858245466694,13.181417545333062,1.1182652990771071,HIGH,46730,Start replacement sourcing + secure backup tool,Q3/2025
T10162,2025-06-01,41021,44302,838218,91.66322198820279,8.336778011797207,0.9670743864193667,HIGH,4086,Start replacement sourcing + secure backup tool,Q3/2025
T10163,2024-01-01,26590,26590,26590,4.506718552968773,95.49328144703122,0.5715165931105634,LOW,851333,Monitor normally,Q4/2024
T10163,2024-02-01,34223,34223,60813,10.307148377649117,89.69285162235089,1.2870628055660023,LOW,797942,Monitor normally,Q4/2024
T10163,2024-03-01,35178,35178,95991,16.26944041436726,83.73055958563273,1.1569236840807064,LOW,683597,Monitor normally,Q4/2024
T10163,2024-04-01,34906,34906,130897,22.185631381269406,77.8143686187306,1.090914773259993,LOW,571375,Monitor normally,Q1/2025
T10163,2024-05-01,25775,25775,156672,26.55421621401744,73.44578378598256,0.7413212919554776,LOW,529206,Monitor normally,Q1/2025
T10163,2024-06-01,31699,31699,188371,31.926855229081642,68.07314477091836,0.9920508246487028,LOW,501878,Monitor normally,Q1/2025
T10163,2024-07-01,41919,62861,251232,42.5811175441689,57.4188824558311,2.0413834163238795,LOW,518119,Monitor normally,Q2/2025
T10163,2024-08-01,37926,37926,289158,49.009165977410476,50.990834022589524,0.9455104499937674,LOW,402774,Monitor normally,Q2/2025
T10163,2024-09-01,33647,33647,322805,54.71197000718634,45.28802999281366,0.7618993704995245,LOW,319483,Monitor normally,Q2/2025
T10163,2024-10-01,26068,26068,348873,59.130215183522935,40.869784816477065,0.5817278367079757,LOW,289089,Monitor normally,Q3/2025
T10163,2024-11-01,29306,29306,378179,64.09726647774268,35.90273352225732,0.900420929732387,LOW,241838,Monitor normally,Q3/2025
T10163,2024-12-01,37105,37105,415284,70.38616425539993,29.613835744600067,1.250435290549421,MED,189808,Plan replacement; increase monitoring; prepare PO,Q3/2025
T10163,2025-01-01,31630,31630,446914,75.74710851378286,24.252891486217138,1.0260707836373664,MED,144418,Plan replacement; increase monitoring; prepare PO,Q4/2025
T10163,2025-02-01,27886,27886,474800,80.47348510528671,19.526514894713287,0.8532960700115259,MED,118464,Plan replacement; increase monitoring; prepare PO,Q3/2025
T10163,2025-03-01,28650,28650,503450,85.3293514664208,14.670648533579197,0.8895581705840345,HIGH,110716,Start replacement sourcing + secure backup tool,Q2/2025
T10163,2025-04-01,27021,27021,530471,89.90911987634065,10.090880123659346,0.9194360637887621,HIGH,79324,Start replacement sourcing + secure backup tool,Q3/2025
T10163,2025-05-01,19773,19773,550244,93.26043036704587,6.7395696329541295,0.7099225678279498,HIGH,28893,Start replacement sourcing + secure backup tool,Q3/2025
T10163,2025-06-01,27996,27996,578240,98.00545077354883,1.99454922645117,1.1132495625894703,HIGH,6815,Start replacement sourcing + secure backup tool,Q3/2025
T10164,2024-01-01,29844,135253,135253,39.8371205985008,60.1628794014992,5.425310870437224,LOW,357217,Monitor normally,Q4/2024
T10164,2024-02-01,41103,186278,321531,94.70303226661562,5.296967733384378,1.3772559573539958,HIGH,1957,Start replacement sourcing + secure backup tool,Q2/2024
T10164,2024-03-01,24089,109171,430702,126.85801805516692,0.0,0.6790698253045585,HIGH,0,Start replacement sourcing + secure backup tool,Q2/2024
T10164,2024-04-01,17985,81508,512210,150.86520477740305,0.0,0.5677336069950917,HIGH,0,Start replacement sourcing + secure backup tool,Q3/2024
T10164,2024-05-01,33938,153807,666017,196.16717965332901,0.0,1.224067997145563,HIGH,0,Start replacement sourcing + secure backup tool,Q3/2024
T10164,2024-06-01,28638,129787,795804,234.39435665581786,0.0,1.1302665420365414,HIGH,0,Start replacement sourcing + secure backup tool,Q3/2024
T10164,2024-07-01,36441,165150,960954,283.03727375815504,0.0,1.3570180387946382,HIGH,0,Start replacement sourcing + secure backup tool,Q4/2024
T10164,2024-08-01,25650,116245,1077199,317.2758199195912,0.0,0.7771357388622466,HIGH,0,Start replacement sourcing + secure backup tool,Q4/2024
T10164,2024-09-01,30061,136236,1213435,357.40247117211317,0.0,0.9939831996536814,HIGH,0,Start replacement sourcing + secure backup tool,Q4/2024
T10164,2024-10-01,25090,113707,1327142,390.89348040587305,0.0,0.8167999980844334,HIGH,0,Start replacement sourcing + secure backup tool,Q1/2025
T10164,2024-11-01,21048,95389,1422531,418.98914628219666,0.0,0.7814756354659355,HIGH,0,Start replacement sourcing + secure backup tool,Q1/2025
T10164,2024-12-01,26612,120605,1543136,454.51187723664634,0.0,1.0477308792698041,HIGH,0,Start replacement sourcing + secure backup tool,Q1/2025
T10164,2025-01-01,22458,101779,1644915,484.4896396330059,0.0,0.9261027415749422,HIGH,0,Start replacement sourcing + secure backup tool,Q2/2025
T10164,2025-02-01,21957,99509,1744424,513.798801231168,0.0,0.9394347537393045,HIGH,0,Start replacement sourcing + secure backup tool,Q2/2025
T10164,2025-03-01,29029,131559,1875983,552.547899209166,0.0,1.2261124038112043,HIGH,0,Start replacement sourcing + secure backup tool,Q2/2025
T10164,2025-04-01,27684,125463,2001446,589.5014947793176,0.0,1.130816861801368,HIGH,0,Start replacement sourcing + secure backup tool,Q3/2025
T10164,2025-05-01,21171,95946,2097392,617.7612182083266,0.0,0.8073295169284017,HIGH,0,Start replacement sourcing + secure backup tool,Q3/2025
T10164,2025-06-01,29199,132329,2229721,656.737110289678,0.0,1.1247110219623309,HIGH,0,Start replacement sourcing + secure backup tool,Q3/2025
T10165,2024-01-01,5738,29550,29550,1.6500553648018341,98.34994463519817,0.25060920794486313,LOW,1656546,Monitor normally,Q4/2024
T10165,2024-02-01,7298,37584,67134,3.7487247668563906,96.25127523314362,1.2718781725888324,LOW,1682945,Monitor normally,Q4/2024
T10165,2024-03-01,8256,42518,109652,6.122905951311361,93.87709404868863,1.2666607084338786,LOW,1655183,Monitor normally,Q4/2024
T10165,2024-04-01,6227,32069,141721,7.913620858039957,92.08637914196004,0.8773848174223909,LOW,1627423,Monitor normally,Q1/2025
T10165,2024-05-01,10402,53570,195291,10.904939500761929,89.09506049923807,1.4327232528906757,LOW,1531356,Monitor normally,Q1/2025
T10165,2024-06-01,6894,35504,230795,12.887462873754291,87.11253712624571,0.8311055970411292,LOW,1547235,Monitor normally,Q1/2025
T10165,2024-07-01,8970,46195,276990,15.466965668238918,84.53303433176109,1.1439786037988162,LOW,1476833,Monitor normally,Q2/2025
T10165,2024-08-01,5827,30009,306999,17.142651334646306,82.8573486653537,0.665540515565281,LOW,1342521,Monitor normally,Q2/2025
T10165,2024-09-01,7165,36899,343898,19.203070722322206,80.79692927767779,0.9909496186486196,LOW,1400348,Monitor normally,Q2/2025
T10165,2024-10-01,5924,30508,374406,20.906620267817107,79.0933797321829,0.8092093047929763,LOW,1305980,Monitor normally,Q3/2025
T10165,2024-11-01,6268,32280,406686,22.709117295763072,77.29088270423694,0.9940872135994088,LOW,1330992,Monitor normally,Q3/2025
T10165,2024-12-01,6418,33052,439738,24.554722369110962,75.44527763088904,0.9946733275151224,LOW,1303200,Monitor normally,Q3/2025
T10165,2025-01-01,6897,35519,475257,26.538083333659063,73.46191666634094,1.1118217863105175,LOW,1260216,Monitor normally,Q4/2025
T10165,2025-02-01,5583,28752,504009,28.14357882769569,71.85642117230431,0.8552815539756671,LOW,1214303,Monitor normally,Q4/2025
T10165,2025-03-01,5322,27408,531417,29.674026118338286,70.32597388166171,0.8448568169908449,LOW,1210391,Monitor normally,Q4/2025
T10165,2025-04-01,6207,31966,563383,31.45898956305082,68.54101043694918,1.0460192628628149,LOW,1202261,Monitor normally,Q1/2026
T10165,2025-05-01,7581,58779,622162,34.74117583336172,65.25882416663828,2.000964528062093,LOW,1067631,Monitor normally,Q1/2026
T10165,2025-06-01,5453,28082,650244,36.30925890457542,63.69074109542458,0.7130246375462324,LOW,1078706,Monitor normally,Q1/2026
T10166,2024-01-01,2127,11085,11085,0.45570756770556486,99.54429243229444,0.2798606377338484,LOW,1982990,Monitor normally,Q4/2024
T10166,2024-02-01,2721,14181,25266,1.0386925941045377,98.96130740589547,1.279296346414073,LOW,1998921,Monitor normally,Q4/2024
T10166,2024-03-01,2638,13748,39014,1.603876864814155,98.39612313518585,1.0882609039816353,LOW,2004863,Monitor normally,Q4/2024
T10166,2024-04-01,2879,21852,60866,2.502218927917628,97.49778107208238,1.6803198851694265,LOW,1990490,Monitor normally,Q1/2025
T10166,2024-05-01,3185,16599,77465,3.1846086362031194,96.81539136379688,1.000321407766015,LOW,1968421,Monitor normally,Q1/2025
T10166,2024-06-01,2776,14467,91932,3.7793512056209275,96.22064879437907,0.8314527098220272,LOW,1960457,Monitor normally,Q1/2025
T10166,2024-07-01,2444,12737,104669,4.302972972861864,95.69702702713813,0.7220794436675612,LOW,1949028,Monitor normally,Q2/2025
T10166,2024-08-01,3040,15843,120512,4.954283301698965,95.04571669830104,1.0850626669406205,LOW,1943688,Monitor normally,Q2/2025
T10166,2024-09-01,2688,14009,134521,5.530197358170526,94.46980264182947,0.9763049689873858,LOW,1936046,Monitor normally,Q2/2025
T10166,2024-10-01,2059,15682,150203,6.174888930273248,93.82511106972674,1.10465143581676,LOW,1915768,Monitor normally,Q3/2025
T10166,2024-11-01,1736,12083,162286,6.67162456767391,93.32837543232608,0.7960864409013045,LOW,1889241,Monitor normally,Q3/2025
T10166,2024-12-01,3042,15854,178140,7.323387109704043,92.67661289029596,1.1385550821084887,LOW,1870340,Monitor normally,Q3/2025
T10166,2025-01-01,2351,12252,190392,7.8270703861612905,92.1729296138387,0.842660308581123,LOW,1861026,Monitor normally,Q4/2025
T10166,2025-02-01,2416,12591,202983,8.344690051021981,91.65530994897802,0.9398840478737963,LOW,1844901,Monitor normally,Q4/2025
T10166,2025-03-01,3230,16834,219817,9.03674067752225,90.96325932247775,1.240926849644937,LOW,1832478,Monitor normally,Q4/2025
T10166,2025-04-01,2499,13024,232841,9.572161098072298,90.4278389019277,0.9374955011157232,LOW,1817677,Monitor normally,Q1/2026
T10166,2025-05-01,4053,21123,253964,10.440533759564822,89.55946624043517,1.4928266861410164,LOW,1773873,Monitor normally,Q1/2026
T10166,2025-06-01,3015,15713,269677,11.08649975066609,88.91350024933391,0.9246385908475706,LOW,1730876,Monitor normally,Q1/2026
T10167,2024-01-01,19366,122489,122489,21.563787891858016,78.43621210814199,7.369975932611312,LOW,559978,Monitor normally,Q4/2024
T10167,2024-02-01,21394,135317,257806,45.385903234154476,54.614096765845524,1.1047277714733568,LOW,436041,Monitor normally,Q4/2024
T10167,2024-03-01,20950,132508,390314,68.71350331231922,31.28649668768078,1.0279667657075475,MED,170409,Plan replacement; increase monitoring; prepare PO,Q4/2024
T10167,2024-04-01,13052,82553,472867,83.24668900112846,16.75331099887154,0.6345122132436961,HIGH,34906,Start replacement sourcing + secure backup tool,Q3/2024
T10167,2024-05-01,25230,159579,632446,111.34005010289931,0.0,1.3663443481040476,HIGH,0,Start replacement sourcing + secure backup tool,Q3/2024
T10167,2024-06-01,20016,126601,759047,133.62774214787575,0.0,1.0137812299807816,HIGH,0,Start replacement sourcing + secure backup tool,Q3/2024
T10167,2024-07-01,28697,265480,1024527,180.3646279868528,0.0,2.1599368648859745,HIGH,0,Start replacement sourcing + secure backup tool,Q4/2024
T10167,2024-08-01,25959,164190,1188717,209.26974055993423,0.0,0.892886923104811,HIGH,0,Start replacement sourcing + secure backup tool,Q4/2024
T10167,2024-09-01,23765,211079,1399796,246.42950824866952,0.0,1.1383606191946012,HIGH,0,Start replacement sourcing + secure backup tool,Q4/2024
T10167,2024-10-01,24968,157922,1557718,274.23115991908895,0.0,0.7393940528974684,HIGH,0,Start replacement sourcing + secure backup tool,Q1/2025
T10167,2024-11-01,22848,144513,1702231,299.6722009890305,0.0,0.8131026217621827,HIGH,0,Start replacement sourcing + secure backup tool,Q1/2025
T10167,2024-12-01,22717,199699,1901930,334.8285568921415,0.0,1.16666147368913,HIGH,0,Start replacement sourcing + secure backup tool,Q1/2025
T10167,2025-01-01,26937,170376,2072306,364.82269453603766,0.0,1.0179115534897059,HIGH,0,Start replacement sourcing + secure backup tool,Q2/2025
T10167,2025-02-01,14497,91693,2163999,380.96494733562076,0.0,0.5345616298864334,HIGH,0,Start replacement sourcing + secure backup tool,Q2/2025
T10167,2025-03-01,29312,185398,2349397,413.603658955233,0.0,1.2044879679839227,HIGH,0,Start replacement sourcing + secure backup tool,Q2/2025
T10167,2025-04-01,21337,134956,2484353,437.3622214280559,0.0,0.9047996835520832,HIGH,0,Start replacement sourcing + secure backup tool,Q3/2025
T10167,2025-05-01,25122,158896,2643249,465.33534261334324,0.0,1.1568777348215131,HIGH,0,Start replacement sourcing + secure backup tool,Q3/2025
T10167,2025-06-01,20290,128334,2771583,487.92812364113934,0.0,0.8033427230046948,HIGH,0,Start replacement sourcing + secure backup tool,Q3/2025
T10168,2024-01-01,56925,455400,455400,47.817198441373534,52.182801558626466,3.236014458082457,LOW,563268,Monitor normally,Q4/2024
T10168,2024-02-01,61424,491392,946792,99.41357256632615,0.5864274336738475,1.0790338164251208,HIGH,1570,Start replacement sourcing + secure backup tool,Q2/2024
T10168,2024-03-01,51968,415744,1362536,143.06687372752597,0.0,0.8782161234991424,HIGH,0,Start replacement sourcing + secure backup tool,Q2/2024
T10168,2024-04-01,44949,359592,1722128,180.82419042039024,0.0,0.7917412824321706,HIGH,0,Start replacement sourcing + secure backup tool,Q3/2024
T10168,2024-05-01,54151,433208,2155336,226.31121919155964,0.0,1.0259692688564552,HIGH,0,Start replacement sourcing + secure backup tool,Q3/2024
T10168,2024-06-01,25447,203576,2358912,247.6867879001698,0.0,0.505341965207721,HIGH,0,Start replacement sourcing + secure backup tool,Q3/2024
T10168,2024-07-01,66714,533712,2892624,303.72678046613896,0.0,1.6069596216689284,HIGH,0,Start replacement sourcing + secure backup tool,Q4/2024
T10168,2024-08-01,51430,411440,3304064,346.92815975186295,0.0,1.054527311498715,HIGH,0,Start replacement sourcing + secure backup tool,Q4/2024
T10168,2024-09-01,49884,628159,3932223,412.8851284732832,0.0,1.6404901769609517,HIGH,0,Start replacement sourcing + secure backup tool,Q4/2024
T10168,2024-10-01,67138,819165,4751388,498.89781042591324,0.0,1.5619893333231636,HIGH,0,Start replacement sourcing + secure backup tool,Q1/2025
T10168,2024-11-01,44886,552017,5303405,556.8598359683192,0.0,0.8909420453591742,HIGH,0,Start replacement sourcing + secure backup tool,Q1/2025
T10168,2024-12-01,39756,318048,5621453,590.2550145583104,0.0,0.4772292470368987,HIGH,0,Start replacement sourcing + secure backup tool,Q1/2025
T10168,2025-01-01,37558,300464,5921917,621.8038654860418,0.0,0.5336111719540856,HIGH,0,Start replacement sourcing + secure backup tool,Q2/2025
T10168,2025-02-01,64460,515680,6437597,675.9504901945343,0.0,1.321658839721186,HIGH,0,Start replacement sourcing + secure backup tool,Q2/2025
T10168,2025-03-01,56542,452336,6889933,723.4459673007643,0.0,1.196453510516738,HIGH,0,Start replacement sourcing + secure backup tool,Q2/2025
T10168,2025-04-01,28939,231512,7121445,747.7548281825369,0.0,0.5475340565085771,HIGH,0,Start replacement sourcing + secure backup tool,Q3/2025
T10168,2025-05-01,59360,474880,7596325,797.6174351123557,0.0,1.1876671490786375,HIGH,0,Start replacement sourcing + secure backup tool,Q3/2025
T10168,2025-06-01,51096,408768,8005093,840.5382532337509,0.0,1.058319122347954,HIGH,0,Start replacement sourcing + secure backup tool,Q3/2025
T10169,2024-01-01,41473,42717,42717,3.02116448892268,96.97883551107732,0.11491714193478962,LOW,1311160,Monitor normally,Q4/2024
T10169,2024-02-01,39590,40777,83494,5.905122266032499,94.09487773396751,0.9545848257134162,LOW,1311476,Monitor normally,Q4/2024
T10169,2024-03-01,55107,56760,140254,9.919479463196422,90.08052053680358,1.3596186552327114,LOW,1252021,Monitor normally,Q4/2024
T10169,2024-04-01,45969,47348,187602,13.268171932740422,86.73182806725958,1.0127625593565959,LOW,1197531,Monitor normally,Q1/2025
T10169,2024-05-01,41412,42654,230256,16.28488073978464,83.71511926021536,0.8831970183248784,LOW,1120285,Monitor normally,Q1/2025
T10169,2024-06-01,34672,35712,265968,18.8106158388882,81.1893841611118,0.7299982284242515,LOW,1096910,Monitor normally,Q1/2025
T10169,2024-07-01,45253,46610,312578,22.107113177855968,77.89288682214404,1.1122866188332248,LOW,1063675,Monitor normally,Q2/2025
T10169,2024-08-01,39750,40942,353520,25.0027405979808,74.9972594020192,0.9827966969658175,LOW,1045127,Monitor normally,Q2/2025
T10169,2024-09-01,29081,29953,383473,27.121169793305867,72.87883020669413,0.728996300623053,LOW,990170,Monitor normally,Q2/2025
T10169,2024-10-01,50799,52322,435795,30.821648955920576,69.17835104407942,1.3358240074890428,LOW,930220,Monitor normally,Q3/2025
T10169,2024-11-01,77464,79787,515582,36.46459324221582,63.53540675778418,1.9425972065542902,LOW,806171,Monitor normally,Q3/2025
T10169,2024-12-01,42376,43647,559229,39.55153208267765,60.44846791732235,0.8079685552442892,LOW,815749,Monitor normally,Q3/2025
T10169,2025-01-01,60237,62044,621273,43.939600756758665,56.060399243241335,1.0590363913607501,LOW,718032,Monitor normally,Q4/2025
T10169,2025-02-01,50915,52442,673715,47.6485669324752,52.3514330675248,0.8482191958075891,LOW,694188,Monitor normally,Q4/2025
T10169,2025-03-01,48167,49612,723327,51.157381049207,48.842618950793,0.9412077175542107,LOW,610097,Monitor normally,Q4/2025
T10169,2025-04-01,40194,41399,764726,54.08532984422795,45.91467015577205,0.7568465185437969,LOW,575762,Monitor normally,Q1/2026
T10169,2025-05-01,52975,54564,819290,57.94437470162844,42.05562529837156,1.1410845363986812,LOW,532977,Monitor normally,Q1/2026
T10169,2025-06-01,51370,52911,872201,61.68651095355129,38.31348904644871,1.090386398763524,LOW,487210,Monitor normally,Q1/2026
T10170,2024-01-01,31536,217598,217598,9.297053413686363,90.70294658631363,4.384875801012937,LOW,1738348,Monitor normally,Q4/2024
T10170,2024-02-01,32367,223332,440930,18.839096690671457,81.16090330932855,1.02635134514104,LOW,1528941,Monitor normally,Q4/2024
T10170,2024-03-01,20239,139649,580579,24.805715005949573,75.19428499405043,0.6334293425260246,LOW,1401956,Monitor normally,Q4/2024
T10170,2024-04-01,21916,151220,731799,31.266713807490266,68.73328619250974,0.7813923686526726,LOW,1235695,Monitor normally,Q1/2025
T10170,2024-05-01,24775,170947,902746,38.57056489945546,61.42943510054454,0.9973551198850255,LOW,1038476,Monitor normally,Q1/2025
T10170,2024-06-01,32569,224726,1127472,48.17216797229658,51.82783202770342,1.4598411488558214,LOW,917780,Monitor normally,Q1/2025
T10170,2024-07-01,39311,271245,1398717,59.761333558356,40.238666441644,1.4879235974861629,MED,663781,Plan replacement; increase monitoring; prepare PO,Q2/2025
T10170,2024-08-01,29207,201528,1600245,68.37178301264044,31.628216987359565,0.9065342365928045,MED,433077,Plan replacement; increase monitoring; prepare PO,Q2/2025
T10170,2024-09-01,42538,293512,1893757,80.91232447698253,19.087675523017467,1.262419014220809,MED,222706,Plan replacement; increase monitoring; prepare PO,Q1/2025
T10170,2024-10-01,33301,229776,2123533,90.72969295088026,9.270307049119737,0.8995713083252315,HIGH,21175,Start replacement sourcing + secure backup tool,Q1/2025
T10170,2024-11-01,22628,156133,2279666,97.40060371586475,2.5993962841352527,0.6462315953290214,HIGH,2937,Start replacement sourcing + secure backup tool,Q1/2025
T10170,2024-12-01,34635,381202,2660868,113.68777251063338,0.0,1.6832067304366514,HIGH,0,Start replacement sourcing + secure backup tool,Q1/2025
T10170,2025-01-01,35788,246937,2907805,124.23835881572568,0.0,0.9657155222647049,HIGH,0,Start replacement sourcing + secure backup tool,Q2/2025
T10170,2025-02-01,27431,189273,3097078,132.3252033215054,0.0,0.7240077422118857,HIGH,0,Start replacement sourcing + secure backup tool,Q2/2025
T10170,2025-03-01,35026,241679,3338757,142.65113725456686,0.0,0.8869908932092996,HIGH,0,Start replacement sourcing + secure backup tool,Q2/2025
T10170,2025-04-01,30941,213492,3552249,151.7727584431565,0.0,0.9448095484658993,HIGH,0,Start replacement sourcing + secure backup tool,Q3/2025
T10170,2025-05-01,25026,172679,3724928,159.15061065881082,0.0,0.8038510716214288,HIGH,0,Start replacement sourcing + secure backup tool,Q3/2025
T10170,2025-06-01,34450,237704,3962632,169.30670944945643,0.0,1.1357999522178863,HIGH,0,Start replacement sourcing + secure backup tool,Q3/2025
T10171,2024-01-01,39001,185332,185332,10.141968515527996,89.85803148447201,0.8911977559607293,LOW,1150283,Monitor normally,Q4/2024
T10171,2024-02-01,43212,205343,390675,21.379003894653376,78.62099610534662,1.10797379837265,LOW,1091084,Monitor normally,Q4/2024
T10171,2024-03-01,25515,121247,511922,28.01403322904907,71.98596677095094,0.6207051897357139,LOW,958946,Monitor normally,Q4/2024
T10171,2024-04-01,21564,102472,614394,33.621633631155476,66.37836636884452,0.6005133594571048,LOW,856411,Monitor normally,Q1/2025
T10171,2024-05-01,41771,198495,812889,44.483924225816565,55.516075774183435,1.3878763442113262,LOW,748554,Monitor normally,Q1/2025
T10171,2024-06-01,33085,157219,970108,53.087458143557676,46.912541856442324,1.1171041225539655,LOW,615170,Monitor normally,Q1/2025
T10171,2024-07-01,37960,180385,1150493,62.958710764117086,37.041289235882914,1.1810814821928213,LOW,437492,Monitor normally,Q2/2025
T10171,2024-08-01,36415,173044,1323537,72.42824004023252,27.571759959767476,0.9683509948722158,MED,268351,Plan replacement; increase monitoring; prepare PO,Q2/2025
T10171,2024-09-01,31715,150709,1474246,80.67552563045282,19.324474369547175,0.8853985524275039,MED,122271,Plan replacement; increase monitoring; prepare PO,Q1/2025
T10171,2024-10-01,32271,153351,1627597,89.06739003500645,10.932609964993546,0.9125537055330089,HIGH,4061,Start replacement sourcing + secure backup tool,Q1/2025
T10171,2024-11-01,32093,152505,1780102,97.412958573956,2.587041426043996,0.9589418659244107,HIGH,803,Start replacement sourcing + secure backup tool,Q1/2025
T10171,2024-12-01,21284,101141,1881243,102.9477223364418,0.0,0.6645778804770405,HIGH,0,Start replacement sourcing + secure backup tool,Q1/2025
T10171,2025-01-01,29936,142255,2023498,110.73237761009361,0.0,1.0485703825826727,HIGH,0,Start replacement sourcing + secure backup tool,Q2/2025
T10171,2025-02-01,30669,145739,2169237,118.70768867070123,0.0,1.1043594231891307,HIGH,0,Start replacement sourcing + secure backup tool,Q2/2025
T10171,2025-03-01,22346,106188,2275425,124.51864065269508,0.0,0.8186464851529675,HIGH,0,Start replacement sourcing + secure backup tool,Q2/2025
T10171,2025-04-01,34706,164922,2440347,133.54370772971313,0.0,1.25517146901685,HIGH,0,Start replacement sourcing + secure backup tool,Q3/2025
T10171,2025-05-01,38612,183484,2623831,143.58454768775135,0.0,1.3205069461603602,HIGH,0,Start replacement sourcing + secure backup tool,Q3/2025
T10171,2025-06-01,24507,116457,2740288,149.95745267670546,0.0,0.7685341205559246,HIGH,0,Start replacement sourcing + secure backup tool,Q3/2025
T10172,2024-01-01,25299,150276,150276,7.568242149905344,92.43175785009466,0.9698083091147284,LOW,1616016,Monitor normally,Q4/2024
T10172,2024-02-01,15601,92669,242945,12.235264374276356,87.76473562572365,0.6166586813596316,LOW,1462070,Monitor normally,Q4/2024
T10172,2024-03-01,19151,164979,407924,20.54398314273728,79.45601685726272,1.3581592541521743,LOW,1225913,Monitor normally,Q4/2024
T10172,2024-04-01,19879,118081,526005,26.49081165363039,73.50918834636961,0.8684044086643591,LOW,1181335,Monitor normally,Q1/2025
T10172,2024-05-01,18172,107941,633946,31.926966634485172,68.07303336551483,0.861852558626031,LOW,1070138,Monitor normally,Q1/2025
T10172,2024-06-01,22660,134600,768546,38.70572966635493,61.29427033364507,1.0327339316267734,LOW,949447,Monitor normally,Q1/2025
T10172,2024-07-01,14211,84413,852959,42.95696089822136,57.04303910177864,0.7022283720904438,LOW,875466,Monitor normally,Q2/2025
T10172,2024-08-01,23357,138740,991699,49.94422377371623,50.05577622628377,1.2730231164016956,LOW,778533,Monitor normally,Q2/2025
T10172,2024-09-01,16796,99768,1091467,54.96876783139514,45.03123216860486,0.8366219151202087,LOW,630134,Monitor normally,Q2/2025
T10172,2024-10-01,19419,115348,1206815,60.777956228127024,39.222043771872976,1.0716057487744681,LOW,512079,Monitor normally,Q3/2025
T10172,2024-11-01,22433,133252,1340067,67.48883090511595,32.51116909488405,1.129713781877374,MED,385563,Plan replacement; increase monitoring; prepare PO,Q3/2025
T10172,2024-12-01,22280,132343,1472410,74.15392626861326,25.84607373138674,1.139682749276627,MED,264815,Plan replacement; increase monitoring; prepare PO,Q3/2025
T10172,2025-01-01,21149,125625,1598035,80.48068782788992,19.519312172110077,0.989321237035462,MED,124742,Plan replacement; increase monitoring; prepare PO,Q3/2025
T10172,2025-02-01,22495,133620,1731655,87.21009582431219,12.78990417568781,1.0246408670313378,HIGH,12970,Start replacement sourcing + secure backup tool,Q2/2025
T10172,2025-03-01,13261,78770,1810425,91.177132704107,8.822867295893005,0.6034658876165766,HIGH,9112,Start replacement sourcing + secure backup tool,Q2/2025
T10172,2025-04-01,16129,95806,1906231,96.00214140419105,3.9978585958089496,0.8503113767140511,HIGH,936,Start replacement sourcing + secure backup tool,Q3/2025
T10172,2025-05-01,23108,137261,2043492,102.91491846598507,0.0,1.3361075419538215,HIGH,0,Start replacement sourcing + secure backup tool,Q3/2025
T10172,2025-06-01,13944,82827,2126319,107.08627512007627,0.0,0.7968297540060993,HIGH,0,Start replacement sourcing + secure backup tool,Q3/2025
T10173,2024-01-01,8590,9449,9449,0.5986229581312371,99.40137704186877,0.08973579745104371,LOW,1416647,Monitor normally,Q4/2024
T10173,2024-02-01,14041,21663,31112,1.9710400543315747,98.02895994566842,2.292623558048471,LOW,1417270,Monitor normally,Q4/2024
T10173,2024-03-01,11118,12229,43341,2.7457844881327067,97.25421551186729,0.7861275392131654,LOW,1408031,Monitor normally,Q4/2024
T10173,2024-04-01,12892,14181,57522,3.6441940731955786,96.35580592680442,0.981587872914792,LOW,1400889,Monitor normally,Q1/2025
T10173,2024-05-01,10270,11297,68819,4.359893465513134,95.64010653448686,0.7049903272107003,LOW,1396512,Monitor normally,Q1/2025
T10173,2024-06-01,10387,11425,80244,5.083702048077362,94.91629795192264,0.9089824170578408,LOW,1379915,Monitor normally,Q1/2025
T10173,2024-07-01,10013,11014,91258,5.781472527583918,94.21852747241608,0.8953743598081457,LOW,1366957,Monitor normally,Q2/2025
T10173,2024-08-01,9233,10156,101414,6.424886091218254,93.57511390878174,0.9031301873369694,LOW,1359674,Monitor normally,Q2/2025
T10173,2024-09-01,12230,13453,114867,7.277174656753181,92.72282534324683,1.2381960423377818,LOW,1345627,Monitor normally,Q2/2025
T10173,2024-10-01,15349,21150,136017,8.617091638918032,91.38290836108197,1.8325968286976866,LOW,1308890,Monitor normally,Q3/2025
T10173,2024-11-01,7969,8765,144782,9.172381111668617,90.82761888833139,0.5874796130387185,LOW,1314885,Monitor normally,Q3/2025
T10173,2024-12-01,8959,12511,157293,9.964991105231947,90.03500889476805,0.865453790813503,LOW,1305805,Monitor normally,Q3/2025
T10173,2025-01-01,8444,9288,166581,10.553414222506044,89.44658577749395,0.6567670767925329,LOW,1284973,Monitor normally,Q4/2025
T10173,2025-02-01,9312,10243,176824,11.202339501386165,88.79766049861384,1.0053985080486847,LOW,1279654,Monitor normally,Q4/2025
T10173,2025-03-01,13917,15308,192132,12.172147972449027,87.82785202755097,1.433243867424006,LOW,1237469,Monitor normally,Q4/2025
T10173,2025-04-01,11852,13037,205169,12.998081669682271,87.00191833031772,1.1226212003788858,LOW,1241521,Monitor normally,Q1/2026
T10173,2025-05-01,12605,13865,219034,13.876471691323674,86.12352830867633,1.0779257800352442,LOW,1217563,Monitor normally,Q1/2026
T10173,2025-06-01,7409,8149,227183,14.392735686012154,85.60726431398784,0.5791755508173418,LOW,1079360,Monitor normally,Q1/2026
T10174,2024-01-01,2252,15383,15383,1.2635135912106832,98.73648640878932,1.3166243473795327,LOW,960730,Monitor normally,Q4/2024
T10174,2024-02-01,2146,14659,30042,2.4675599887636577,97.53244001123635,0.952935058181109,LOW,955544,Monitor normally,Q4/2024
T10174,2024-03-01,2004,13689,43731,3.5919334887365517,96.40806651126344,0.9113241461953265,LOW,948966,Monitor normally,Q4/2024
T10174,2024-04-01,1776,18273,62004,5.092823032531183,94.90717696746881,1.2535501131920148,LOW,927899,Monitor normally,Q1/2025
T10174,2024-05-01,2042,13948,75952,6.238470017528037,93.76152998247196,0.8975354454001415,LOW,914235,Monitor normally,Q1/2025
T10174,2024-06-01,2516,21750,97702,8.024949937493737,91.97505006250626,1.4212589849705946,LOW,899246,Monitor normally,Q1/2025
T10174,2024-07-01,2376,16230,113932,9.358033574323315,90.64196642567669,0.9021511552500417,LOW,880417,Monitor normally,Q2/2025
T10174,2024-08-01,2727,18628,132560,10.888081755892099,89.1119182441079,1.0761824064088739,LOW,846650,Monitor normally,Q2/2025
T10174,2024-09-01,1786,12200,144760,11.89015325122918,88.10984674877082,0.646551724137931,LOW,833821,Monitor normally,Q2/2025
T10174,2024-10-01,2495,25374,170134,13.974297687514682,86.02570231248532,1.6176208083641463,LOW,834166,Monitor normally,Q3/2025
T10174,2024-11-01,1988,13580,183714,15.089718253635795,84.9102817463642,0.7248852354008755,LOW,825584,Monitor normally,Q3/2025
T10174,2024-12-01,1951,13327,197041,16.184358156779837,83.81564184322016,0.7815811080267429,LOW,784549,Monitor normally,Q3/2025
T10174,2025-01-01,2484,16968,214009,17.578058905376523,82.42194109462348,0.9736615596488208,LOW,777199,Monitor normally,Q4/2025
T10174,2025-02-01,2023,13819,227828,18.713110216365305,81.28688978363469,0.9448888888888889,LOW,765941,Monitor normally,Q4/2025
T10174,2025-03-01,2347,23210,251038,20.6195101677402,79.3804898322598,1.5784104819331732,LOW,741412,Monitor normally,Q4/2025
T10174,2025-04-01,2536,17323,268361,22.042369554111037,77.95763044588897,0.9624423579087727,LOW,732662,Monitor normally,Q1/2026
T10174,2025-05-01,2955,20185,288546,23.700305056847025,76.29969494315297,1.1141264350897853,LOW,718437,Monitor normally,Q1/2026
T10174,2025-06-01,2192,14973,303519,24.930142474853756,75.06985752514625,0.7397970947659673,LOW,702414,Monitor normally,Q1/2026
T10175,2024-01-01,19424,88029,88029,11.903757373165329,88.09624262683467,5.032049694175035,LOW,954857,Monitor normally,Q4/2024
T10175,2024-02-01,16327,94129,182158,24.632389730441673,75.36761026955833,1.0692953458519352,LOW,706284,Monitor normally,Q4/2024
T10175,2024-03-01,17838,80841,262999,35.56414687642832,64.43585312357169,0.8875920903830741,LOW,650883,Monitor normally,Q4/2024
T10175,2024-04-01,17450,79083,342082,46.25817775650231,53.74182224349769,0.9020908824748384,LOW,606262,Monitor normally,Q1/2025
T10175,2024-05-01,14746,66828,408910,55.29502127095655,44.70497872904345,0.7891424230377126,LOW,397567,Monitor normally,Q1/2025
T10175,2024-06-01,17117,77574,486484,65.7849970115185,34.2150029884815,1.0263283234546994,MED,403517,Plan replacement; increase monitoring; prepare PO,Q1/2025
T10175,2024-07-01,27320,123814,610298,82.52779558245639,17.472204417543608,1.6620444325122492,HIGH,90103,Start replacement sourcing + secure backup tool,Q4/2024
T10175,2024-08-01,20543,129048,739346,99.97836393484299,0.02163606515701133,1.443403823783816,HIGH,0,Start replacement sourcing + secure backup tool,Q4/2024
T10175,2024-09-01,24975,113186,852532,115.28398687772648,0.0,1.027605950925444,HIGH,0,Start replacement sourcing + secure backup tool,Q4/2024
T10175,2024-10-01,18660,84567,937099,126.719593891057,0.0,0.6930812352478364,HIGH,0,Start replacement sourcing + secure backup tool,Q1/2025
T10175,2024-11-01,17401,78861,1015960,137.38360473072564,0.0,0.7239359732681356,HIGH,0,Start replacement sourcing + secure backup tool,Q1/2025
T10175,2024-12-01,18015,81643,1097603,148.4238126533118,0.0,0.885454098491038,HIGH,0,Start replacement sourcing + secure backup tool,Q1/2025
T10175,2025-01-01,16292,98582,1196185,161.7546037489892,0.0,1.2067768116178577,HIGH,0,Start replacement sourcing + secure backup tool,Q2/2025
T10175,2025-02-01,19720,89371,1285556,173.83983361865893,0.0,1.0348417127903475,HIGH,0,Start replacement sourcing + secure backup tool,Q2/2025
T10175,2025-03-01,19833,89883,1375439,185.9942988968311,0.0,1.0001965904538643,HIGH,0,Start replacement sourcing + secure backup tool,Q2/2025
T10175,2025-04-01,12784,57937,1433376,193.82885331559177,0.0,0.625588476655293,HIGH,0,Start replacement sourcing + secure backup tool,Q3/2025
T10175,2025-05-01,14879,67431,1500807,202.9472377506065,0.0,0.8528696282742599,HIGH,0,Start replacement sourcing + secure backup tool,Q3/2025
T10175,2025-06-01,23044,166505,1667312,225.4629441816564,0.0,2.3206163966717925,HIGH,0,Start replacement sourcing + secure backup tool,Q3/2025
T10176,2024-01-01,11977,65451,65451,2.973030550658622,97.02696944934138,0.6727343741969967,LOW,1580679,Monitor normally,Q4/2024
T10176,2024-02-01,11348,62014,127465,5.789939636364627,94.21006036363538,0.9474874333470841,LOW,1541979,Monitor normally,Q4/2024
T10176,2024-03-01,16649,90983,218448,9.92272964095697,90.07727035904303,1.427576197387518,LOW,1483008,Monitor normally,Q4/2024
T10176,2024-04-01,16929,92513,310961,14.125017999165113,85.87498200083489,1.2705037354427597,LOW,1335306,Monitor normally,Q1/2025
T10176,2024-05-01,14427,78840,389801,17.70622727960278,82.29377272039721,0.9633823469512443,LOW,1194318,Monitor normally,Q1/2025
T10176,2024-06-01,22400,122411,512212,23.2665952302326,76.7334047697674,1.3998574347401807,LOW,1129939,Monitor normally,Q1/2025
T10176,2024-07-01,14517,79332,591544,26.870153000852603,73.12984699914739,0.8101605370297246,LOW,1079037,Monitor normally,Q2/2025
T10176,2024-08-01,12744,69643,661187,30.03359995566641,69.9664000443336,0.7446245852385924,LOW,1037856,Monitor normally,Q2/2025
T10176,2024-09-01,14653,80075,741262,33.67090758036258,66.32909241963742,0.8851783069134,LOW,1007111,Monitor normally,Q2/2025
T10176,2024-10-01,24160,132029,873291,39.66816125980074,60.33183874019926,1.729259986902423,LOW,861246,Monitor normally,Q3/2025
T10176,2024-11-01,18057,98677,971968,44.15044167793554,55.84955832206446,1.0506979666154386,LOW,776463,Monitor normally,Q3/2025
T10176,2024-12-01,9295,50795,1022763,46.457741594219556,53.542258405780444,0.49032920287919785,LOW,757952,Monitor normally,Q3/2025
T10176,2025-01-01,18161,99246,1122009,50.96586813209775,49.03413186790225,1.0576800792892387,LOW,679607,Monitor normally,Q4/2025
T10176,2025-02-01,16292,89032,1211041,55.01003637988981,44.98996362011019,1.0738909125998117,LOW,558298,Monitor normally,Q4/2025
T10176,2025-03-01,15238,83272,1294313,58.792563767010634,41.207436232989366,1.0449360655531992,LOW,474142,Monitor normally,Q4/2025
T10176,2025-04-01,16748,91524,1385837,62.94992802605144,37.05007197394856,1.011128705579083,LOW,403518,Monitor normally,Q1/2026
T10176,2025-05-01,13061,71375,1457212,66.19204893410875,33.807951065891245,0.8116083205724941,MED,296756,Plan replacement; increase monitoring; prepare PO,Q1/2026
T10176,2025-06-01,15425,84294,1541506,70.0209994044945,29.979000595505497,1.0272615377115908,HIGH,250042,Start replacement sourcing + secure backup tool,Q3/2025
T10177,2024-01-01,15748,17322,17322,0.837186508160901,99.1628134918391,0.2102243995582399,LOW,1847931,Monitor normally,Q4/2024
T10177,2024-02-01,16916,18607,35929,1.736478123294828,98.26352187670517,1.0741831197321325,LOW,1866617,Monitor normally,Q4/2024
T10177,2024-03-01,8908,9798,45727,2.2100235226113334,97.78997647738866,0.5454090010854741,LOW,1858009,Monitor normally,Q4/2024
T10177,2024-04-01,11506,12656,58383,2.8216984127674567,97.17830158723254,0.8303190675093489,LOW,1858376,Monitor normally,Q1/2025
T10177,2024-05-01,8269,9095,67478,3.2612672438333496,96.73873275616666,0.6644991597866589,LOW,1847262,Monitor normally,Q1/2025
T10177,2024-06-01,15458,17003,84481,4.083036219601725,95.91696378039828,1.6168182826714,LOW,1828077,Monitor normally,Q1/2025
T10177,2024-07-01,9503,10453,94934,4.5882383076865825,95.41176169231342,0.8091809877690045,LOW,1822075,Monitor normally,Q2/2025
T10177,2024-08-01,12547,13801,108735,5.255251989659137,94.74474801034086,1.1327460261005171,LOW,1802655,Monitor normally,Q2/2025
T10177,2024-09-01,11745,12919,121654,5.879637886145148,94.12036211385485,0.9394042223137892,LOW,1789212,Monitor normally,Q2/2025
T10177,2024-10-01,12949,14243,135897,6.568013791683522,93.43198620831647,1.149463320151723,LOW,1779407,Monitor normally,Q3/2025
T10177,2024-11-01,12500,18241,154138,7.44961632576521,92.5503836742348,1.335912897004614,LOW,1754875,Monitor normally,Q3/2025
T10177,2024-12-01,12270,13497,167635,8.101937437683446,91.89806256231655,0.8918133163006849,LOW,1743546,Monitor normally,Q3/2025
T10177,2025-01-01,11969,16969,184604,8.92206316548522,91.07793683451479,1.1071312063678476,LOW,1726642,Monitor normally,Q4/2025
T10177,2025-02-01,7298,8027,192631,9.310014678070807,90.68998532192919,0.49440532161701606,LOW,1685811,Monitor normally,Q4/2025
T10177,2025-03-01,10798,11877,204508,9.884039857462739,90.11596014253726,0.9256488192658405,LOW,1707961,Monitor normally,Q4/2025
T10177,2025-04-01,15503,17053,221561,10.708225374358468,89.29177462564154,1.387437962736962,LOW,1682231,Monitor normally,Q1/2026
T10177,2025-05-01,12789,14067,235628,11.388095055128552,88.61190494487144,1.1418946343047325,LOW,1665562,Monitor normally,Q1/2026
T10177,2025-06-01,10540,11594,247222,11.948442611739653,88.05155738826035,0.8089401586157173,LOW,1642447,Monitor normally,Q1/2026
T10178,2024-01-01,15343,63213,63213,17.795350513200194,82.20464948679981,4.439738727349347,LOW,543289,Monitor normally,Q4/2024
T10178,2024-02-01,16799,69211,132424,37.279222570674115,62.720777429325885,1.0948855456947146,LOW,403109,Monitor normally,Q4/2024
T10178,2024-03-01,14741,60732,193156,54.37613661316022,45.62386338683978,0.9172355464266296,LOW,274750,Monitor normally,Q4/2024
T10178,2024-04-01,18464,76071,269227,75.79119536515194,24.208804634848065,1.1814957857897244,MED,118419,Plan replacement; increase monitoring; prepare PO,Q1/2025
T10178,2024-05-01,11883,48957,318184,89.57328093417637,10.426719065823633,0.7129175687089228,HIGH,49204,Start replacement sourcing + secure backup tool,Q3/2024
T10178,2024-06-01,9744,40145,358329,100.87466429444123,0.0,0.6483365633074936,HIGH,0,Start replacement sourcing + secure backup tool,Q3/2024
T10178,2024-07-01,12925,53251,411580,115.86557138915946,0.0,0.9671859202169847,HIGH,0,Start replacement sourcing + secure backup tool,Q4/2024
T10178,2024-08-01,13648,56229,467809,131.69482746001094,0.0,1.1849908326484162,HIGH,0,Start replacement sourcing + secure backup tool,Q4/2024
T10178,2024-09-01,17569,72384,540193,152.07194374222317,0.0,1.4513082706766918,HIGH,0,Start replacement sourcing + secure backup tool,Q4/2024
T10178,2024-10-01,12217,50334,590527,166.24167422062823,0.0,0.8303017639554832,HIGH,0,Start replacement sourcing + secure backup tool,Q1/2025
T10178,2024-11-01,13667,56308,646835,182.09316990501713,0.0,0.9439890023302989,HIGH,0,Start replacement sourcing + secure backup tool,Q1/2025
T10178,2024-12-01,10477,43165,690000,194.24472583342248,0.0,0.7233306893970708,HIGH,0,Start replacement sourcing + secure backup tool,Q1/2025
T10178,2025-01-01,16926,69735,759735,213.87611127689166,0.0,1.396496825916012,HIGH,0,Start replacement sourcing + secure backup tool,Q2/2025
T10178,2025-02-01,12947,53341,813076,228.89235464019683,0.0,0.9457176965628104,HIGH,0,Start replacement sourcing + secure backup tool,Q2/2025
T10178,2025-03-01,13992,57647,870723,245.12079769834077,0.0,1.040302933692651,HIGH,0,Start replacement sourcing + secure backup tool,Q2/2025
T10178,2025-04-01,21079,86845,957568,269.56888931428796,0.0,1.441626135024319,HIGH,0,Start replacement sourcing + secure backup tool,Q3/2025
T10178,2025-05-01,9042,37253,994821,280.0561339106249,0.0,0.5649158633797193,HIGH,0,Start replacement sourcing + secure backup tool,Q3/2025
T10178,2025-06-01,16417,67638,1062459,299.0971842960177,0.0,1.1164763817436518,HIGH,0,Start replacement sourcing + secure backup tool,Q3/2025
T10179,2024-01-01,2404,19991,19991,1.0668153765285675,98.93318462347143,0.3127894605081988,LOW,1570587,Monitor normally,Q4/2024
T10179,2024-02-01,3400,43732,63723,3.4005640657560856,96.59943593424391,2.1875844129858435,LOW,1560374,Monitor normally,Q4/2024
T10179,2024-03-01,2452,20390,84113,4.488671990693182,95.51132800930682,0.6399573152550885,LOW,1561479,Monitor normally,Q4/2024
T10179,2024-04-01,2792,23218,107331,5.727695521894236,94.27230447810577,0.8281002936525864,LOW,1530055,Monitor normally,Q1/2025
T10179,2024-05-01,2022,16814,124145,6.624970982899256,93.37502901710074,0.5775360659491642,LOW,1527651,Monitor normally,Q1/2025
T10179,2024-06-01,3023,25139,149284,7.966508262202525,92.03349173779748,1.248171195922015,LOW,1490979,Monitor normally,Q1/2025
T10179,2024-07-01,1918,15950,165234,8.817676550713887,91.18232344928612,0.7342222767795491,LOW,1484072,Monitor normally,Q2/2025
T10179,2024-08-01,4600,38253,203487,10.859039594000732,89.14096040599927,1.9819180353349568,LOW,1428856,Monitor normally,Q2/2025
T10179,2024-09-01,2839,23609,227096,12.118928755346484,87.88107124465351,0.8926797912833052,LOW,1421655,Monitor normally,Q2/2025
T10179,2024-10-01,2879,23941,251037,13.396535024641187,86.60346497535882,0.9230324371562227,LOW,1392928,Monitor normally,Q3/2025
T10179,2024-11-01,3001,24956,275993,14.728306548659342,85.27169345134065,0.8725569036047691,LOW,1366533,Monitor normally,Q3/2025
T10179,2024-12-01,3285,27318,303311,16.18612569007335,83.81387430992665,1.1303064573966293,LOW,1318958,Monitor normally,Q3/2025
T10179,2025-01-01,2445,20332,323643,17.271138457597676,82.72886154240233,0.8003148986419996,LOW,1305637,Monitor normally,Q4/2025
T10179,2025-02-01,3139,26103,349746,18.66411938769248,81.33588061230752,1.0785472275018593,LOW,1284335,Monitor normally,Q4/2025
T10179,2025-03-01,2761,22960,372706,19.889374804885012,80.11062519511499,0.9339281113988585,LOW,1268752,Monitor normally,Q4/2025
T10179,2025-04-01,3468,28839,401545,21.428361781209727,78.57163821879027,1.246732473521147,LOW,1221729,Monitor normally,Q1/2026
T10179,2025-05-01,2824,23484,425029,22.681580344683134,77.31841965531686,0.9043670252368361,LOW,1204147,Monitor normally,Q1/2026
T10179,2025-06-01,2492,20723,445752,23.78745874235216,76.21254125764784,0.8258039663669089,LOW,1205016,Monitor normally,Q1/2026
T10180,2024-01-01,36695,198153,198153,40.801354053202594,59.198645946797406,8.138145825917915,LOW,411794,Monitor normally,Q4/2024
T10180,2024-02-01,33179,179166,377319,77.69312657391183,22.306873426088174,0.9041801032535465,MED,129128,Plan replacement; increase monitoring; prepare PO,Q4/2024
T10180,2024-03-01,35534,191883,569202,117.20343537463991,0.0,1.0170863380852806,HIGH,0,Start replacement sourcing + secure backup tool,Q2/2024
T10180,2024-04-01,34219,184782,753984,155.25158909756556,0.0,0.9739003025288034,HIGH,0,Start replacement sourcing + secure backup tool,Q3/2024
T10180,2024-05-01,33446,275201,1029185,211.91776844784238,0.0,1.485348963983657,HIGH,0,Start replacement sourcing + secure backup tool,Q3/2024
T10180,2024-06-01,27651,149315,1178500,242.66297129843736,0.0,0.6871734374856182,HIGH,0,Start replacement sourcing + secure backup tool,Q3/2024
T10180,2024-07-01,28631,154607,1333107,274.4978410511209,0.0,0.761238343142436,HIGH,0,Start replacement sourcing + secure backup tool,Q4/2024
T10180,2024-08-01,37245,201123,1534230,315.9107428554956,0.0,1.041866753694811,HIGH,0,Start replacement sourcing + secure backup tool,Q4/2024
T10180,2024-09-01,26922,145378,1679608,345.84528459620344,0.0,0.8635547327465869,HIGH,0,Start replacement sourcing + secure backup tool,Q4/2024
T10180,2024-10-01,44651,241115,1920723,395.492872483028,0.0,1.4434912234488373,HIGH,0,Start replacement sourcing + secure backup tool,Q1/2025
T10180,2024-11-01,27760,149904,2070627,426.3593553421888,0.0,0.7653161248162065,HIGH,0,Start replacement sourcing + secure backup tool,Q1/2025
T10180,2024-12-01,31944,172497,2243124,461.87792518526607,0.0,0.9647537178619567,HIGH,0,Start replacement sourcing + secure backup tool,Q1/2025
T10180,2025-01-01,37085,200259,2443383,503.11292218929975,0.0,1.066122346126818,HIGH,0,Start replacement sourcing + secure backup tool,Q2/2025
T10180,2025-02-01,35636,192434,2635817,542.736686481912,0.0,1.1045459763517391,HIGH,0,Start replacement sourcing + secure backup tool,Q2/2025
T10180,2025-03-01,32030,172962,2808779,578.3510037001728,0.0,0.9180735681806119,HIGH,0,Start replacement sourcing + secure backup tool,Q2/2025
T10180,2025-04-01,24707,133417,2942196,605.8226758611602,0.0,0.7075885477897306,HIGH,0,Start replacement sourcing + secure backup tool,Q3/2025
T10180,2025-05-01,34752,187660,3129856,644.463433768555,0.0,1.1286393899116502,HIGH,0,Start replacement sourcing + secure backup tool,Q3/2025
T10180,2025-06-01,27712,149644,3279500,675.2763804609464,0.0,0.9086974914935866,HIGH,0,Start replacement sourcing + secure backup tool,Q3/2025
T10181,2024-01-01,42073,43335,43335,2.2502757347213884,97.74972426527862,0.27618270695380065,LOW,1787879,Monitor normally,Q4/2024
T10181,2024-02-01,34676,54260,97595,5.0678587822806955,94.9321412177193,1.25210568824276,LOW,1782489,Monitor normally,Q4/2024
T10181,2024-03-01,44321,69919,167514,8.698573657000546,91.30142634299945,1.432839797120754,LOW,1729343,Monitor normally,Q4/2024
T10181,2024-04-01,56972,58681,226195,11.745727929278978,88.25427207072102,1.050915147390666,LOW,1692814,Monitor normally,Q1/2025
T10181,2024-05-01,49855,51350,277545,14.412202118224249,85.58779788177576,0.8424477742535272,LOW,1645504,Monitor normally,Q1/2025
T10181,2024-06-01,53452,55055,332600,17.271067482827597,82.72893251717241,0.9178382884134482,LOW,1563914,Monitor normally,Q1/2025
T10181,2024-07-01,36572,37669,370269,19.227122326515605,80.7728776734844,0.684534121609343,LOW,1511154,Monitor normally,Q2/2025
T10181,2024-08-01,40174,41379,411648,21.37582798307581,78.62417201692419,0.8616197231978012,LOW,1472838,Monitor normally,Q2/2025
T10181,2024-09-01,51016,52546,464194,24.104407393637022,75.89559260636298,1.1754994295429633,LOW,1419616,Monitor normally,Q2/2025
T10181,2024-10-01,47663,74709,538903,27.98385471947757,72.01614528052244,1.7031703573111237,LOW,1284621,Monitor normally,Q3/2025
T10181,2024-11-01,45802,47176,586079,30.433583762080918,69.56641623791909,0.8392613589193163,LOW,1280117,Monitor normally,Q3/2025
T10181,2024-12-01,42473,43747,629826,32.70525360324526,67.29474639675473,0.7523949298003222,LOW,1224670,Monitor normally,Q3/2025
T10181,2025-01-01,44980,46329,676155,35.11100010177779,64.88899989822221,0.8391313272797527,LOW,1142672,Monitor normally,Q4/2025
T10181,2025-02-01,54042,55663,731818,38.001437351617334,61.998562648382666,1.2166598665228923,LOW,1091987,Monitor normally,Q4/2025
T10181,2025-03-01,39867,41063,772881,40.13373393624556,59.86626606375444,0.8452713412333007,LOW,1075828,Monitor normally,Q4/2025
T10181,2025-04-01,42003,67674,840555,43.647871701828464,56.352128298171536,1.4191884240327146,LOW,924605,Monitor normally,Q1/2026
T10181,2025-05-01,45725,47096,887651,46.093446549006,53.906553450994,0.8594160583941606,LOW,945407,Monitor normally,Q1/2026
T10181,2025-06-01,55093,56745,944396,49.040069291979705,50.959930708020295,1.0924194490255594,LOW,838114,Monitor normally,Q1/2026
T10182,2024-01-01,29998,285100,285100,13.466547131970271,86.53345286802973,4.986735854006938,LOW,1408638,Monitor normally,Q4/2024
T10182,2024-02-01,35974,341896,626996,29.61582316926283,70.38417683073718,1.1992143107681514,LOW,1141000,Monitor normally,Q4/2024
T10182,2024-03-01,35329,335766,962762,45.47555191115386,54.52444808884614,1.0710307561770729,LOW,792640,Monitor normally,Q4/2024
T10182,2024-04-01,34953,332193,1294955,61.16651189505634,38.83348810494366,1.0351249841601557,LOW,467228,Monitor normally,Q1/2025
T10182,2024-05-01,26407,250972,1545927,73.02104106659209,26.97895893340791,0.7455684231894678,MED,302317,Plan replacement; increase monitoring; prepare PO,Q1/2025
T10182,2024-06-01,39049,371121,1917048,90.55074446246701,9.449255537532991,1.2115849829856649,HIGH,11859,Start replacement sourcing + secure backup tool,Q3/2024
T10182,2024-07-01,40804,387801,2304849,108.86831880243616,0.0,1.219134515229187,HIGH,0,Start replacement sourcing + secure backup tool,Q4/2024
T10182,2024-08-01,31528,299642,2604491,123.02174958362815,0.0,0.8901191610208596,HIGH,0,Start replacement sourcing + secure backup tool,Q4/2024
T10182,2024-09-01,32207,306095,2910586,137.4799843937314,0.0,0.8674817960935758,HIGH,0,Start replacement sourcing + secure backup tool,Q4/2024
T10182,2024-10-01,35547,337838,3248424,153.4375829555363,0.0,1.0201059244840158,HIGH,0,Start replacement sourcing + secure backup tool,Q1/2025
T10182,2024-11-01,49565,471065,3719489,175.688088128183,0.0,1.497702885303235,HIGH,0,Start replacement sourcing + secure backup tool,Q1/2025
T10182,2024-12-01,30634,291145,4010634,189.44016762568384,0.0,0.7833511808989791,HIGH,0,Start replacement sourcing + secure backup tool,Q1/2025
T10182,2025-01-01,37954,360714,4371348,206.47830190194313,0.0,0.9837225284714848,HIGH,0,Start replacement sourcing + secure backup tool,Q2/2025
T10182,2025-02-01,40068,380806,4752154,224.46547113076485,0.0,1.017360035051348,HIGH,0,Start replacement sourcing + secure backup tool,Q2/2025
T10182,2025-03-01,33350,316958,5069112,239.43681397837983,0.0,0.9207961923760367,HIGH,0,Start replacement sourcing + secure backup tool,Q2/2025
T10182,2025-04-01,32691,310695,5379807,254.1123273462069,0.0,0.8805898658262146,HIGH,0,Start replacement sourcing + secure backup tool,Q3/2025
T10182,2025-05-01,41550,394891,5774698,272.7647940718852,0.0,1.174735908946224,HIGH,0,Start replacement sourcing + secure backup tool,Q3/2025
T10182,2025-06-01,35898,341174,6115872,288.8799668225089,0.0,1.000956438060367,HIGH,0,Start replacement sourcing + secure backup tool,Q3/2025
T10183,2024-01-01,22774,175359,175359,29.806383184861478,70.19361681513853,0.502576521838817,LOW,584580,Monitor normally,Q4/2024
T10183,2024-02-01,16116,124093,299452,50.89890486073221,49.10109513926779,0.7076511613318963,LOW,380222,Monitor normally,Q4/2024
T10183,2024-03-01,30868,237683,537135,91.29871653009296,8.70128346990704,1.5874530809612224,HIGH,10885,Start replacement sourcing + secure backup tool,Q2/2024
T10183,2024-04-01,24502,188665,725800,123.36676712100582,0.0,1.053729509341227,HIGH,0,Start replacement sourcing + secure backup tool,Q3/2024
T10183,2024-05-01,19054,146715,872515,148.30442933946597,0.0,0.7996224845169599,HIGH,0,Start replacement sourcing + secure backup tool,Q3/2024
T10183,2024-06-01,25936,199707,1072222,182.24932732986926,0.0,1.0454714403128451,HIGH,0,Start replacement sourcing + secure backup tool,Q3/2024
T10183,2024-07-01,23333,251507,1323729,224.99885267886737,0.0,1.4100903217607603,HIGH,0,Start replacement sourcing + secure backup tool,Q4/2024
T10183,2024-08-01,20511,157934,1481663,251.84344760651817,0.0,0.7924051183334476,HIGH,0,Start replacement sourcing + secure backup tool,Q4/2024
T10183,2024-09-01,19301,148617,1630280,277.1043994241298,0.0,0.7319255747371739,HIGH,0,Start replacement sourcing + secure backup tool,Q4/2024
T10183,2024-10-01,30533,235104,1865384,317.06584943407324,0.0,1.2638686301423865,HIGH,0,Start replacement sourcing + secure backup tool,Q1/2025
T10183,2024-11-01,20006,154046,2019430,343.249587389326,0.0,0.8531962226878733,HIGH,0,Start replacement sourcing + secure backup tool,Q1/2025
T10183,2024-12-01,20289,156225,2175655,369.80369760354364,0.0,0.8715205655981122,HIGH,0,Start replacement sourcing + secure backup tool,Q1/2025
T10183,2025-01-01,23251,179032,2354687,400.23439345805986,0.0,0.9848196195278479,HIGH,0,Start replacement sourcing + secure backup tool,Q2/2025
T10183,2025-02-01,22350,172095,2526782,429.4859831352293,0.0,1.0551437452866628,HIGH,0,Start replacement sourcing + secure backup tool,Q2/2025
T10183,2025-03-01,27214,209547,2736329,465.1034203767632,0.0,1.2390628202904492,HIGH,0,Start replacement sourcing + secure backup tool,Q2/2025
T10183,2025-04-01,28941,222845,2959174,502.9811652363397,0.0,1.1923773886429547,HIGH,0,Start replacement sourcing + secure backup tool,Q3/2025
T10183,2025-05-01,27698,213274,3172448,539.2320937165896,0.0,1.0584545242494876,HIGH,0,Start replacement sourcing + secure backup tool,Q3/2025
T10183,2025-06-01,24632,189666,3362114,571.4702877821348,0.0,0.881257492263802,HIGH,0,Start replacement sourcing + secure backup tool,Q3/2025
T10184,2024-01-01,21586,23744,23744,1.8927998035773788,98.10720019642262,0.11382823174093339,LOW,1133741,Monitor normally,Q4/2024
T10184,2024-02-01,23143,25457,49201,3.9221547816631825,96.07784521833682,1.0721445417789757,LOW,1141983,Monitor normally,Q4/2024
T10184,2024-03-01,23200,33413,82614,6.585737995819642,93.41426200418036,1.358224426332798,LOW,1134443,Monitor normally,Q4/2024
T10184,2024-04-01,28551,31406,114020,9.089329245446965,90.91067075455304,1.1404604546444912,LOW,1134852,Monitor normally,Q1/2025
T10184,2024-05-01,23073,25380,139400,11.112546016622584,88.88745398337741,0.8434135318357039,LOW,1070468,Monitor normally,Q1/2025
T10184,2024-06-01,18862,20748,160148,12.766513769512722,87.23348623048727,0.6900741693366889,LOW,1040381,Monitor normally,Q1/2025
T10184,2024-07-01,22429,24671,184819,14.733211206930912,85.26678879306908,0.954587664766425,LOW,1086835,Monitor normally,Q2/2025
T10184,2024-08-01,20353,22388,207207,16.51791479531073,83.48208520468927,0.9486574669133744,LOW,978540,Monitor normally,Q2/2025
T10184,2024-09-01,17400,19140,226347,18.043697655842696,81.95630234415731,0.846815225566682,LOW,946386,Monitor normally,Q2/2025
T10184,2024-10-01,25499,28048,254395,20.27959931060762,79.72040068939238,1.2710766023655946,LOW,898516,Monitor normally,Q3/2025
T10184,2024-11-01,30332,33365,287760,22.939356110066818,77.06064388993317,1.4386426353915143,LOW,854878,Monitor normally,Q3/2025
T10184,2024-12-01,20976,23073,310833,24.778665824855434,75.22133417514456,0.8592976053033407,LOW,854779,Monitor normally,Q3/2025
T10184,2025-01-01,24619,27080,337913,26.937401449892302,73.0625985501077,0.9615794332788864,LOW,826699,Monitor normally,Q4/2025
T10184,2025-02-01,26302,28932,366845,29.24377290866508,70.75622709133492,1.0392490241624561,LOW,790857,Monitor normally,Q4/2025
T10184,2025-03-01,19818,21799,388644,30.981523200030615,69.01847679996939,0.8269204020990074,LOW,776404,Monitor normally,Q4/2025
T10184,2025-04-01,18752,20627,409271,32.62584519920475,67.37415480079525,0.7952731618922775,LOW,743291,Monitor normally,Q1/2026
T10184,2025-05-01,22255,24480,433751,34.57731669480676,65.42268330519323,1.0291768267047843,LOW,733404,Monitor normally,Q1/2026
T10184,2025-06-01,26117,28728,462479,36.86742589111618,63.13257410888382,1.2881355932203389,LOW,670098,Monitor normally,Q1/2026
T10185,2024-01-01,17632,101383,101383,17.716309776359616,82.28369022364038,4.119306561928624,LOW,641036,Monitor normally,Q4/2024
T10185,2024-02-01,17893,102884,204267,35.69491383257202,64.30508616742799,1.0148052434826351,LOW,605336,Monitor normally,Q4/2024
T10185,2024-03-01,12239,70374,274641,47.99251386612332,52.00748613387668,0.6890393455624256,LOW,501305,Monitor normally,Q4/2024
T10185,2024-04-01,19865,114223,388864,67.95256684921836,32.04743315078164,1.2476979038089724,MED,258923,Plan replacement; increase monitoring; prepare PO,Q1/2025
T10185,2024-05-01,10209,58701,447565,78.210352673095,21.789647326904998,0.6125726569755914,MED,167100,Plan replacement; increase monitoring; prepare PO,Q1/2025
T10185,2024-06-01,19958,114758,562323,98.2638949564707,1.7361050435293066,1.415030127662373,HIGH,243,Start replacement sourcing + secure backup tool,Q3/2024
T10185,2024-07-01,16056,121070,683393,119.42043623680227,0.0,1.2625398877927712,HIGH,0,Start replacement sourcing + secure backup tool,Q4/2024
T10185,2024-08-01,12675,72881,756274,132.15612538400512,0.0,0.7423479521541173,HIGH,0,Start replacement sourcing + secure backup tool,Q4/2024
T10185,2024-09-01,15890,91367,847641,148.12217566202656,0.0,0.8878944248467003,HIGH,0,Start replacement sourcing + secure backup tool,Q4/2024
T10185,2024-10-01,18702,107536,955177,166.9136997647914,0.0,1.1306962757344436,HIGH,0,Start replacement sourcing + secure backup tool,Q1/2025
T10185,2024-11-01,13697,78757,1033934,180.67619849788034,0.0,0.8693337356135754,HIGH,0,Start replacement sourcing + secure backup tool,Q1/2025
T10185,2024-12-01,18152,104373,1138307,198.91499987767756,0.0,1.1277065475761723,HIGH,0,Start replacement sourcing + secure backup tool,Q1/2025
T10185,2025-01-01,15559,89464,1227771,214.54850784086895,0.0,0.9233690902960786,HIGH,0,Start replacement sourcing + secure backup tool,Q2/2025
T10185,2025-02-01,14883,85577,1313348,229.5027767195915,0.0,0.9418072297996287,HIGH,0,Start replacement sourcing + secure backup tool,Q2/2025
T10185,2025-03-01,14834,85295,1398643,244.40776712601658,0.0,0.9157916210354528,HIGH,0,Start replacement sourcing + secure backup tool,Q2/2025
T10185,2025-04-01,18953,108979,1507622,263.45145022000565,0.0,1.2558270849978488,HIGH,0,Start replacement sourcing + secure backup tool,Q3/2025
T10185,2025-05-01,16020,92115,1599737,279.54821077206435,0.0,0.9874719046921397,HIGH,0,Start replacement sourcing + secure backup tool,Q3/2025
T10185,2025-06-01,18526,106524,1706261,298.16289156289645,0.0,1.115866880362025,HIGH,0,Start replacement sourcing + secure backup tool,Q3/2025
T10186,2024-01-01,7974,37892,37892,2.4477719926099146,97.55222800739008,0.36953624300268517,LOW,1314148,Monitor normally,Q4/2024
T10186,2024-02-01,6269,29790,67682,4.372165734292839,95.62783426570716,0.7861817797952074,LOW,1315015,Monitor normally,Q4/2024
T10186,2024-03-01,9353,44445,112127,7.24325267115412,92.75674732884588,1.3133477143110428,LOW,1293772,Monitor normally,Q4/2024
T10186,2024-04-01,11580,55028,167155,10.797987106109739,89.20201289389026,1.4722948085652876,LOW,1210590,Monitor normally,Q1/2025
T10186,2024-05-01,10910,51844,218999,14.147039443934833,85.85296055606517,1.2032213394397469,LOW,1155194,Monitor normally,Q1/2025
T10186,2024-06-01,7251,34456,253455,16.37285047996796,83.62714952003205,0.6831221871964155,LOW,1127628,Monitor normally,Q1/2025
T10186,2024-07-01,8642,41066,294521,19.025658583222437,80.97434141677756,0.8717168572398958,LOW,1073746,Monitor normally,Q2/2025
T10186,2024-08-01,10530,50038,344559,22.258045761682666,77.74195423831733,1.178603394940565,LOW,990968,Monitor normally,Q2/2025
T10186,2024-09-01,7326,34813,379372,24.506918515264662,75.49308148473534,0.8317856005097164,LOW,995404,Monitor normally,Q2/2025
T10186,2024-10-01,9230,43860,423232,27.340215242697123,72.65978475730287,1.0449740702208596,LOW,959341,Monitor normally,Q3/2025
T10186,2024-11-01,6806,32342,455574,29.429464735597733,70.57053526440227,0.7538283441197723,LOW,949401,Monitor normally,Q3/2025
T10186,2024-12-01,8397,39902,495476,32.00708001188615,67.99291998811384,1.0782867180110796,LOW,826504,Monitor normally,Q3/2025
T10186,2025-01-01,10700,50846,546322,35.29166289841216,64.70833710158783,1.313804864604148,LOW,762976,Monitor normally,Q4/2025
T10186,2025-02-01,8159,38771,585093,37.796217103138204,62.203782896861796,0.9449427248354862,LOW,683465,Monitor normally,Q4/2025
T10186,2025-03-01,8053,48524,633617,40.93080192762367,59.06919807237633,1.1239432052440184,LOW,586413,Monitor normally,Q4/2025
T10186,2025-04-01,7128,33872,667489,43.11888735287658,56.88111264712342,0.735596238625752,LOW,622221,Monitor normally,Q1/2026
T10186,2025-05-01,7655,36376,703865,45.468727794214544,54.531272205785456,0.9006412637104162,LOW,503146,Monitor normally,Q1/2026
T10186,2025-06-01,9986,47453,751318,48.53412746605341,51.46587253394659,1.1985905769036473,LOW,538778,Monitor normally,Q1/2026
T10187,2024-01-01,380,2595,2595,0.11086725536680828,99.88913274463319,0.0661421738133066,LOW,1694791,Monitor normally,Q4/2024
T10187,2024-02-01,31663,216289,218884,9.351471415687268,90.64852858431273,83.34836223506744,LOW,1579940,Monitor normally,Q4/2024
T10187,2024-03-01,1106,10214,229098,9.787848350684024,90.21215164931597,0.09332797280751448,LOW,1650149,Monitor normally,Q4/2024
T10187,2024-04-01,2410,16462,245560,10.491161166810574,89.50883883318943,0.21556713720765786,LOW,1624671,Monitor normally,Q1/2025
T10187,2024-05-01,327,2233,247793,10.586562546862243,89.41343745313776,0.027571872491922708,LOW,1626763,Monitor normally,Q1/2025
T10187,2024-06-01,759,7709,255502,10.915917333614738,89.08408266638526,0.7999930817392507,LOW,1571910,Monitor normally,Q1/2025
T10187,2024-07-01,42817,292482,547984,23.411746460472084,76.58825353952791,33.23155582487502,LOW,1178254,Monitor normally,Q2/2025
T10187,2024-08-01,3108,21230,569214,24.318764507268746,75.68123549273125,0.21059836520911038,LOW,1254059,Monitor normally,Q2/2025
T10187,2024-09-01,1,6,569220,24.319020847743584,75.68097915225641,5.600131914218424e-05,LOW,1263757,Monitor normally,Q2/2025
T10187,2024-10-01,1203,8217,577437,24.670079128032242,75.32992087196776,0.07857693852440727,LOW,1238286,Monitor normally,Q3/2025
T10187,2024-11-01,34475,235498,812935,34.73135731854192,65.26864268145809,23.987165993277426,LOW,955645,Monitor normally,Q3/2025
T10187,2024-12-01,1668,11394,824329,35.21814788025653,64.78185211974346,0.14025053237103083,LOW,1044721,Monitor normally,Q3/2025
T10187,2025-01-01,1073,7329,831658,35.53126777026937,64.46873222973062,0.08618668882712881,LOW,1022145,Monitor normally,Q4/2025
T10187,2025-02-01,1563,10676,842334,35.98738292182854,64.01261707817146,0.125984871430763,LOW,995548,Monitor normally,Q4/2025
T10187,2025-03-01,1733,11838,854172,36.49314267868106,63.50685732131894,1.2080002721180993,LOW,977215,Monitor normally,Q4/2025
T10187,2025-04-01,2729,18641,872813,37.28954981058575,62.71045018941425,1.873906778809101,LOW,881864,Monitor normally,Q1/2026
T10187,2025-05-01,1332,9098,881911,37.6782474172629,62.3217525827371,0.6632000971935366,LOW,992173,Monitor normally,Q1/2026
T10187,2025-06-01,27635,188774,1070685,45.743316883395416,54.256683116604584,14.309371604719912,LOW,742075,Monitor normally,Q1/2026
T10188,2024-01-01,28699,92984,92984,19.456260867563763,80.54373913243623,1.288384531182885,LOW,661123,Monitor normally,Q4/2024
T10188,2024-02-01,26311,85247,178231,37.293607832387906,62.706392167612094,0.9167921362815108,LOW,474222,Monitor normally,Q4/2024
T10188,2024-03-01,32114,104049,282280,59.06514365585368,40.93485634414632,1.167574664340098,LOW,312708,Monitor normally,Q4/2024
T10188,2024-04-01,31445,101881,384161,80.3830404278603,19.616959572139706,1.0827653393793397,MED,75027,Plan replacement; increase monitoring; prepare PO,Q4/2024
T10188,2024-05-01,33186,107522,491683,102.88127755470138,0.0,1.1078004100598604,HIGH,0,Start replacement sourcing + secure backup tool,Q3/2024
T10188,2024-06-01,24001,77763,569446,119.15264912232979,0.0,0.7442574939703687,HIGH,0,Start replacement sourcing + secure backup tool,Q3/2024
T10188,2024-07-01,30038,97323,666769,139.51681582212663,0.0,1.0167255176448466,HIGH,0,Start replacement sourcing + secure backup tool,Q4/2024
T10188,2024-08-01,23141,74976,741745,155.2050268563525,0.0,0.7959010360640887,HIGH,0,Start replacement sourcing + secure backup tool,Q4/2024
T10188,2024-09-01,28166,91257,833002,174.29992488172533,0.0,1.094812486503347,HIGH,0,Start replacement sourcing + secure backup tool,Q4/2024
T10188,2024-10-01,38442,124552,957554,200.36157208529585,0.0,1.4177480307790375,HIGH,0,Start replacement sourcing + secure backup tool,Q1/2025
T10188,2024-11-01,21390,69303,1026857,214.86274698532998,0.0,0.7149921763502244,HIGH,0,Start replacement sourcing + secure backup tool,Q1/2025
T10188,2024-12-01,27868,90292,1117149,233.75572541445825,0.0,0.9500687449142794,HIGH,0,Start replacement sourcing + secure backup tool,Q1/2025
T10188,2025-01-01,32515,164105,1281254,268.0935651467945,0.0,1.732606714130362,HIGH,0,Start replacement sourcing + secure backup tool,Q2/2025
T10188,2025-02-01,22018,71338,1352592,283.02054976533384,0.0,0.6611492122335496,HIGH,0,Start replacement sourcing + secure backup tool,Q2/2025
T10188,2025-03-01,27281,88390,1440982,301.5155478089108,0.0,0.8140666492701123,HIGH,0,Start replacement sourcing + secure backup tool,Q2/2025
T10188,2025-04-01,22518,72958,1513940,316.78150625741506,0.0,0.6758854100724757,HIGH,0,Start replacement sourcing + secure backup tool,Q3/2025
T10188,2025-05-01,32611,105659,1619599,338.88992347979655,0.0,1.3622521337768494,HIGH,0,Start replacement sourcing + secure backup tool,Q3/2025
T10188,2025-06-01,29445,95401,1715000,358.8519249319437,0.0,1.0718932462444806,HIGH,0,Start replacement sourcing + secure backup tool,Q3/2025
T10189,2024-01-01,2151,14841,14841,1.2634165111622648,98.73658348883774,0.16248202672817116,LOW,1026671,Monitor normally,Q4/2024
T10189,2024-02-01,2221,15324,30165,2.567950883310405,97.4320491166896,1.0325449767535881,LOW,1033485,Monitor normally,Q4/2024
T10189,2024-03-01,2354,16242,46407,3.950634730375799,96.0493652696242,1.0768771755345599,LOW,1023034,Monitor normally,Q4/2024
T10189,2024-04-01,2758,19030,65437,5.570661427189888,94.42933857281011,1.2302023401641993,LOW,1009791,Monitor normally,Q1/2025
T10189,2024-05-01,2007,13848,79285,6.7495437024122475,93.25045629758775,0.82109257648826,LOW,1000939,Monitor normally,Q1/2025
T10189,2024-06-01,1841,12702,91987,7.830866829208494,92.16913317079151,0.7757736156351791,LOW,990124,Monitor normally,Q1/2025
T10189,2024-07-01,1945,13420,105407,8.973313401528255,91.02668659847174,0.8832821412900395,LOW,970002,Monitor normally,Q2/2025
T10189,2024-08-01,2540,17526,122933,10.465304357301443,89.53469564269855,1.3154365774330747,LOW,947436,Monitor normally,Q2/2025
T10189,2024-09-01,1097,7569,130502,11.109654439707425,88.89034556029257,0.5202300219941349,LOW,923676,Monitor normally,Q2/2025
T10189,2024-10-01,1900,13109,143611,12.225625536319926,87.77437446368008,1.0210826950538752,LOW,919878,Monitor normally,Q3/2025
T10189,2024-11-01,1395,9625,153236,13.045003200893527,86.95499679910647,0.7558109098523715,LOW,913223,Monitor normally,Q3/2025
T10189,2024-12-01,2697,18609,171845,14.629190105833798,85.3708098941662,1.8422928422928424,LOW,891922,Monitor normally,Q3/2025
T10189,2025-01-01,1682,11605,183450,15.617125461405395,84.3828745385946,0.8421014440171251,LOW,879597,Monitor normally,Q4/2025
T10189,2025-02-01,2029,14000,197450,16.808947518966995,83.19105248103301,1.0542433294008384,LOW,868194,Monitor normally,Q4/2025
T10189,2025-03-01,1815,12523,209973,17.87503234945585,82.12496765054415,0.8497082372099335,LOW,857108,Monitor normally,Q4/2025
T10189,2025-04-01,1925,13282,223255,19.00573096149393,80.99426903850608,1.045058749475451,LOW,847429,Monitor normally,Q1/2026
T10189,2025-05-01,2076,14324,237579,20.225135186673388,79.77486481332662,1.0795628689863082,LOW,828056,Monitor normally,Q1/2026
T10189,2025-06-01,1967,13572,251151,21.38052154133239,78.61947845866761,1.014627825263525,LOW,819055,Monitor normally,Q1/2026
T10190,2024-01-01,17623,125616,125616,5.146372290151238,94.85362770984877,9.151682937490893,LOW,1913541,Monitor normally,Q4/2024
T10190,2024-02-01,17602,125467,251083,10.286640186982893,89.7133598130171,0.9988138453700166,LOW,1794668,Monitor normally,Q4/2024
T10190,2024-03-01,22688,161720,412803,16.912160238276186,83.08783976172381,1.2881796059470374,LOW,1374673,Monitor normally,Q4/2024
T10190,2024-04-01,24514,174735,587538,24.070892900672508,75.9291070993275,1.2698672248021454,LOW,1412099,Monitor normally,Q1/2025
T10190,2024-05-01,25896,184586,772124,31.63321199656679,68.36678800343321,1.1988127865743567,LOW,1182852,Monitor normally,Q1/2025
T10190,2024-06-01,19450,138639,910763,37.313124650482514,62.686875349517486,0.7982423648043052,LOW,970867,Monitor normally,Q1/2025
T10190,2024-07-01,18131,129237,1040000,42.60784598902438,57.39215401097562,0.7785986826251104,LOW,970706,Monitor normally,Q2/2025
T10190,2024-08-01,20836,148519,1188519,48.69253317983584,51.30746682016416,0.9847390499091637,LOW,835436,Monitor normally,Q2/2025
T10190,2024-09-01,30280,320580,1509099,61.826401705952605,38.173598294047395,2.3096819126070196,MED,579666,Plan replacement; increase monitoring; prepare PO,Q2/2025
T10190,2024-10-01,20831,148483,1657582,67.90961400978752,32.09038599021248,0.744479690341213,MED,435914,Plan replacement; increase monitoring; prepare PO,Q3/2025
T10190,2024-11-01,18932,134947,1792529,73.4382688104422,26.561731189557804,0.655525905871609,MED,320494,Plan replacement; increase monitoring; prepare PO,Q3/2025
T10190,2024-12-01,22951,163594,1956123,80.14056492268111,19.859435077318892,0.8125395274912668,MED,139998,Plan replacement; increase monitoring; prepare PO,Q2/2025
T10190,2025-01-01,25827,184094,2140217,87.68272722989596,12.31727277010404,1.2354638677118006,HIGH,8606,Start replacement sourcing + secure backup tool,Q2/2025
T10190,2025-02-01,20730,147763,2287980,93.7364417942,6.2635582057999954,0.9184766956395619,HIGH,3036,Start replacement sourcing + secure backup tool,Q2/2025
T10190,2025-03-01,22214,158341,2446321,100.22352731511165,0.0,0.9587688792635396,HIGH,0,Start replacement sourcing + secure backup tool,Q2/2025
T10190,2025-04-01,17290,123243,2569564,105.2726799720591,0.0,0.7542442033627228,HIGH,0,Start replacement sourcing + secure backup tool,Q3/2025
T10190,2025-05-01,22294,158911,2728475,111.78311787009933,0.0,1.1103676047579232,HIGH,0,Start replacement sourcing + secure backup tool,Q3/2025
T10190,2025-06-01,29776,212243,2940718,120.47851888572289,0.0,1.4454851927944699,HIGH,0,Start replacement sourcing + secure backup tool,Q3/2025
T10191,2024-01-01,7279,49482,49482,5.143193910737803,94.8568060892622,0.3002566763147835,LOW,1131733,Monitor normally,Q4/2024
T10191,2024-02-01,10019,68109,117591,12.222491313155672,87.77750868684433,1.3764399175457742,LOW,1247313,Monitor normally,Q4/2024
T10191,2024-03-01,14517,98686,216277,22.479983618945067,77.52001638105493,1.6784617870415253,LOW,881071,Monitor normally,Q4/2024
T10191,2024-04-01,14126,96028,312305,32.461201533749026,67.53879846625097,1.3320140375536929,LOW,738473,Monitor normally,Q1/2025
T10191,2024-05-01,16277,110651,422956,43.96234436178849,56.03765563821151,1.263028730362259,LOW,662501,Monitor normally,Q1/2025
T10191,2024-06-01,19334,131432,554388,57.623478957724195,42.376521042275805,1.291228529792216,MED,361024,Plan replacement; increase monitoring; prepare PO,Q1/2025
T10191,2024-07-01,14377,97734,652122,67.78201971339391,32.21798028660609,0.8671767555625224,MED,286450,Plan replacement; increase monitoring; prepare PO,Q2/2025
T10191,2024-08-01,10454,91549,743671,77.29768721539736,22.70231278460264,0.808220306812196,MED,147612,Plan replacement; increase monitoring; prepare PO,Q2/2025
T10191,2024-09-01,14823,100766,844437,87.7713761853138,12.228623814686202,0.9425751835742014,HIGH,39061,Start replacement sourcing + secure backup tool,Q4/2024
T10191,2024-10-01,15128,102840,947277,98.46063817513385,1.5393618248661483,1.0636823433281963,HIGH,56,Start replacement sourcing + secure backup tool,Q1/2025
T10191,2024-11-01,18174,123546,1070823,111.30209638005711,0.0,1.255740204299436,HIGH,0,Start replacement sourcing + secure backup tool,Q1/2025
T10191,2024-12-01,14550,98910,1169733,121.58287140352171,0.0,0.9070095857583019,HIGH,0,Start replacement sourcing + secure backup tool,Q1/2025
T10191,2025-01-01,15104,102676,1272409,132.25508711790098,0.0,0.9469160395455216,HIGH,0,Start replacement sourcing + secure backup tool,Q2/2025
T10191,2025-02-01,18082,191668,1464077,152.17719395439292,0.0,1.7685247837801263,HIGH,0,Start replacement sourcing + secure backup tool,Q2/2025
T10191,2025-03-01,14088,143463,1607540,167.08883915903655,0.0,1.0944300630127095,HIGH,0,Start replacement sourcing + secure backup tool,Q2/2025
T10191,2025-04-01,18165,123485,1731025,179.92395698102146,0.0,0.8461605227874384,HIGH,0,Start replacement sourcing + secure backup tool,Q3/2025
T10191,2025-05-01,18422,125232,1856257,192.9406592127323,0.0,0.8191951436495892,HIGH,0,Start replacement sourcing + secure backup tool,Q3/2025
T10191,2025-06-01,17097,116225,1972482,205.0211675243507,0.0,0.8890687949410985,HIGH,0,Start replacement sourcing + secure backup tool,Q3/2025
T10192,2024-01-01,10613,80552,80552,13.632640350936576,86.36735964906342,0.6621764554367544,LOW,773487,Monitor normally,Q4/2024
T10192,2024-02-01,11021,83649,164201,27.789417745855303,72.2105822541447,1.038447214221869,LOW,520070,Monitor normally,Q4/2024
T10192,2024-03-01,9963,75619,239820,40.58719595989683,59.41280404010317,0.9210540739703169,LOW,461570,Monitor normally,Q4/2024
T10192,2024-04-01,10608,80514,320334,54.21340518145939,45.78659481854061,1.0071803852889667,LOW,233738,Monitor normally,Q1/2025
T10192,2024-05-01,7283,55277,375611,63.56849829744312,36.43150170255688,0.6915906948811837,LOW,274101,Monitor normally,Q1/2025
T10192,2024-06-01,9319,70731,446342,75.53903018569041,24.460969814309593,1.0037037037037038,MED,87280,Plan replacement; increase monitoring; prepare PO,Q1/2025
T10192,2024-07-01,13427,101910,548252,92.78630372531632,7.213696274683684,1.4803749721579298,HIGH,8882,Start replacement sourcing + secure backup tool,Q4/2024
T10192,2024-08-01,9480,71953,620205,104.96364719501214,0.0,0.9470906203108135,HIGH,0,Start replacement sourcing + secure backup tool,Q4/2024
T10192,2024-09-01,11671,88582,708787,119.95528672682593,0.0,1.086478000278012,HIGH,0,Start replacement sourcing + secure backup tool,Q4/2024
T10192,2024-10-01,6444,48909,757696,128.23265795192222,0.0,0.5590771399721847,HIGH,0,Start replacement sourcing + secure backup tool,Q1/2025
T10192,2024-11-01,9475,71915,829611,140.40357029224407,0.0,1.0300844139722312,HIGH,0,Start replacement sourcing + secure backup tool,Q1/2025
T10192,2024-12-01,11228,132987,962598,162.91032297808675,0.0,1.9052032893040314,HIGH,0,Start replacement sourcing + secure backup tool,Q1/2025
T10192,2025-01-01,10072,76446,1039044,175.84806287613645,0.0,0.9035778591156411,HIGH,0,Start replacement sourcing + secure backup tool,Q2/2025
T10192,2025-02-01,9565,102966,1142010,193.27405411626128,0.0,1.097921435375407,HIGH,0,Start replacement sourcing + secure backup tool,Q2/2025
T10192,2025-03-01,11413,86624,1228634,207.93432124506666,0.0,0.8318592569118339,HIGH,0,Start replacement sourcing + secure backup tool,Q2/2025
T10192,2025-04-01,8724,66215,1294849,219.14056417928634,0.0,0.746684659219053,HIGH,0,Start replacement sourcing + secure backup tool,Q3/2025
T10192,2025-05-01,8174,95480,1390329,235.2996229327304,0.0,1.1197591915717051,HIGH,0,Start replacement sourcing + secure backup tool,Q3/2025
T10192,2025-06-01,11745,89144,1479473,250.3863754831809,0.0,1.0769695432085342,HIGH,0,Start replacement sourcing + secure backup tool,Q3/2025
T10193,2024-01-01,1769,14711,14711,1.0699811765938072,98.93001882340619,0.1759415401911186,LOW,1172164,Monitor normally,Q4/2024
T10193,2024-02-01,3654,30386,45097,3.2800585358473877,96.71994146415261,2.0655291958398476,LOW,1170277,Monitor normally,Q4/2024
T10193,2024-03-01,2520,20956,66053,4.804259850285551,95.19574014971445,0.9293744594984146,LOW,1157495,Monitor normally,Q4/2024
T10193,2024-04-01,2225,24613,90666,6.594447240639938,93.40555275936006,1.1178750397408141,LOW,1139403,Monitor normally,Q1/2025
T10193,2024-05-01,2730,22702,113368,8.245641086811688,91.75435891318831,0.8966624975314331,LOW,1096623,Monitor normally,Q1/2025
T10193,2024-06-01,510,4241,117609,8.55410347345667,91.44589652654332,0.18636024080502703,LOW,1094228,Monitor normally,Q1/2025
T10193,2024-07-01,1044,8681,126290,9.185502195094276,90.81449780490573,0.5051400418961906,LOW,1081572,Monitor normally,Q2/2025
T10193,2024-08-01,1064,8848,135138,9.829047395998499,90.1709526040015,0.7451156523691893,LOW,1078127,Monitor normally,Q2/2025
T10193,2024-09-01,316,2627,137765,10.020118060869136,89.97988193913086,0.3620119430408819,LOW,1080491,Monitor normally,Q2/2025
T10193,2024-10-01,30048,249879,387644,28.194669513937175,71.80533048606283,37.191754316332606,LOW,891775,Monitor normally,Q3/2025
T10193,2024-11-01,1023,8507,396151,28.813412622446695,71.18658737755331,0.09764916549966712,LOW,853404,Monitor normally,Q3/2025
T10193,2024-12-01,1927,16024,412175,29.978892764771427,70.02110723522857,0.18417473459176364,LOW,854522,Monitor normally,Q3/2025
T10193,2025-01-01,2296,19093,431268,31.3675917386485,68.6324082613515,0.2087351044058161,LOW,812624,Monitor normally,Q4/2025
T10193,2025-02-01,2918,24266,455534,33.13254063615549,66.86745936384452,1.668760315422703,LOW,768580,Monitor normally,Q4/2025
T10193,2025-03-01,810,6735,462269,33.622400144303086,66.37759985569691,0.3402488927807622,LOW,830130,Monitor normally,Q4/2025
T10193,2025-04-01,335,2785,465054,33.82496268776129,66.17503731223871,0.1667864414899988,LOW,794875,Monitor normally,Q1/2026
T10193,2025-05-01,903,7509,472563,34.371117854306256,65.62888214569375,0.6667554608417687,LOW,796681,Monitor normally,Q1/2026
T10193,2025-06-01,35244,293089,765652,55.68847990084982,44.31152009915018,51.633507545951026,MED,553484,Plan replacement; increase monitoring; prepare PO,Q1/2026
T10194,2024-01-01,29068,34532,34532,2.4345415564794326,97.56545844352057,0.34146936380746445,LOW,1119525,Monitor normally,Q4/2024
T10194,2024-02-01,29168,34651,69183,4.877472735489302,95.1225272645107,1.0034460789991893,LOW,1125450,Monitor normally,Q4/2024
T10194,2024-03-01,28765,34172,103355,7.28663392128842,92.71336607871157,0.9878727433039909,LOW,1101113,Monitor normally,Q4/2024
T10194,2024-04-01,34599,54896,158251,11.156858445917603,88.8431415540824,1.59342073436215,LOW,1045569,Monitor normally,Q1/2025
T10194,2024-05-01,27973,33231,191482,13.499678162799567,86.50032183720043,0.8058018574349939,LOW,1017519,Monitor normally,Q1/2025
T10194,2024-06-01,29349,34866,226348,15.957767063187958,84.04223293681204,0.8552645565376659,LOW,955920,Monitor normally,Q1/2025
T10194,2024-07-01,21086,25050,251398,17.72381785635979,82.27618214364021,0.6110103827047068,LOW,902708,Monitor normally,Q2/2025
T10194,2024-08-01,23923,28420,279818,19.72745711951123,80.27254288048877,0.9153273857451125,LOW,927137,Monitor normally,Q2/2025
T10194,2024-09-01,24852,29524,309342,21.80892951941563,78.19107048058437,1.002671617460605,LOW,866665,Monitor normally,Q2/2025
T10194,2024-10-01,33534,39838,349180,24.61754953931102,75.38245046068897,1.4400318095283995,LOW,830914,Monitor normally,Q3/2025
T10194,2024-11-01,28203,33505,382685,26.97968653832189,73.02031346167811,1.0279499294348653,LOW,800672,Monitor normally,Q3/2025
T10194,2024-12-01,36047,42823,425508,29.998752131774886,70.00124786822511,1.2488844819038176,LOW,762470,Monitor normally,Q3/2025
T10194,2025-01-01,26355,31309,456817,32.20606886963584,67.79393113036416,0.8085584422292237,LOW,715076,Monitor normally,Q4/2025
T10194,2025-02-01,29935,35562,492379,34.71322648667284,65.28677351332716,0.9911647481813874,LOW,683599,Monitor normally,Q4/2025
T10194,2025-03-01,26490,31470,523849,36.93189389031027,63.06810610968973,0.8606669462322462,LOW,639934,Monitor normally,Q4/2025
T10194,2025-04-01,31371,37268,561117,39.55932626396009,60.44067373603991,1.1369011907546192,LOW,591252,Monitor normally,Q1/2026
T10194,2025-05-01,22900,42558,603675,42.55970908455118,57.44029091544882,1.2241035474592523,LOW,568591,Monitor normally,Q1/2026
T10194,2025-06-01,20185,23979,627654,44.25025327494908,55.74974672505092,0.6463574611845889,LOW,567062,Monitor normally,Q1/2026
T10195,2024-01-01,27067,100851,100851,5.735707367509886,94.26429263249011,2.914628389769279,LOW,1378681,Monitor normally,Q4/2024
T10195,2024-02-01,30510,113680,214531,12.201039526224463,87.79896047377554,1.1272074644772982,LOW,1273903,Monitor normally,Q4/2024
T10195,2024-03-01,34578,128837,343368,19.528397015073075,80.47160298492693,1.20110380317996,LOW,1117578,Monitor normally,Q4/2024
T10195,2024-04-01,35016,130469,473837,26.948571376573184,73.05142862342682,1.1399052911162368,LOW,998266,Monitor normally,Q1/2025
T10195,2024-05-01,23364,87054,560891,31.89960080782528,68.10039919217472,0.7001925005228078,LOW,931977,Monitor normally,Q1/2025
T10195,2024-06-01,30276,112808,673699,38.315339637525085,61.684660362474915,0.9770874234900104,LOW,780429,Monitor normally,Q1/2025
T10195,2024-07-01,30655,114220,787919,44.811383261455234,55.188616738544766,1.0373231697903014,LOW,670199,Monitor normally,Q2/2025
T10195,2024-08-01,30160,112376,900295,51.20255291898259,48.79744708101741,1.0733757426404569,LOW,566218,Monitor normally,Q2/2025
T10195,2024-09-01,42156,157073,1057368,60.135778800103054,39.864221199896946,1.3883719696880414,MED,453376,Plan replacement; increase monitoring; prepare PO,Q2/2025
T10195,2024-10-01,24282,90474,1147842,65.28131417772043,34.71868582227957,0.7074379217502587,MED,315714,Plan replacement; increase monitoring; prepare PO,Q3/2025
T10195,2024-11-01,29601,169506,1317348,74.92164310888751,25.07835689111249,1.4128521933858076,MED,178833,Plan replacement; increase monitoring; prepare PO,Q3/2025
T10195,2024-12-01,34605,128938,1446286,82.2547447791931,17.745255220806897,0.9274936279082036,MED,59213,Plan replacement; increase monitoring; prepare PO,Q2/2025
T10195,2025-01-01,33062,123189,1569475,89.26088309112035,10.739116908879652,0.9502440103055143,HIGH,24670,Start replacement sourcing + secure backup tool,Q2/2025
T10195,2025-02-01,45153,168240,1737715,98.82921069828203,1.1707893017179742,1.1970600024191653,HIGH,151,Start replacement sourcing + secure backup tool,Q2/2025
T10195,2025-03-01,50895,283031,2020746,114.92605646018515,0.0,2.0198850052454165,HIGH,0,Start replacement sourcing + secure backup tool,Q2/2025
T10195,2025-04-01,30879,179518,2200264,125.13579870568236,0.0,0.9374960832782091,HIGH,0,Start replacement sourcing + secure backup tool,Q3/2025
T10195,2025-05-01,30509,113676,2313940,131.600903372062,0.0,0.5406372019803769,HIGH,0,Start replacement sourcing + secure backup tool,Q3/2025
T10195,2025-06-01,34198,127421,2441361,138.84772857434535,0.0,0.6633919042040869,HIGH,0,Start replacement sourcing + secure backup tool,Q3/2025
T10196,2024-01-01,31280,125120,125120,12.63555041192783,87.36444958807218,0.8924075460932206,LOW,1670110,Monitor normally,Q4/2024
T10196,2024-02-01,40251,161004,286124,28.89493467121514,71.10506532878486,1.2867966751918158,LOW,927078,Monitor normally,Q4/2024
T10196,2024-03-01,34091,183869,469993,47.463397096812635,52.536602903187365,1.2852399658889153,LOW,674964,Monitor normally,Q4/2024
T10196,2024-04-01,43405,173620,643613,64.9968390926479,35.0031609073521,1.1082292714997881,LOW,431190,Monitor normally,Q1/2025
T10196,2024-05-01,32482,129928,773541,78.11793718984228,21.88206281015772,0.751763283207295,MED,222737,Plan replacement; increase monitoring; prepare PO,Q1/2025
T10196,2024-06-01,16462,99586,873127,88.17487391716202,11.825126082837983,0.6129412802589979,HIGH,133737,Start replacement sourcing + secure backup tool,Q3/2024
T10196,2024-07-01,53018,331755,1204882,121.67796716291903,0.0,2.468819300778401,HIGH,0,Start replacement sourcing + secure backup tool,Q4/2024
T10196,2024-08-01,41314,165256,1370138,138.36675008230478,0.0,0.8832983827718973,HIGH,0,Start replacement sourcing + secure backup tool,Q4/2024
T10196,2024-09-01,33404,133616,1503754,151.8602899147868,0.0,0.6718907403154893,HIGH,0,Start replacement sourcing + secure backup tool,Q4/2024
T10196,2024-10-01,33358,133432,1637186,165.33524805548655,0.0,0.6347587401110324,HIGH,0,Start replacement sourcing + secure backup tool,Q1/2025
T10196,2024-11-01,36545,146180,1783366,180.09759427683895,0.0,1.0144250342351677,HIGH,0,Start replacement sourcing + secure backup tool,Q1/2025
T10196,2024-12-01,41096,208582,1991948,201.16175968621178,0.0,1.5142875119788592,HIGH,0,Start replacement sourcing + secure backup tool,Q1/2025
T10196,2025-01-01,49334,197336,2189284,221.09022017285014,0.0,1.212649069836991,HIGH,0,Start replacement sourcing + secure backup tool,Q2/2025
T10196,2025-02-01,29346,117384,2306668,232.9445316302809,0.0,0.6378432814464099,HIGH,0,Start replacement sourcing + secure backup tool,Q2/2025
T10196,2025-03-01,47660,190640,2497308,252.196780115974,0.0,1.0929061994794593,HIGH,0,Start replacement sourcing + secure backup tool,Q2/2025
T10196,2025-04-01,34042,136168,2633476,265.94803993447937,0.0,0.8083425676745291,HIGH,0,Start replacement sourcing + secure backup tool,Q3/2025
T10196,2025-05-01,23353,93412,2726888,275.3814801125404,0.0,0.6308893451480441,HIGH,0,Start replacement sourcing + secure backup tool,Q3/2025
T10196,2025-06-01,39107,204855,2931743,296.0692652758674,0.0,1.4624839369853886,HIGH,0,Start replacement sourcing + secure backup tool,Q3/2025
T10197,2024-01-01,41684,247602,247602,10.306567969726574,89.69343203027343,1.709820801730984,LOW,1677382,Monitor normally,Q4/2024
T10197,2024-02-01,41321,245446,493048,20.52339126637809,79.4766087336219,0.9912924774436394,LOW,1369403,Monitor normally,Q4/2024
T10197,2024-03-01,46443,275871,768919,32.006671742208006,67.993328257792,1.1190431763236033,LOW,1110685,Monitor normally,Q4/2024
T10197,2024-04-01,33010,196079,964998,40.16856680337883,59.83143319662117,0.7650181618610022,LOW,874148,Monitor normally,Q1/2025
T10197,2024-05-01,36960,340495,1305493,54.341856440991,45.658143559009,1.4238788618838132,LOW,686884,Monitor normally,Q1/2025
T10197,2024-06-01,45043,267555,1573048,65.47897889210284,34.521021107897155,0.9879622620608164,MED,417901,Plan replacement; increase monitoring; prepare PO,Q1/2025
T10197,2024-07-01,38217,227008,1800056,74.9283104066774,25.071689593322603,0.8469088914838291,MED,226289,Plan replacement; increase monitoring; prepare PO,Q2/2025
T10197,2024-08-01,45683,271357,2071413,86.22369317644943,13.77630682355057,0.9748676139860943,HIGH,21296,Start replacement sourcing + secure backup tool,Q4/2024
T10197,2024-09-01,59111,351119,2422532,100.83921259455764,0.0,1.3752833194067267,HIGH,0,Start replacement sourcing + secure backup tool,Q4/2024
T10197,2024-10-01,45651,424230,2846762,118.4980171672069,0.0,1.4981918435191246,HIGH,0,Start replacement sourcing + secure backup tool,Q1/2025
T10197,2024-11-01,44644,265185,3111947,129.53648707880674,0.0,0.7600558322967481,HIGH,0,Start replacement sourcing + secure backup tool,Q1/2025
T10197,2024-12-01,59355,352568,3464515,144.21232191031277,0.0,1.0165011426825072,HIGH,0,Start replacement sourcing + secure backup tool,Q1/2025
T10197,2025-01-01,68718,408184,3872699,161.20320300236725,0.0,1.1752130313066527,HIGH,0,Start replacement sourcing + secure backup tool,Q2/2025
T10197,2025-02-01,28931,171850,4044549,168.3565527555902,0.0,0.5025162363770875,HIGH,0,Start replacement sourcing + secure backup tool,Q2/2025
T10197,2025-03-01,55076,327151,4371700,181.9743911327601,0.0,1.0523814017126278,HIGH,0,Start replacement sourcing + secure backup tool,Q2/2025
T10197,2025-04-01,44137,262173,4633873,192.88748490553706,0.0,0.8669885414772069,HIGH,0,Start replacement sourcing + secure backup tool,Q3/2025
T10197,2025-05-01,64096,380730,5014603,208.73557830992797,0.0,1.5005636030657905,HIGH,0,Start replacement sourcing + secure backup tool,Q3/2025
T10197,2025-06-01,60926,361900,5376503,223.79986271895555,0.0,1.1192160436429313,HIGH,0,Start replacement sourcing + secure backup tool,Q3/2025
T10198,2024-01-01,39526,40711,40711,2.814935177182368,97.18506482281764,0.12154919919626037,LOW,1366707,Monitor normally,Q4/2024
T10198,2024-02-01,39191,40366,81077,5.606015557476232,94.39398444252377,0.9915256318931002,LOW,1353980,Monitor normally,Q4/2024
T10198,2024-03-01,44426,45758,126835,8.769922212618841,91.23007778738116,1.1287541472920803,LOW,1299715,Monitor normally,Q4/2024
T10198,2024-04-01,54317,55946,182781,12.638271391529818,87.36172860847019,1.3232782749241139,LOW,1205353,Monitor normally,Q1/2025
T10198,2024-05-01,35944,37022,219803,15.198133102852204,84.80186689714779,0.7817695502217217,LOW,1212616,Monitor normally,Q1/2025
T10198,2024-06-01,38689,39849,259652,17.953465859982714,82.04653414001729,0.8617490592967432,LOW,1104904,Monitor normally,Q1/2025
T10198,2024-07-01,48715,50176,309828,21.4228522039758,78.5771477960242,1.1333488935904288,LOW,1017635,Monitor normally,Q2/2025
T10198,2024-08-01,43356,44656,354484,24.510561797752807,75.48943820224719,1.0544759026187158,LOW,1029655,Monitor normally,Q2/2025
T10198,2024-09-01,43852,45167,399651,27.63360414866033,72.36639585133968,1.006088460881639,LOW,943477,Monitor normally,Q2/2025
T10198,2024-10-01,42546,43822,443473,30.66364736387208,69.33635263612791,0.9390495646397474,LOW,931238,Monitor normally,Q3/2025
T10198,2024-11-01,44116,45439,488912,33.80549697493518,66.19450302506482,1.0199932657413295,LOW,928331,Monitor normally,Q3/2025
T10198,2024-12-01,30721,31642,520554,35.993362143474506,64.00663785652549,0.7061475287886452,LOW,887518,Monitor normally,Q3/2025
T10198,2025-01-01,29044,29915,550469,38.06181503889369,61.93818496110631,0.7422892732190268,LOW,866736,Monitor normally,Q4/2025
T10198,2025-02-01,27349,28169,578638,40.0095419187554,59.9904580812446,0.7898145725073834,LOW,839124,Monitor normally,Q4/2025
T10198,2025-03-01,53354,54954,633592,43.809299913569575,56.190700086430425,1.837393843479036,LOW,749522,Monitor normally,Q4/2025
T10198,2025-04-01,38006,39146,672738,46.51602420051858,53.48397579948142,1.0389249632866824,LOW,742484,Monitor normally,Q1/2026
T10198,2025-05-01,35671,36741,709479,49.05645635263613,50.94354364736387,0.9014795246546549,LOW,717213,Monitor normally,Q1/2026
T10198,2025-06-01,46948,48356,757835,52.400000000000006,47.599999999999994,1.1087350295396703,LOW,606703,Monitor normally,Q1/2026
T10199,2024-01-01,22289,26479,26479,2.8466502755915246,97.15334972440847,0.6393680126848192,LOW,785779,Monitor normally,Q4/2024
T10199,2024-02-01,38478,45711,72190,7.760855145396434,92.23914485460357,1.7263114165942823,LOW,791725,Monitor normally,Q4/2024
T10199,2024-03-01,26639,40435,112625,12.10785857806169,87.8921414219383,1.1202382601468348,LOW,754291,Monitor normally,Q4/2024
T10199,2024-04-01,33761,40108,152733,16.41970756229164,83.58029243770835,1.0683596004439513,LOW,664825,Monitor normally,Q1/2025
T10199,2024-05-01,29701,35284,188017,20.212947802631962,79.78705219736804,0.8384051198377873,LOW,673101,Monitor normally,Q1/2025
T10199,2024-06-01,30013,35655,223672,24.04607275358237,75.95392724641763,0.9234893418632961,LOW,621877,Monitor normally,Q1/2025
T10199,2024-07-01,37805,44912,268584,28.874380362531593,71.1256196374684,1.2133240879987754,LOW,549789,Monitor normally,Q2/2025
T10199,2024-08-01,35684,42392,310976,33.43177295601609,66.56822704398391,1.0977548747960744,LOW,500635,Monitor normally,Q2/2025
T10199,2024-09-01,20424,24263,335239,36.040190027532276,63.959809972467724,0.5919778137427922,LOW,475037,Monitor normally,Q2/2025
T10199,2024-10-01,25510,30305,365544,39.298158100412714,60.701841899587286,0.8148915001747828,LOW,443321,Monitor normally,Q3/2025
T10199,2024-11-01,30317,36016,401560,43.17009270238803,56.82990729761197,1.1143564356435645,LOW,414436,Monitor normally,Q3/2025
T10199,2024-12-01,28795,34208,435768,46.84765653136325,53.15234346863675,1.132915305131149,LOW,373733,Monitor normally,Q3/2025
T10199,2025-01-01,26328,31277,467045,50.21012039592294,49.78987960407706,0.9333724596882492,LOW,348131,Monitor normally,Q4/2025
T10199,2025-02-01,37510,44561,511606,55.000693413432444,44.999306586567556,1.3170609156560036,MED,296176,Plan replacement; increase monitoring; prepare PO,Q4/2025
T10199,2025-03-01,36861,43790,555396,59.70837933692474,40.29162066307526,1.1937735128946076,LOW,241314,Monitor normally,Q4/2025
T10199,2025-04-01,26769,31801,587197,63.12717632374775,36.87282367625225,0.7974972414484903,LOW,218711,Monitor normally,Q1/2026
T10199,2025-05-01,34214,40646,627843,67.49686351366024,32.503136486339756,1.0148645049603835,MED,157206,Plan replacement; increase monitoring; prepare PO,Q1/2026
T10199,2025-06-01,38315,45518,673361,72.39031973347123,27.60968026652877,1.1747894388189648,MED,128708,Plan replacement; increase monitoring; prepare PO,Q1/2026
T10200,2024-01-01,40732,209769,209769,8.694637583544894,91.30536241645511,5.3346924935362185,LOW,1854723,Monitor normally,Q4/2024
T10200,2024-02-01,33136,170650,380419,15.767846225584167,84.23215377441583,0.8135139129232632,LOW,1686653,Monitor normally,Q4/2024
T10200,2024-03-01,45944,236611,617030,25.57504792497798,74.42495207502202,1.2439494347022626,LOW,1484501,Monitor normally,Q4/2024
T10200,2024-04-01,40253,207302,824332,34.16743173928812,65.83256826071188,1.007902371035444,LOW,1315080,Monitor normally,Q1/2025
T10200,2024-05-01,35969,185240,1009572,41.84537588725973,58.15462411274027,0.9042522898384705,LOW,1089900,Monitor normally,Q1/2025
T10200,2024-06-01,45540,234531,1244103,51.5663644370758,48.4336355629242,1.1183178018701334,LOW,899518,Monitor normally,Q1/2025
T10200,2024-07-01,43545,224256,1468359,60.861468317703746,39.138531682296254,1.0728703037764342,LOW,679361,Monitor normally,Q2/2025
T10200,2024-08-01,52557,270668,1739027,72.08028599554427,27.919714004455727,1.2608229158094304,MED,436996,Plan replacement; increase monitoring; prepare PO,Q2/2025
T10200,2024-09-01,46950,241792,1980819,82.10223304491994,17.89776695508006,0.9944081540328054,MED,247671,Plan replacement; increase monitoring; prepare PO,Q1/2025
T10200,2024-10-01,35053,180522,2161341,89.58462255841665,10.415377441583345,0.7351082370954344,HIGH,86039,Start replacement sourcing + secure backup tool,Q1/2025
T10200,2024-11-01,37495,193099,2354440,97.58831148645149,2.411688513548512,0.8359481198645853,HIGH,5151,Start replacement sourcing + secure backup tool,Q1/2025
T10200,2024-12-01,48553,250047,2604487,107.95241697321383,0.0,1.218922902181137,HIGH,0,Start replacement sourcing + secure backup tool,Q1/2025
T10200,2025-01-01,33382,171917,2776404,115.07814102896224,0.0,0.8269640257316392,HIGH,0,Start replacement sourcing + secure backup tool,Q2/2025
T10200,2025-02-01,37149,191317,2967721,123.0079684990415,0.0,0.9331580667346272,HIGH,0,Start replacement sourcing + secure backup tool,Q2/2025
T10200,2025-03-01,49676,255831,3223552,133.61181285943732,0.0,1.2514540642870071,HIGH,0,Start replacement sourcing + secure backup tool,Q2/2025
T10200,2025-04-01,40876,210511,3434063,142.3372053261489,0.0,1.0201400499139832,HIGH,0,Start replacement sourcing + secure backup tool,Q3/2025
T10200,2025-05-01,54080,278512,3712575,153.88114605460856,0.0,1.270469954794202,HIGH,0,Start replacement sourcing + secure backup tool,Q3/2025
T10200,2025-06-01,50411,259616,3972191,164.64187347805813,0.0,1.0456384741170752,HIGH,0,Start replacement sourcing + secure backup tool,Q3/2025
T10201,2024-01-01,14535,86083,86083,3.687304514991575,96.31269548500842,0.34495798375451986,LOW,1809473,Monitor normally,Q4/2024
T10201,2024-02-01,37097,219706,305789,13.098255873224197,86.90174412677581,2.5522577047733,LOW,1660377,Monitor normally,Q4/2024
T10201,2024-03-01,27892,165190,470979,20.174052869512177,79.82594713048782,1.0804181968612343,LOW,1492285,Monitor normally,Q4/2024
T10201,2024-04-01,22211,131544,602523,25.808647215899406,74.19135278410059,0.8378972310867363,LOW,1388274,Monitor normally,Q1/2025
T10201,2024-05-01,21208,125604,728127,31.188805856989998,68.81119414301,0.7296336457284487,LOW,1142632,Monitor normally,Q1/2025
T10201,2024-06-01,23663,197430,925557,39.645580486066436,60.354419513933564,1.402407550350667,LOW,1058437,Monitor normally,Q1/2025
T10201,2024-07-01,20651,122305,1047862,44.88442879184161,55.11557120815839,0.8071552076871296,LOW,965104,Monitor normally,Q2/2025
T10201,2024-08-01,24820,146996,1194858,51.18089864635065,48.81910135364935,0.9902299147391088,LOW,754250,Monitor normally,Q2/2025
T10201,2024-09-01,19774,117111,1311969,56.19726563001964,43.80273436998036,0.7527526562409611,LOW,714781,Monitor normally,Q2/2025
T10201,2024-10-01,19848,117549,1429518,61.23239403438223,38.76760596561777,0.9126191733175988,LOW,610849,Monitor normally,Q3/2025
T10201,2024-11-01,32286,191213,1620731,69.42286785877361,30.577132141226386,1.5030262854507723,MED,425550,Plan replacement; increase monitoring; prepare PO,Q3/2025
T10201,2024-12-01,27014,159990,1780721,76.2759265271925,23.724073472807504,1.1270261322037323,MED,263581,Plan replacement; increase monitoring; prepare PO,Q3/2025
T10201,2025-01-01,25995,153955,1934676,82.87048023240175,17.129519767598254,0.9853077960200703,MED,171559,Plan replacement; increase monitoring; prepare PO,Q3/2025
T10201,2025-02-01,28804,170591,2105267,90.17762524961684,9.822374750383162,1.013094912878743,HIGH,31391,Start replacement sourcing + secure backup tool,Q2/2025
T10201,2025-03-01,21219,125669,2230936,95.56056811980581,4.439431880194192,0.7780784090346228,HIGH,16223,Start replacement sourcing + secure backup tool,Q2/2025
T10201,2025-04-01,19811,117330,2348266,100.5863158138216,0.0,0.7818264606910033,HIGH,0,Start replacement sourcing + secure backup tool,Q3/2025
T10201,2025-05-01,26984,159812,2508078,107.43174997794034,0.0,1.1592059769336782,HIGH,0,Start replacement sourcing + secure backup tool,Q3/2025
T10201,2025-06-01,31700,187743,2695821,115.47358880277292,0.0,1.3982463239583824,HIGH,0,Start replacement sourcing + secure backup tool,Q3/2025
T10202,2024-01-01,70666,81265,81265,5.8122735419786835,94.18772645802132,0.5244200178538779,LOW,1133241,Monitor normally,Q4/2024
T10202,2024-02-01,48226,55459,136724,9.778838217602823,90.22116178239717,0.6824463176029041,LOW,1111667,Monitor normally,Q4/2024
T10202,2024-03-01,49934,57424,194148,13.885944547198392,86.11405545280161,0.8399988297592229,LOW,1034619,Monitor normally,Q4/2024
T10202,2024-04-01,41988,60384,254532,18.204757388628785,81.79524261137121,0.9330613758575932,LOW,964064,Monitor normally,Q1/2025
T10202,2024-05-01,56254,64692,319224,22.831689031743103,77.16831096825689,1.120097883613152,LOW,938299,Monitor normally,Q1/2025
T10202,2024-06-01,64308,73954,393178,28.121061793983813,71.87893820601619,1.2156821917808218,LOW,874763,Monitor normally,Q1/2025
T10202,2024-07-01,50936,86174,479352,34.28443914224532,65.71556085775468,1.298909712103703,LOW,770441,Monitor normally,Q2/2025
T10202,2024-08-01,54369,62524,541876,38.75631006993467,61.24368993006533,0.8343207899653056,LOW,705740,Monitor normally,Q2/2025
T10202,2024-09-01,49174,56550,598426,42.8009057605628,57.1990942394372,0.7619513860194385,LOW,625921,Monitor normally,Q2/2025
T10202,2024-10-01,42220,48552,646978,46.27346473441561,53.72653526558439,0.7096585594013096,LOW,592332,Monitor normally,Q3/2025
T10202,2024-11-01,60411,69472,716450,51.24227378515508,48.75772621484492,1.2433393387660625,LOW,510883,Monitor normally,Q3/2025
T10202,2024-12-01,50231,57765,774215,55.373769277093785,44.626230722906215,0.9926735940059802,LOW,454712,Monitor normally,Q3/2025
T10202,2025-01-01,61084,70246,844461,60.39793671977925,39.60206328022075,1.1988122123682368,LOW,392524,Monitor normally,Q4/2025
T10202,2025-02-01,65959,75852,920313,65.82305913048702,34.176940869512975,1.1522814622018096,MED,284102,Plan replacement; increase monitoring; prepare PO,Q4/2025
T10202,2025-03-01,41900,48184,968497,69.26929783530092,30.730702164699082,0.7090644207139108,MED,252097,Plan replacement; increase monitoring; prepare PO,Q4/2025
T10202,2025-04-01,58214,66946,1035443,74.05744112627865,25.942558873721353,1.0337447627675236,MED,199134,Plan replacement; increase monitoring; prepare PO,Q1/2026
T10202,2025-05-01,54201,62331,1097774,78.5155082172166,21.484491782783394,0.9791132148579448,MED,134092,Plan replacement; increase monitoring; prepare PO,Q1/2026
T10202,2025-06-01,55789,64157,1161931,83.10417533876618,16.895824661233817,1.084581964487972,MED,114359,Plan replacement; increase monitoring; prepare PO,Q4/2025
T10203,2024-01-01,48569,60322,60322,17.006963827567738,82.99303617243226,0.9355439064487112,LOW,629485,Monitor normally,Q4/2024
T10203,2024-02-01,36299,45083,105405,29.717499788547748,70.28250021145226,0.7473724346009748,LOW,536446,Monitor normally,Q4/2024
T10203,2024-03-01,29350,36452,141857,39.99464320956328,60.00535679043672,0.6916559935486931,LOW,631946,Monitor normally,Q4/2024
T10203,2024-04-01,35645,44271,186128,52.47624686345823,47.52375313654177,0.9362456558365114,LOW,461870,Monitor normally,Q1/2025
T10203,2024-05-01,47309,58757,244885,69.04198032084355,30.95801967915645,1.4011334912484301,MED,128868,Plan replacement; increase monitoring; prepare PO,Q1/2025
T10203,2024-06-01,30298,37630,282515,79.6512447489357,20.348755251064304,0.8093633495841698,MED,45167,Start replacement sourcing + secure backup tool,Q1/2025
T10203,2024-07-01,39775,77543,360058,101.51343426654262,0.0,1.6538625602525274,HIGH,0,Start replacement sourcing + secure backup tool,Q4/2024
T10203,2024-08-01,38179,47418,407476,114.88229157856156,0.0,0.8178807566262289,HIGH,0,Start replacement sourcing + secure backup tool,Q4/2024
T10203,2024-09-01,56152,69740,477216,134.54453184470947,0.0,1.286787091536432,HIGH,0,Start replacement sourcing + secure backup tool,Q4/2024
T10203,2024-10-01,42391,68136,545352,153.75454622346274,0.0,1.0498559329433337,HIGH,0,Start replacement sourcing + secure backup tool,Q1/2025
T10203,2024-11-01,32139,39916,585268,165.00831712199385,0.0,0.646259457942513,HIGH,0,Start replacement sourcing + secure backup tool,Q1/2025
T10203,2024-12-01,50605,62851,648119,182.72829795032283,0.0,1.060525782937365,HIGH,0,Start replacement sourcing + secure backup tool,Q1/2025
T10203,2025-01-01,26443,32842,680961,191.98765118836167,0.0,0.5765024604600271,HIGH,0,Start replacement sourcing + secure backup tool,Q2/2025
T10203,2025-02-01,67213,83478,764439,215.5231328765965,0.0,1.8467358361170718,HIGH,0,Start replacement sourcing + secure backup tool,Q2/2025
T10203,2025-03-01,42104,52293,816732,230.2664298401421,0.0,0.8755825440500974,HIGH,0,Start replacement sourcing + secure backup tool,Q2/2025
T10203,2025-04-01,30843,56048,872780,246.06839775578675,0.0,0.9972184825606566,HIGH,0,Start replacement sourcing + secure backup tool,Q3/2025
T10203,2025-05-01,38071,47284,920064,259.3994755984099,0.0,0.7395096419020014,HIGH,0,Start replacement sourcing + secure backup tool,Q3/2025
T10203,2025-06-01,30674,48268,968332,273.00797879838734,0.0,0.9304674698795181,HIGH,0,Start replacement sourcing + secure backup tool,Q3/2025
T10204,2024-01-01,30119,35781,35781,2.2179327683899484,97.78206723161006,0.7080672823218997,LOW,1299626,Monitor normally,Q4/2024
T10204,2024-02-01,36570,43445,79226,4.9109287473369125,95.08907125266309,1.21419188955032,LOW,1274573,Monitor normally,Q4/2024
T10204,2024-03-01,31357,37252,116478,7.220043402826204,92.7799565971738,0.9403983540756822,LOW,1254372,Monitor normally,Q4/2024
T10204,2024-04-01,35669,60182,176660,10.950504537709072,89.04949546229093,1.5500437850924638,LOW,1189972,Monitor normally,Q1/2025
T10204,2024-05-01,30554,36298,212958,13.20048423718696,86.79951576281304,0.7729611936484502,LOW,1156522,Monitor normally,Q1/2025
T10204,2024-06-01,33611,39929,252887,15.675536290205105,84.3244637097949,0.8957242843896748,LOW,1098396,Monitor normally,Q1/2025
T10204,2024-07-01,40538,48159,301046,18.66073581489395,81.33926418510605,1.0591456575445901,LOW,1048140,Monitor normally,Q2/2025
T10204,2024-08-01,31332,37222,338268,20.967990880571563,79.03200911942844,0.8977376875211036,LOW,1015223,Monitor normally,Q2/2025
T10204,2024-09-01,21994,26128,364396,22.587569633890155,77.41243036610985,0.6255207086425665,LOW,976180,Monitor normally,Q2/2025
T10204,2024-10-01,24532,29144,393540,24.39409914960958,75.60590085039041,0.7840802087723862,LOW,969722,Monitor normally,Q3/2025
T10204,2024-11-01,38147,45318,438858,27.20319551913239,72.7968044808676,1.4698683157826453,LOW,879746,Monitor normally,Q3/2025
T10204,2024-12-01,37393,44422,483280,29.956752139613048,70.04324786038696,1.3248434237995825,LOW,831131,Monitor normally,Q3/2025
T10204,2025-01-01,44670,53067,536347,33.24618055749263,66.75381944250736,1.3391288987584535,LOW,803293,Monitor normally,Q4/2025
T10204,2025-02-01,26844,31890,568237,35.22292452730776,64.77707547269225,0.6699251437254476,LOW,771814,Monitor normally,Q4/2025
T10204,2025-03-01,25877,30741,598978,37.128446207335585,62.871553792664415,0.7128127439538101,LOW,749447,Monitor normally,Q4/2025
T10204,2025-04-01,25695,30525,629503,39.02057884071932,60.97942115928068,0.791500285225328,LOW,718081,Monitor normally,Q1/2026
T10204,2025-05-01,29386,34910,664413,41.18452151824351,58.81547848175649,1.1242432049465412,LOW,689503,Monitor normally,Q1/2026
T10204,2025-06-01,33380,39655,704068,43.64258931764831,56.35741068235169,1.236951006488105,LOW,663679,Monitor normally,Q1/2026
T10205,2024-01-01,44737,202748,202748,13.326103316934343,86.67389668306566,5.787838995147017,LOW,1199351,Monitor normally,Q4/2024
T10205,2024-02-01,34624,156915,359663,23.639721710096058,76.36027828990395,0.773941049973366,LOW,1089921,Monitor normally,Q4/2024
T10205,2024-03-01,42106,190824,550487,36.1820912493797,63.8179087506203,1.0611266657954808,LOW,830274,Monitor normally,Q4/2024
T10205,2024-04-01,41908,189927,740414,48.66550329130065,51.33449670869935,1.0350489657339774,LOW,719230,Monitor normally,Q1/2025
T10205,2024-05-01,54089,245131,985545,64.77733192676651,35.22266807323349,1.3677506109740991,MED,425649,Plan replacement; increase monitoring; prepare PO,Q1/2025
T10205,2024-06-01,51973,235541,1221086,80.25883458708391,19.74116541291609,1.1290035501899718,MED,170992,Plan replacement; increase monitoring; prepare PO,Q4/2024
T10205,2024-07-01,44212,200368,1421454,93.42850664011279,6.571493359887214,0.8963687688171321,HIGH,2269,Start replacement sourcing + secure backup tool,Q4/2024
T10205,2024-08-01,46526,210855,1632309,107.28746216565281,0.0,0.9288220956184658,HIGH,0,Start replacement sourcing + secure backup tool,Q4/2024
T10205,2024-09-01,47012,213058,1845367,121.2912152014381,0.0,0.9882646529491438,HIGH,0,Start replacement sourcing + secure backup tool,Q4/2024
T10205,2024-10-01,45835,207724,2053091,134.9443781692941,0.0,0.9982235563792587,HIGH,0,Start replacement sourcing + secure backup tool,Q1/2025
T10205,2024-11-01,40732,184597,2237688,147.07746305297303,0.0,0.8767551615880641,HIGH,0,Start replacement sourcing + secure backup tool,Q1/2025
T10205,2024-12-01,49993,226568,2464256,161.9691935573981,0.0,1.122774328148152,HIGH,0,Start replacement sourcing + secure backup tool,Q1/2025
T10205,2025-01-01,54506,247021,2711277,178.20524702008302,0.0,1.1974085821528577,HIGH,0,Start replacement sourcing + secure backup tool,Q2/2025
T10205,2025-02-01,38823,175945,2887222,189.7696582502703,0.0,0.8019541588547918,HIGH,0,Start replacement sourcing + secure backup tool,Q2/2025
T10205,2025-03-01,47124,213565,3100787,203.80673508891277,0.0,0.9863917824163169,HIGH,0,Start replacement sourcing + secure backup tool,Q2/2025
T10205,2025-04-01,58550,265348,3366135,221.2473750110915,0.0,1.250597378603713,HIGH,0,Start replacement sourcing + secure backup tool,Q3/2025
T10205,2025-05-01,49604,224805,3590940,236.0232280708673,0.0,1.0298644897061653,HIGH,0,Start replacement sourcing + secure backup tool,Q3/2025
T10205,2025-06-01,39920,180917,3771857,247.91443604228905,0.0,0.7712620680443019,HIGH,0,Start replacement sourcing + secure backup tool,Q3/2025
T10206,2024-01-01,26152,28767,28767,4.594941682719492,95.4050583172805,0.12860208324019848,LOW,581032,Monitor normally,Q4/2024
T10206,2024-02-01,37682,41450,70217,11.21573400547553,88.78426599452447,1.4408871276114994,LOW,581976,Monitor normally,Q4/2024
T10206,2024-03-01,23977,26374,96591,15.428442732143028,84.57155726785697,0.7512140934531524,LOW,776257,Monitor normally,Q4/2024
T10206,2024-04-01,17397,19136,115727,18.485028543681256,81.51497145631875,0.5943410876789763,LOW,574728,Monitor normally,Q1/2025
T10206,2024-05-01,24625,27087,142814,22.811624482076738,77.18837551792326,0.9344641214351426,LOW,550285,Monitor normally,Q1/2025
T10206,2024-06-01,26731,29404,172218,27.50831392618575,72.49168607381425,1.2150915327079632,LOW,512172,Monitor normally,Q1/2025
T10206,2024-07-01,26130,28743,200961,32.09942209827204,67.90057790172796,1.1401880280852077,LOW,409952,Monitor normally,Q2/2025
T10206,2024-08-01,23719,26090,227051,36.26676761578001,63.73323238421999,0.9182955158739471,LOW,398291,Monitor normally,Q2/2025
T10206,2024-09-01,32812,57735,284786,45.488756632772045,54.511243367227955,2.056162968766694,LOW,409759,Monitor normally,Q2/2025
T10206,2024-10-01,31763,34939,319725,51.069549466662835,48.930450533337165,0.9311438419444248,LOW,313120,Monitor normally,Q3/2025
T10206,2024-11-01,34069,37475,357200,57.055416590795105,42.944583409204895,0.9466252399717086,LOW,285718,Monitor normally,Q3/2025
T10206,2024-12-01,34877,38364,395564,63.18328333796549,36.81671666203451,0.8843095221630592,LOW,231959,Monitor normally,Q3/2025
T10206,2025-01-01,19181,21099,416663,66.55341837337755,33.44658162662245,0.5713860152737908,MED,200593,Plan replacement; increase monitoring; prepare PO,Q4/2025
T10206,2025-02-01,21235,23358,440021,70.28438259713955,29.715617402860445,0.7228744145742639,MED,165386,Plan replacement; increase monitoring; prepare PO,Q4/2025
T10206,2025-03-01,27437,30180,470201,75.10502221838871,24.89497778161129,1.0932009997464411,MED,139387,Plan replacement; increase monitoring; prepare PO,Q4/2025
T10206,2025-04-01,26135,28748,498949,79.69692903852359,20.303070961476408,1.1555126813778689,MED,106119,Plan replacement; increase monitoring; prepare PO,Q1/2026
T10206,2025-05-01,25709,43306,542255,86.61417951691377,13.385820483086235,1.5788591011836763,HIGH,41403,Start replacement sourcing + secure backup tool,Q3/2025
T10206,2025-06-01,23953,26348,568603,90.82273527372863,9.177264726271375,0.7731674394037209,HIGH,10414,Start replacement sourcing + secure backup tool,Q3/2025
T10207,2024-01-01,27308,120155,120155,7.089857176153344,92.91014282384666,3.6631877400865838,LOW,1607624,Monitor normally,Q4/2024
T10207,2024-02-01,40659,178899,299054,17.645958536534994,82.35404146346501,1.4889018351296242,LOW,1354580,Monitor normally,Q4/2024
T10207,2024-03-01,35051,216468,515522,30.418853573841492,69.58114642615851,1.4476850334722158,LOW,1047169,Monitor normally,Q4/2024
T10207,2024-04-01,30941,136140,651662,38.451920495413766,61.548079504586234,0.7922455297737051,LOW,902495,Monitor normally,Q1/2025
T10207,2024-05-01,35612,156692,808354,47.69767723167792,52.30232276832208,0.8844210894682478,LOW,741053,Monitor normally,Q1/2025
T10207,2024-06-01,45251,199104,1007458,59.44599335003201,40.55400664996799,1.1728097388572551,LOW,588170,Monitor normally,Q1/2025
T10207,2024-07-01,37982,167120,1174578,69.30706389456822,30.692936105431784,1.0191569635074482,MED,370676,Plan replacement; increase monitoring; prepare PO,Q2/2025
T10207,2024-08-01,25157,163506,1338084,78.954887018401,21.045112981599004,0.9380435863503889,MED,202439,Plan replacement; increase monitoring; prepare PO,Q2/2025
T10207,2024-09-01,32653,143673,1481757,87.43244558915944,12.567554410840557,0.8136579011949484,HIGH,49509,Start replacement sourcing + secure backup tool,Q4/2024
T10207,2024-10-01,42453,186793,1668550,98.45433973842673,1.5456602615732749,1.1814888920280247,HIGH,1586,Start replacement sourcing + secure backup tool,Q1/2025
T10207,2024-11-01,44888,197507,1866057,110.10842339112963,0.0,1.1995032107082992,HIGH,0,Start replacement sourcing + secure backup tool,Q1/2025
T10207,2024-12-01,39357,173170,2039227,120.32647979489539,0.0,0.9839707712326199,HIGH,0,Start replacement sourcing + secure backup tool,Q1/2025
T10207,2025-01-01,32211,141728,2180955,128.68927183735605,0.0,0.7627029257179758,HIGH,0,Start replacement sourcing + secure backup tool,Q2/2025
T10207,2025-02-01,36561,160868,2341823,138.18143732537933,0.0,0.9418409266107864,HIGH,0,Start replacement sourcing + secure backup tool,Q2/2025
T10207,2025-03-01,49995,219978,2561801,151.1614431669661,0.0,1.3870978590315408,HIGH,0,Start replacement sourcing + secure backup tool,Q2/2025
T10207,2025-04-01,33953,149393,2711194,159.97651564099613,0.0,0.85763738724085,HIGH,0,Start replacement sourcing + secure backup tool,Q3/2025
T10207,2025-05-01,37775,166210,2877404,169.78389079183006,0.0,0.9403872593302265,HIGH,0,Start replacement sourcing + secure backup tool,Q3/2025
T10207,2025-06-01,46540,204776,3082180,181.86688852895273,0.0,1.1470309813081494,HIGH,0,Start replacement sourcing + secure backup tool,Q3/2025
T10208,2024-01-01,14112,29070,29070,1.3522534067994112,98.6477465932006,0.16758939157806138,LOW,1976782,Monitor normally,Q4/2024
T10208,2024-02-01,11473,23634,52704,2.4516396130703875,97.54836038692962,0.8130030959752322,LOW,1982119,Monitor normally,Q4/2024
T10208,2024-03-01,12053,24829,77533,3.606613807684167,96.39338619231583,0.9422055251973285,LOW,1959882,Monitor normally,Q4/2024
T10208,2024-04-01,16357,33695,111228,5.174009010370997,94.825990989629,1.3037674280628895,LOW,1911793,Monitor normally,Q1/2025
T10208,2024-05-01,9327,19213,130441,6.067742918346129,93.93225708165387,0.7015628423281969,LOW,1890321,Monitor normally,Q1/2025
T10208,2024-06-01,14514,29898,160339,7.458512521252521,92.54148747874748,1.1538134993632376,LOW,1873629,Monitor normally,Q1/2025
T10208,2024-07-01,15961,32879,193218,8.987949733573052,91.01205026642695,1.1911817984204043,LOW,1822715,Monitor normally,Q2/2025
T10208,2024-08-01,15861,32673,225891,10.507804414011893,89.4921955859881,1.1954994511525796,LOW,1777491,Monitor normally,Q2/2025
T10208,2024-09-01,19459,40085,265976,12.372444173611289,87.62755582638871,1.2598742797276061,LOW,1712367,Monitor normally,Q2/2025
T10208,2024-10-01,12348,25436,291412,13.55565427527451,86.4443457247255,0.7223605365544269,LOW,1703831,Monitor normally,Q3/2025
T10208,2024-11-01,13380,27562,318974,14.837759827328355,85.16224017267164,0.8420677434466465,LOW,1682767,Monitor normally,Q3/2025
T10208,2024-12-01,12926,26627,345601,16.076371848754153,83.92362815124585,0.8581695905804497,LOW,1662521,Monitor normally,Q3/2025
T10208,2025-01-01,15451,31829,377430,17.55696605876511,82.44303394123489,1.1992087912087912,LOW,1637911,Monitor normally,Q4/2025
T10208,2025-02-01,15763,32471,409901,19.067424275902493,80.9325757240975,1.1324722732451347,LOW,1581272,Monitor normally,Q4/2025
T10208,2025-03-01,16516,34022,443923,20.650030585022876,79.34996941497712,1.1225048665412913,LOW,1547884,Monitor normally,Q4/2025
T10208,2025-04-01,20967,43192,487115,22.65919911431356,77.34080088568643,1.3178739244523097,LOW,1489603,Monitor normally,Q1/2026
T10208,2025-05-01,14615,47091,534206,24.84973799218047,75.15026200781953,1.2879883302183526,LOW,1429751,Monitor normally,Q1/2026
T10208,2025-06-01,14382,29626,563832,26.227854931631427,73.77214506836857,0.7149993966453482,LOW,1425575,Monitor normally,Q1/2026
T10209,2024-01-01,55806,184159,184159,34.553092646170356,65.44690735382964,4.60746899732297,LOW,527135,Monitor normally,Q4/2024
T10209,2024-02-01,34860,115038,299197,56.13725997891079,43.86274002108921,0.6246667282076901,LOW,345625,Monitor normally,Q4/2024
T10209,2024-03-01,60634,200092,499289,93.67980426812565,6.32019573187435,1.3375267800145054,HIGH,3274,Start replacement sourcing + secure backup tool,Q2/2024
T10209,2024-04-01,58216,271493,770782,144.6190620930852,0.0,1.63127767685649,HIGH,0,Start replacement sourcing + secure backup tool,Q3/2024
T10209,2024-05-01,50183,165603,936385,175.69055901413577,0.0,0.8468965587779544,HIGH,0,Start replacement sourcing + secure backup tool,Q3/2024
T10209,2024-06-01,66497,219440,1155825,216.86329914780083,0.0,1.0331644663741313,HIGH,0,Start replacement sourcing + secure backup tool,Q3/2024
T10209,2024-07-01,57832,190845,1346670,252.67086199326795,0.0,0.8720542361728831,HIGH,0,Start replacement sourcing + secure backup tool,Q4/2024
T10209,2024-08-01,45951,151638,1498308,281.12215605264043,0.0,0.7899348484427527,HIGH,0,Start replacement sourcing + secure backup tool,Q4/2024
T10209,2024-09-01,57800,190740,1689048,316.91001812471154,0.0,1.0183245747193121,HIGH,0,Start replacement sourcing + secure backup tool,Q4/2024
T10209,2024-10-01,49103,162039,1851087,347.3128145087753,0.0,0.9116579742434217,HIGH,0,Start replacement sourcing + secure backup tool,Q1/2025
T10209,2024-11-01,47379,156350,2007437,376.64820422759834,0.0,0.9298853924431572,HIGH,0,Start replacement sourcing + secure backup tool,Q1/2025
T10209,2024-12-01,32638,107705,2115142,396.85650707163956,0.0,0.6346426936984537,HIGH,0,Start replacement sourcing + secure backup tool,Q1/2025
T10209,2025-01-01,34400,113520,2228662,418.1558575089967,0.0,0.7992602571263617,HIGH,0,Start replacement sourcing + secure backup tool,Q2/2025
T10209,2025-02-01,45203,149169,2377831,446.1439019539415,0.0,1.1852135337350196,HIGH,0,Start replacement sourcing + secure backup tool,Q2/2025
T10209,2025-03-01,44653,147354,2525185,473.7914044587541,0.0,1.1934912552579144,HIGH,0,Start replacement sourcing + secure backup tool,Q2/2025
T10209,2025-04-01,48314,159436,2684621,503.70580928900847,0.0,1.166482539636087,HIGH,0,Start replacement sourcing + secure backup tool,Q3/2025
T10209,2025-05-01,50544,166795,2851416,535.0009568947078,0.0,1.0974341991275531,HIGH,0,Start replacement sourcing + secure backup tool,Q3/2025
T10209,2025-06-01,69235,228475,3079891,577.8689016725019,0.0,1.4473114646789913,HIGH,0,Start replacement sourcing + secure backup tool,Q3/2025
T10210,2024-01-01,30197,195676,195676,10.346061907387952,89.65393809261205,1.058268704502926,LOW,1548240,Monitor normally,Q4/2024
T10210,2024-02-01,34188,221538,417214,22.059536543208964,77.94046345679104,1.1321674604959218,LOW,1290432,Monitor normally,Q4/2024
T10210,2024-03-01,28545,184971,602185,31.839588348598774,68.16041165140123,0.8866960360869961,LOW,1118377,Monitor normally,Q4/2024
T10210,2024-04-01,21774,141095,743280,39.29976540057706,60.70023459942294,0.7029152170844507,LOW,1010675,Monitor normally,Q1/2025
T10210,2024-05-01,32923,213341,956621,50.57983650476998,49.42016349523002,1.1687697679344928,LOW,796617,Monitor normally,Q1/2025
T10210,2024-06-01,34794,225465,1182086,62.50094511261777,37.49905488738223,1.2539603675888522,MED,522070,Plan replacement; increase monitoring; prepare PO,Q1/2025
T10210,2024-07-01,40105,259880,1441966,76.24169292273235,23.758307077267645,1.3444363779334747,MED,257267,Plan replacement; increase monitoring; prepare PO,Q2/2025
T10210,2024-08-01,31810,206128,1648094,87.14038795352849,12.859612046471511,0.88506711169252,HIGH,112704,Start replacement sourcing + secure backup tool,Q4/2024
T10210,2024-09-01,27124,175763,1823857,96.43358118636351,3.5664188136364885,0.7625590587051121,HIGH,4553,Start replacement sourcing + secure backup tool,Q4/2024
T10210,2024-10-01,30711,199007,2022864,106.95576449961376,0.0,0.9302710780013432,HIGH,0,Start replacement sourcing + secure backup tool,Q1/2025
T10210,2024-11-01,32728,212077,2234941,118.16900358429004,0.0,1.095254244290736,HIGH,0,Start replacement sourcing + secure backup tool,Q1/2025
T10210,2024-12-01,32687,211811,2446752,129.36817833574526,0.0,1.082791596446774,HIGH,0,Start replacement sourcing + secure backup tool,Q1/2025
T10210,2025-01-01,39267,254450,2701202,142.82182340379072,0.0,1.225487441703658,HIGH,0,Start replacement sourcing + secure backup tool,Q2/2025
T10210,2025-02-01,33720,218505,2919707,154.37493291683168,0.0,0.9663545312218983,HIGH,0,Start replacement sourcing + secure backup tool,Q2/2025
T10210,2025-03-01,31909,206770,3126477,165.30757269171775,0.0,0.9058714947880006,HIGH,0,Start replacement sourcing + secure backup tool,Q2/2025
T10210,2025-04-01,41670,270021,3396498,179.58450998752716,0.0,1.1917510758027143,HIGH,0,Start replacement sourcing + secure backup tool,Q3/2025
T10210,2025-05-01,32118,208124,3604622,190.58874039091444,0.0,0.8979945231958762,HIGH,0,Start replacement sourcing + secure backup tool,Q3/2025
T10210,2025-06-01,36110,233992,3838614,202.96070076333373,0.0,1.0249096603228138,HIGH,0,Start replacement sourcing + secure backup tool,Q3/2025
T10211,2024-01-01,45985,202334,202334,33.23778186997225,66.76221813002775,0.8523668900787349,LOW,713795,Monitor normally,Q4/2024
T10211,2024-02-01,30475,134090,336424,55.264995145766626,44.735004854233374,0.6627161030770904,LOW,416595,Monitor normally,Q4/2024
T10211,2024-03-01,37610,165484,501908,82.44935909335076,17.550640906649235,0.983782369866597,MED,115221,Plan replacement; increase monitoring; prepare PO,Q3/2024
T10211,2024-04-01,31598,139031,640939,105.28823961350118,0.0,0.8310148473425409,HIGH,0,Start replacement sourcing + secure backup tool,Q3/2024
T10211,2024-05-01,31464,138441,779380,128.03019973815066,0.0,0.9469180697894461,HIGH,0,Start replacement sourcing + secure backup tool,Q3/2024
T10211,2024-06-01,36466,160450,939830,154.38761915869813,0.0,1.0866767805380217,HIGH,0,Start replacement sourcing + secure backup tool,Q3/2024
T10211,2024-07-01,45411,199808,1139638,187.210450318441,0.0,1.3687917026319756,HIGH,0,Start replacement sourcing + secure backup tool,Q4/2024
T10211,2024-08-01,37262,163952,1303590,214.1431497814363,0.0,0.9862782961265212,HIGH,0,Start replacement sourcing + secure backup tool,Q4/2024
T10211,2024-09-01,29605,130262,1433852,235.54153038947217,0.0,0.7454760496747487,HIGH,0,Start replacement sourcing + secure backup tool,Q4/2024
T10211,2024-10-01,29145,128238,1562090,256.6074247593828,0.0,0.7787385986858885,HIGH,0,Start replacement sourcing + secure backup tool,Q1/2025
T10211,2024-11-01,47630,209572,1771662,291.0342063287375,0.0,1.4882542868775623,HIGH,0,Start replacement sourcing + secure backup tool,Q1/2025
T10211,2024-12-01,37960,167024,1938686,318.4715489357648,0.0,1.0705019740552735,HIGH,0,Start replacement sourcing + secure backup tool,Q1/2025
T10211,2025-01-01,41253,181513,2120199,348.28902647569515,0.0,1.0786496155171799,HIGH,0,Start replacement sourcing + secure backup tool,Q2/2025
T10211,2025-02-01,26750,117700,2237899,367.62382401884526,0.0,0.6326721124368179,HIGH,0,Start replacement sourcing + secure backup tool,Q2/2025
T10211,2025-03-01,41129,180967,2418866,397.3516091249731,0.0,1.164431394333783,HIGH,0,Start replacement sourcing + secure backup tool,Q2/2025
T10211,2025-04-01,47041,206980,2625846,431.3525980415509,0.0,1.2931400724728226,HIGH,0,Start replacement sourcing + secure backup tool,Q3/2025
T10211,2025-05-01,36974,162685,2788531,458.07716506200444,0.0,0.9652089303407317,HIGH,0,Start replacement sourcing + secure backup tool,Q3/2025
T10211,2025-06-01,30805,135542,2924073,480.34290107384516,0.0,0.7384714291940897,HIGH,0,Start replacement sourcing + secure backup tool,Q3/2025
T10212,2024-01-01,27177,141641,141641,7.273275318023824,92.72672468197618,0.8410869208067188,LOW,1435045,Monitor normally,Q4/2024
T10212,2024-02-01,26844,139905,281546,14.457406913876175,85.54259308612383,0.9877436617928425,LOW,1354919,Monitor normally,Q4/2024
T10212,2024-03-01,23056,120163,401709,20.62778542037992,79.37221457962008,0.8535940840928303,LOW,1199863,Monitor normally,Q4/2024
T10212,2024-04-01,25040,130503,532212,27.32912365456397,72.67087634543603,0.9746084852467831,LOW,1060829,Monitor normally,Q1/2025
T10212,2024-05-01,25301,131863,664075,34.100297984458386,65.8997020155416,1.0128478560876255,LOW,929233,Monitor normally,Q1/2025
T10212,2024-06-01,23689,123462,787537,40.44008037313015,59.55991962686985,0.9682560015057682,LOW,764180,Monitor normally,Q1/2025
T10212,2024-07-01,28197,208871,996408,51.16562092248348,48.83437907751652,1.624073421317271,LOW,652548,Monitor normally,Q2/2025
T10212,2024-08-01,24398,127157,1123565,57.69514182119187,42.30485817880813,0.8217886410050926,LOW,504078,Monitor normally,Q2/2025
T10212,2024-09-01,11120,57955,1181520,60.67113514979072,39.32886485020928,0.3783869072232257,LOW,459653,Monitor normally,Q2/2025
T10212,2024-10-01,23149,120647,1302167,66.86636709035609,33.13363290964391,0.9186716178109209,MED,356279,Plan replacement; increase monitoring; prepare PO,Q3/2025
T10212,2024-11-01,26313,137138,1439305,73.90841304148007,26.091586958519926,1.3455499265761597,MED,232287,Plan replacement; increase monitoring; prepare PO,Q3/2025
T10212,2024-12-01,23693,123483,1562788,80.24927378162971,19.75072621837029,1.173272312662317,MED,90268,Plan replacement; increase monitoring; prepare PO,Q2/2025
T10212,2025-01-01,17278,90049,1652837,84.87329626885254,15.126703731147458,0.7085488422841676,HIGH,48514,Start replacement sourcing + secure backup tool,Q2/2025
T10212,2025-02-01,33171,172880,1825717,93.75069643532946,6.249303564670541,1.478997347933955,HIGH,8598,Start replacement sourcing + secure backup tool,Q2/2025
T10212,2025-03-01,21428,111678,1937395,99.48536959469902,0.5146304053009771,0.8670382907363126,HIGH,853,Start replacement sourcing + secure backup tool,Q2/2025
T10212,2025-04-01,33743,175861,2113256,108.51584432096463,0.0,1.4083639654357767,HIGH,0,Start replacement sourcing + secure backup tool,Q3/2025
T10212,2025-05-01,20094,104725,2217981,113.89348044101494,0.0,0.6823675825715272,HIGH,0,Start replacement sourcing + secure backup tool,Q3/2025
T10212,2025-06-01,21099,109963,2327944,119.54008822969091,0.0,0.8409871922990638,HIGH,0,Start replacement sourcing + secure backup tool,Q3/2025
T10213,2024-01-01,39915,364050,364050,29.790082410635886,70.20991758936411,2.7964480769378492,LOW,731213,Monitor normally,Q4/2024
T10213,2024-02-01,60181,548889,912939,74.7054746487667,25.294525351233304,1.5077297074577667,MED,188782,Plan replacement; increase monitoring; prepare PO,Q4/2024
T10213,2024-03-01,41877,381945,1294884,105.95989856397155,0.0,0.8367371752110492,HIGH,0,Start replacement sourcing + secure backup tool,Q2/2024
T10213,2024-04-01,39215,357666,1652550,135.22758051832534,0.0,0.8286441102060107,HIGH,0,Start replacement sourcing + secure backup tool,Q3/2024
T10213,2024-05-01,54465,496756,2149306,175.87694785242186,0.0,1.156591385331781,HIGH,0,Start replacement sourcing + secure backup tool,Q3/2024
T10213,2024-06-01,51075,465837,2615143,213.99622438016087,0.0,1.1303367042310253,HIGH,0,Start replacement sourcing + secure backup tool,Q3/2024
T10213,2024-07-01,43264,394595,3009738,246.28579330977186,0.0,0.8966308883332741,HIGH,0,Start replacement sourcing + secure backup tool,Q4/2024
T10213,2024-08-01,43809,509510,3519248,287.9788159413969,0.0,1.1262478005994747,HIGH,0,Start replacement sourcing + secure backup tool,Q4/2024
T10213,2024-09-01,54396,496126,4015374,328.57663059888665,0.0,1.0864532951030044,HIGH,0,Start replacement sourcing + secure backup tool,Q4/2024
T10213,2024-10-01,53599,488857,4504231,368.5796255639085,0.0,1.0473778969327203,HIGH,0,Start replacement sourcing + secure backup tool,Q1/2025
T10213,2024-11-01,39773,362755,4866986,398.2637385837416,0.0,0.7281834040038997,HIGH,0,Start replacement sourcing + secure backup tool,Q1/2025
T10213,2024-12-01,30126,274768,5141754,420.7479065930964,0.0,0.6116203594467174,HIGH,0,Start replacement sourcing + secure backup tool,Q1/2025
T10213,2025-01-01,45820,417908,5559662,454.94517004609463,0.0,1.1130559846588186,HIGH,0,Start replacement sourcing + secure backup tool,Q2/2025
T10213,2025-02-01,46733,426235,5985897,489.823828956402,0.0,1.211547699470643,HIGH,0,Start replacement sourcing + secure backup tool,Q2/2025
T10213,2025-03-01,44211,403233,6389130,522.8202423630438,0.0,1.0811396080653422,HIGH,0,Start replacement sourcing + secure backup tool,Q2/2025
T10213,2025-04-01,43895,400350,6789480,555.5807409019754,0.0,0.9628612383114634,HIGH,0,Start replacement sourcing + secure backup tool,Q3/2025
T10213,2025-05-01,40148,366175,7155655,585.5447113091026,0.0,0.8932419268542175,HIGH,0,Start replacement sourcing + secure backup tool,Q3/2025
T10213,2025-06-01,42420,386897,7542552,617.2043556283658,0.0,0.9922488241157573,HIGH,0,Start replacement sourcing + secure backup tool,Q3/2025
T10214,2024-01-01,7115,42690,42690,13.581527341214796,86.4184726587852,0.1110348163985081,LOW,651279,Monitor normally,Q4/2024
T10214,2024-02-01,3352,20112,62802,19.980020615670455,80.01997938432955,0.47111735769501056,LOW,880030,Monitor normally,Q4/2024
T10214,2024-03-01,4312,25872,88674,28.211017930543008,71.78898206945699,0.82392280500621,LOW,587575,Monitor normally,Q4/2024
T10214,2024-04-01,6239,37434,126108,40.12038533487739,59.87961466512261,1.2664591650314636,LOW,643933,Monitor normally,Q1/2025
T10214,2024-05-01,5419,32514,158622,50.46448887135567,49.53551112864433,1.169315974969431,LOW,293099,Monitor normally,Q1/2025
T10214,2024-06-01,4553,27318,185940,59.15552105470788,40.84447894529212,0.8552911709455229,LOW,197069,Monitor normally,Q1/2025
T10214,2024-07-01,3496,20976,206916,65.82888993522607,34.17111006477393,0.646968108074764,MED,176836,Plan replacement; increase monitoring; prepare PO,Q2/2025
T10214,2024-08-01,4559,27354,234270,74.53137526883089,25.468624731169115,1.0155182655182655,MED,117905,Plan replacement; increase monitoring; prepare PO,Q2/2025
T10214,2024-09-01,4023,24138,258408,82.21071251320294,17.789287486797065,0.9572493654822335,MED,90333,Plan replacement; increase monitoring; prepare PO,Q1/2025
T10214,2024-10-01,4754,28524,286932,91.28542523001744,8.714574769982562,1.1808246398410334,HIGH,25438,Start replacement sourcing + secure backup tool,Q1/2025
T10214,2024-11-01,5259,31554,318486,101.32411142642623,0.0,1.1830383923215357,HIGH,0,Start replacement sourcing + secure backup tool,Q1/2025
T10214,2024-12-01,4508,27048,345534,109.9292449828839,0.0,0.963522371045882,HIGH,0,Start replacement sourcing + secure backup tool,Q1/2025
T10214,2025-01-01,3679,22074,367608,116.95193494610656,0.0,0.7600716204118174,HIGH,0,Start replacement sourcing + secure backup tool,Q2/2025
T10214,2025-02-01,5568,33408,401016,127.58045838052456,0.0,1.2423025435073627,HIGH,0,Start replacement sourcing + secure backup tool,Q2/2025
T10214,2025-03-01,4100,24600,425616,135.40677771980506,0.0,0.8942202835332607,HIGH,0,Start replacement sourcing + secure backup tool,Q2/2025
T10214,2025-04-01,3424,20544,446160,141.94270879729197,0.0,0.769611148572713,HIGH,0,Start replacement sourcing + secure backup tool,Q3/2025
T10214,2025-05-01,4981,29886,476046,151.45073236533005,0.0,1.1413840513290558,HIGH,0,Start replacement sourcing + secure backup tool,Q3/2025
T10214,2025-06-01,5534,33204,509250,162.01435461498326,0.0,1.3276289484206318,HIGH,0,Start replacement sourcing + secure backup tool,Q3/2025
T10215,2024-01-01,5531,35840,35840,1.4775055550745966,98.5224944449254,1.2856015496090107,LOW,1974298,Monitor normally,Q4/2024
T10215,2024-02-01,7726,76774,112614,4.642517036249181,95.35748296375081,2.1421316964285713,LOW,2018048,Monitor normally,Q4/2024
T10215,2024-03-01,6899,44705,157319,6.485482600970438,93.51451739902956,0.7939510185234518,LOW,2004206,Monitor normally,Q4/2024
T10215,2024-04-01,7291,47245,204564,8.433159775900664,91.56684022409934,0.9009401280201375,LOW,1951680,Monitor normally,Q1/2025
T10215,2024-05-01,9032,58527,263091,10.84593789034963,89.15406210965037,1.0406403356961664,LOW,1952653,Monitor normally,Q1/2025
T10215,2024-06-01,6817,44174,307265,12.667012957031137,87.33298704296887,0.8806794393827628,LOW,1922367,Monitor normally,Q1/2025
T10215,2024-07-01,6959,45094,352359,14.526015063630854,85.47398493636915,0.9022047937257412,LOW,1856262,Monitor normally,Q2/2025
T10215,2024-08-01,4820,41694,394053,16.244852022706755,83.75514797729325,0.8463209174870597,LOW,1722004,Monitor normally,Q2/2025
T10215,2024-09-01,6162,59753,453806,18.708172040351073,81.29182795964893,1.368786365510606,LOW,1713211,Monitor normally,Q2/2025
T10215,2024-10-01,6497,42100,495906,20.44374636704305,79.55625363295695,0.8618748336642987,LOW,1536892,Monitor normally,Q3/2025
T10215,2024-11-01,10356,67106,563012,23.21019412872932,76.78980587127069,1.4024535517983656,LOW,1606258,Monitor normally,Q3/2025
T10215,2024-12-01,7021,45496,608508,25.08576870277156,74.91423129722844,0.807817281115537,LOW,1452225,Monitor normally,Q3/2025
T10215,2025-01-01,6663,43176,651684,26.865701176150488,73.13429882384952,0.8372742433840544,LOW,1518133,Monitor normally,Q4/2025
T10215,2025-02-01,6650,43092,694776,28.64217074588471,71.35782925411529,0.8298732812078727,LOW,1497030,Monitor normally,Q4/2025
T10215,2025-03-01,5981,38756,733532,30.239888527482677,69.76011147251732,0.8823957985489207,LOW,1504827,Monitor normally,Q4/2025
T10215,2025-04-01,8227,78875,812407,33.491513824818306,66.5084861751817,1.8926366137701562,LOW,1331819,Monitor normally,Q1/2026
T10215,2025-05-01,6410,41536,853943,35.20383722703868,64.79616277296131,0.7752966283605955,LOW,1341420,Monitor normally,Q1/2026
T10215,2025-06-01,6074,39359,893302,36.826413709800434,63.173586290199566,0.7418434725791151,LOW,1205044,Monitor normally,Q1/2026
T10216,2024-01-01,24173,106361,106361,15.99091310923814,84.00908689076186,1.9971396382299555,LOW,767120,Monitor normally,Q4/2024
T10216,2024-02-01,23230,102212,208573,31.35804213887728,68.64195786112272,0.9609913408110116,LOW,666674,Monitor normally,Q4/2024
T10216,2024-03-01,22058,139855,348428,52.38463226958778,47.61536773041222,1.3410652385495725,LOW,443300,Monitor normally,Q4/2024
T10216,2024-04-01,25840,113696,462124,69.47833068223846,30.521669317761535,0.9789339547912337,MED,230308,Plan replacement; increase monitoring; prepare PO,Q1/2025
T10216,2024-05-01,35072,154316,616440,92.67906918004492,7.32093081995508,1.3012820332637176,HIGH,2425,Start replacement sourcing + secure backup tool,Q3/2024
T10216,2024-06-01,26292,115684,732124,110.07165473423402,0.0,0.850895022151829,HIGH,0,Start replacement sourcing + secure backup tool,Q3/2024
T10216,2024-07-01,22136,97398,829522,124.71501983059052,0.0,0.7615247487594345,HIGH,0,Start replacement sourcing + secure backup tool,Q4/2024
T10216,2024-08-01,21913,96417,925939,139.2108958495581,0.0,0.7872960658468473,HIGH,0,Start replacement sourcing + secure backup tool,Q4/2024
T10216,2024-09-01,25102,110448,1036387,155.81627160842777,0.0,1.070581811249794,HIGH,0,Start replacement sourcing + secure backup tool,Q4/2024
T10216,2024-10-01,32174,141565,1177952,177.0999527914676,0.0,1.395815462280987,HIGH,0,Start replacement sourcing + secure backup tool,Q1/2025
T10216,2024-11-01,23406,102986,1280938,192.5834493500558,0.0,0.8867146916166806,HIGH,0,Start replacement sourcing + secure backup tool,Q1/2025
T10216,2024-12-01,34923,153661,1434599,215.68571145062498,0.0,1.2985473198516053,HIGH,0,Start replacement sourcing + secure backup tool,Q1/2025
T10216,2025-01-01,26445,116358,1550957,233.1796299692994,0.0,0.8766034172752202,HIGH,0,Start replacement sourcing + secure backup tool,Q2/2025
T10216,2025-02-01,27953,122993,1673950,251.6710918401405,0.0,0.9892065790002815,HIGH,0,Start replacement sourcing + secure backup tool,Q2/2025
T10216,2025-03-01,24478,107703,1781653,267.8637688044815,0.0,0.8221352019785655,HIGH,0,Start replacement sourcing + secure backup tool,Q2/2025
T10216,2025-04-01,29902,131568,1913221,287.64444457808503,0.0,1.1372985183861877,HIGH,0,Start replacement sourcing + secure backup tool,Q3/2025
T10216,2025-05-01,26744,117673,2030894,305.33606761945714,0.0,0.9744799372833072,HIGH,0,Start replacement sourcing + secure backup tool,Q3/2025
T10216,2025-06-01,36994,162773,2193667,329.80827923395884,0.0,1.3680549329866871,HIGH,0,Start replacement sourcing + secure backup tool,Q3/2025
T10217,2024-01-01,37954,207411,207411,12.87233296489217,87.12766703510783,1.5102229535889558,LOW,1176015,Monitor normally,Q4/2024
T10217,2024-02-01,34193,186857,394268,24.469044425812065,75.53095557418794,0.9009020736605098,LOW,1001399,Monitor normally,Q4/2024
T10217,2024-03-01,48369,264326,658594,40.87363378355147,59.12636621644853,1.3408442988018303,LOW,690401,Monitor normally,Q4/2024
T10217,2024-04-01,34439,188202,846796,52.5538185792404,47.4461814207596,0.8572899236859127,LOW,561385,Monitor normally,Q1/2025
T10217,2024-05-01,39593,216367,1063163,65.98197844836415,34.018021551635854,1.0151958522642852,MED,227319,Plan replacement; increase monitoring; prepare PO,Q1/2025
T10217,2024-06-01,31576,172556,1235719,76.6911418345391,23.308858165460904,0.7739151884824973,HIGH,67681,Start replacement sourcing + secure backup tool,Q3/2024
T10217,2024-07-01,35825,195776,1431495,88.84138390720993,11.15861609279007,1.017679012345679,HIGH,4417,Start replacement sourcing + secure backup tool,Q4/2024
T10217,2024-08-01,34645,189327,1620822,100.59138840670194,0.0,0.9714075105310597,HIGH,0,Start replacement sourcing + secure backup tool,Q4/2024
T10217,2024-09-01,41392,226199,1847021,114.62974145608527,0.0,1.2168672970399472,HIGH,0,Start replacement sourcing + secure backup tool,Q4/2024
T10217,2024-10-01,39515,215941,2062962,128.03146293070225,0.0,1.059742974830771,HIGH,0,Start replacement sourcing + secure backup tool,Q1/2025
T10217,2024-11-01,43079,235418,2298380,142.6419651795173,0.0,1.118433742380837,HIGH,0,Start replacement sourcing + secure backup tool,Q1/2025
T10217,2024-12-01,38310,209356,2507736,155.63500865454017,0.0,0.9269582825381739,HIGH,0,Start replacement sourcing + secure backup tool,Q1/2025
T10217,2025-01-01,28044,153254,2660990,165.14625210933082,0.0,0.6958552477240565,HIGH,0,Start replacement sourcing + secure backup tool,Q2/2025
T10217,2025-02-01,34453,188278,2849268,176.8311536138989,0.0,0.9444942377279995,HIGH,0,Start replacement sourcing + secure backup tool,Q2/2025
T10217,2025-03-01,27760,151702,3000970,186.24607690842075,0.0,0.8261316274814481,HIGH,0,Start replacement sourcing + secure backup tool,Q2/2025
T10217,2025-04-01,24202,132259,3133229,194.4543295353483,0.0,0.804439677718892,HIGH,0,Start replacement sourcing + secure backup tool,Q3/2025
T10217,2025-05-01,49486,270431,3403660,211.23780715239252,0.0,1.717971196788067,HIGH,0,Start replacement sourcing + secure backup tool,Q3/2025
T10217,2025-06-01,29154,159320,3562980,221.12551845008946,0.0,0.8621336527222615,HIGH,0,Start replacement sourcing + secure backup tool,Q3/2025
T10218,2024-01-01,43031,46473,46473,6.646310942036241,93.35368905796376,0.24807209836123914,LOW,916896,Monitor normally,Q4/2024
T10218,2024-02-01,42136,45506,91979,13.154326902449837,86.84567309755016,0.9791922191379941,LOW,1079688,Monitor normally,Q4/2024
T10218,2024-03-01,44444,47999,139978,20.018877908556554,79.98112209144344,1.0436947564117895,LOW,758844,Monitor normally,Q4/2024
T10218,2024-04-01,42510,45910,185888,26.584671710309916,73.41532828969008,0.9839403334809755,LOW,761503,Monitor normally,Q1/2025
T10218,2024-05-01,41878,45228,231116,33.05292965118773,66.94707034881228,0.9732381737976545,LOW,576892,Monitor normally,Q1/2025
T10218,2024-06-01,38460,41536,272652,38.99317821031706,61.00682178968294,0.8955777399253972,LOW,480840,Monitor normally,Q1/2025
T10218,2024-07-01,30464,32901,305553,43.698496918038416,56.301503081961584,0.7439513393732006,LOW,441570,Monitor normally,Q2/2025
T10218,2024-08-01,36158,39050,344603,49.283211532685954,50.716788467314046,0.9789829941921196,LOW,456420,Monitor normally,Q2/2025
T10218,2024-09-01,47734,51552,396155,56.655892910773275,43.344107089226725,1.3627640170239763,MED,302106,Plan replacement; increase monitoring; prepare PO,Q2/2025
T10218,2024-10-01,39078,42204,438359,62.69167512835547,37.30832487164453,1.0251734775673467,LOW,239571,Monitor normally,Q3/2025
T10218,2024-11-01,42009,45369,483728,69.18009810791871,30.81990189208129,1.0248558047076186,MED,171003,Plan replacement; increase monitoring; prepare PO,Q3/2025
T10218,2024-12-01,45181,72190,555918,79.50431188593167,20.49568811406833,1.5566576819407008,MED,113516,Plan replacement; increase monitoring; prepare PO,Q3/2025
T10218,2025-01-01,35599,38446,594364,85.0026457674871,14.997354232512905,0.7219318615699505,HIGH,86037,Start replacement sourcing + secure backup tool,Q2/2025
T10218,2025-02-01,35112,37920,632284,90.42575404373382,9.574245956266182,0.7292073971988078,HIGH,24088,Start replacement sourcing + secure backup tool,Q2/2025
T10218,2025-03-01,34177,36911,669195,95.70456073108991,4.295439268910087,0.7453956757047847,HIGH,17409,Start replacement sourcing + secure backup tool,Q2/2025
T10218,2025-04-01,37881,40911,710106,101.55542525349313,0.0,1.083476786991181,HIGH,0,Start replacement sourcing + secure backup tool,Q3/2025
T10218,2025-05-01,45746,49405,759511,108.6210545886189,0.0,1.280563667467298,HIGH,0,Start replacement sourcing + secure backup tool,Q3/2025
T10218,2025-06-01,41598,44925,804436,115.04597914849191,0.0,1.0593270296399349,HIGH,0,Start replacement sourcing + secure backup tool,Q3/2025
T10219,2024-01-01,22843,148816,148816,6.325460087365274,93.67453991263473,3.3011290954666115,LOW,1692756,Monitor normally,Q4/2024
T10219,2024-02-01,20080,130816,279632,11.885825819469185,88.11417418053081,0.8790452639501128,LOW,1575733,Monitor normally,Q4/2024
T10219,2024-03-01,20030,130490,410122,17.432334842694473,82.56766515730553,0.9332980488642215,LOW,1315434,Monitor normally,Q4/2024
T10219,2024-04-01,18269,119017,529139,22.491181224924564,77.50881877507544,0.870597041855838,LOW,1375669,Monitor normally,Q1/2025
T10219,2024-05-01,28917,188387,717526,30.498616241848026,69.50138375815197,1.486002687189573,LOW,1176851,Monitor normally,Q1/2025
T10219,2024-06-01,14142,92131,809657,34.414666688769394,65.58533331123061,0.631186999593509,LOW,1116150,Monitor normally,Q1/2025
T10219,2024-07-01,20191,131539,941196,40.00576371080963,59.99423628919037,0.987690690427622,LOW,1031210,Monitor normally,Q2/2025
T10219,2024-08-01,18562,120926,1062122,45.145752599939385,54.854247400060615,0.8804073222879358,LOW,880811,Monitor normally,Q2/2025
T10219,2024-09-01,21995,180375,1242497,52.81263561828763,47.18736438171237,1.5703171249811374,LOW,707938,Monitor normally,Q2/2025
T10219,2024-10-01,17873,116438,1358935,57.76186098150554,42.23813901849446,0.8070280011089548,LOW,523745,Monitor normally,Q3/2025
T10219,2024-11-01,25325,164986,1523921,64.77463083134728,35.22536916865272,1.1848498703736063,LOW,489172,Monitor normally,Q3/2025
T10219,2024-12-01,20607,179262,1703183,72.39420551539519,27.605794484604814,1.1645456140008965,HIGH,277446,Start replacement sourcing + secure backup tool,Q1/2025
T10219,2025-01-01,24940,162477,1865660,79.30032971316187,20.699670286838128,1.0580547270809184,HIGH,114991,Start replacement sourcing + secure backup tool,Q2/2025
T10219,2025-02-01,17441,113623,1979283,84.12990282026531,15.870097179734685,0.6726903152597562,HIGH,42569,Start replacement sourcing + secure backup tool,Q2/2025
T10219,2025-03-01,23588,153669,2132952,90.66164084685744,9.338359153142562,1.012396730513306,HIGH,21236,Start replacement sourcing + secure backup tool,Q2/2025
T10219,2025-04-01,19333,125949,2258901,96.01513356634706,3.9848664336529396,0.8791862605260035,HIGH,2176,Start replacement sourcing + secure backup tool,Q3/2025
T10219,2025-05-01,36865,240166,2499067,106.22344750666375,0.0,1.832204678555898,HIGH,0,Start replacement sourcing + secure backup tool,Q3/2025
T10219,2025-06-01,18258,118946,2618013,111.27927601671476,0.0,0.6865120896372339,HIGH,0,Start replacement sourcing + secure backup tool,Q3/2025
T10220,2024-01-01,27732,55464,55464,2.882270895216794,97.11772910478321,0.3430331442849456,LOW,1828867,Monitor normally,Q4/2024
T10220,2024-02-01,28355,56710,112174,5.829292070533114,94.17070792946689,1.022465022356844,LOW,1793642,Monitor normally,Q4/2024
T10220,2024-03-01,36345,72690,184864,9.606738186451706,90.39326181354829,1.2960222511455417,LOW,1721461,Monitor normally,Q4/2024
T10220,2024-04-01,25071,50142,235006,12.212443278546766,87.78755672145323,0.813711701575212,LOW,1675923,Monitor normally,Q1/2025
T10220,2024-05-01,30292,60584,295590,15.360782740464666,84.63921725953533,1.0123090975927638,LOW,1623452,Monitor normally,Q1/2025
T10220,2024-06-01,37678,75356,370946,19.276771590528792,80.7232284094712,1.2325424172373185,LOW,1499686,Monitor normally,Q1/2025
T10220,2024-07-01,32130,64260,435206,22.61613996869537,77.38386003130464,1.0359948839758815,LOW,1386531,Monitor normally,Q2/2025
T10220,2024-08-01,38078,107696,542902,28.21272597639889,71.78727402360111,1.6138261738261739,LOW,1254440,Monitor normally,Q2/2025
T10220,2024-09-01,45976,130037,672939,34.970295938920636,65.02970406107937,1.577404250501391,LOW,1164269,Monitor normally,Q2/2025
T10220,2024-10-01,38610,77220,750159,38.98315037654938,61.01684962345062,0.7671038732685858,LOW,1115440,Monitor normally,Q3/2025
T10220,2024-11-01,32653,65306,815465,42.376875731428726,57.623124268571274,0.6220547192755744,LOW,1057632,Monitor normally,Q3/2025
T10220,2024-12-01,36014,72028,887493,46.11992001313713,53.88007998686287,0.7927855211455701,LOW,965282,Monitor normally,Q3/2025
T10220,2025-01-01,34026,68052,955545,49.65634542351672,50.34365457648328,0.9515366760815459,LOW,924558,Monitor normally,Q4/2025
T10220,2025-02-01,23179,61088,1016633,52.83087600996925,47.16912399003075,0.8922906137711432,LOW,842103,Monitor normally,Q4/2025
T10220,2025-03-01,39557,79114,1095747,56.94215503067064,43.05784496932936,1.1798198520639465,LOW,739796,Monitor normally,Q4/2025
T10220,2025-04-01,29329,58658,1154405,59.99040698097402,40.00959301902598,0.8449969748480222,LOW,643063,Monitor normally,Q1/2026
T10220,2025-05-01,31477,62954,1217359,63.26190708802505,36.73809291197495,0.9497234235140299,LOW,629875,Monitor normally,Q1/2026
T10220,2025-06-01,36211,72422,1289781,67.02542617740538,32.97457382259462,1.0824008847882187,LOW,442414,Monitor normally,Q1/2026
T10221,2024-01-01,27344,242131,242131,11.699444432096344,88.30055556790366,3.743637712978138,LOW,1359926,Monitor normally,Q4/2024
T10221,2024-02-01,27272,324312,566443,27.369764311261047,72.63023568873895,1.3394071804106042,LOW,1078638,Monitor normally,Q4/2024
T10221,2024-03-01,20234,179172,745615,36.02711449685301,63.97288550314699,0.6326214641190728,LOW,926674,Monitor normally,Q4/2024
T10221,2024-04-01,32457,287406,1033021,49.91418606741226,50.08581393258774,1.1563849976194147,LOW,712571,Monitor normally,Q1/2025
T10221,2024-05-01,25677,335349,1368370,66.11779894993897,33.88220105006103,1.272044152789895,MED,329381,Plan replacement; increase monitoring; prepare PO,Q1/2025
T10221,2024-06-01,33810,299387,1667757,80.58377633487535,19.416223665124647,1.1200034417097815,MED,47944,Start replacement sourcing + secure backup tool,Q4/2024
T10221,2024-07-01,37160,329051,1996808,96.48307832357457,3.516921676425426,1.0704999880712514,HIGH,2580,Start replacement sourcing + secure backup tool,Q4/2024
T10221,2024-08-01,30591,353466,2350274,113.56208029207662,0.0,1.1002410283600008,HIGH,0,Start replacement sourcing + secure backup tool,Q4/2024
T10221,2024-09-01,28235,250020,2600294,125.64271059927697,0.0,0.763883230947221,HIGH,0,Start replacement sourcing + secure backup tool,Q4/2024
T10221,2024-10-01,28280,250419,2850713,137.7426200501161,0.0,0.8056055684653799,HIGH,0,Start replacement sourcing + secure backup tool,Q1/2025
T10221,2024-11-01,26878,238004,3088717,149.24265338998856,0.0,0.8361726421557433,HIGH,0,Start replacement sourcing + secure backup tool,Q1/2025
T10221,2024-12-01,26680,236251,3324968,160.65798412635522,0.0,0.9597937823230771,HIGH,0,Start replacement sourcing + secure backup tool,Q1/2025
T10221,2025-01-01,24912,323437,3648405,176.28602518175063,0.0,1.3389620712209904,HIGH,0,Start replacement sourcing + secure backup tool,Q2/2025
T10221,2025-02-01,34138,302291,3950696,190.89231994294533,0.0,1.1368711231904045,HIGH,0,Start replacement sourcing + secure backup tool,Q2/2025
T10221,2025-03-01,27727,245522,4196218,202.7556129366436,0.0,0.8545057362186318,HIGH,0,Start replacement sourcing + secure backup tool,Q2/2025
T10221,2025-04-01,32128,284493,4480711,216.5019322630429,0.0,0.979602869440459,HIGH,0,Start replacement sourcing + secure backup tool,Q3/2025
T10221,2025-05-01,33973,300830,4781541,231.0376334682068,0.0,1.0843247555586528,HIGH,0,Start replacement sourcing + secure backup tool,Q3/2025
T10221,2025-06-01,26888,238093,5019634,242.5419671684398,0.0,0.8597018697831726,HIGH,0,Start replacement sourcing + secure backup tool,Q3/2025
T10222,2024-01-01,50353,412753,412753,33.005057673470205,66.9949423265298,1.5038073100352678,LOW,722668,Monitor normally,Q4/2024
T10222,2024-02-01,50234,411778,824531,65.9321512104432,34.067848789556805,0.9976378124447308,MED,216499,Plan replacement; increase monitoring; prepare PO,Q4/2024
T10222,2024-03-01,37728,470459,1294990,103.55156627951143,0.0,1.141155396219184,HIGH,0,Start replacement sourcing + secure backup tool,Q2/2024
T10222,2024-04-01,45783,375292,1670282,133.5611218839334,0.0,0.8694090301855614,HIGH,0,Start replacement sourcing + secure backup tool,Q3/2024
T10222,2024-05-01,46436,380645,2050927,163.99872058852927,0.0,0.9080784618088331,HIGH,0,Start replacement sourcing + secure backup tool,Q3/2024
T10222,2024-06-01,60101,492659,2543586,203.3933190732263,0.0,1.205138470771268,HIGH,0,Start replacement sourcing + secure backup tool,Q3/2024
T10222,2024-07-01,42808,350905,2894491,231.45281170661494,0.0,0.843118991250973,HIGH,0,Start replacement sourcing + secure backup tool,Q4/2024
T10222,2024-08-01,59754,489815,3384306,270.6199948023909,0.0,1.2003220038408473,HIGH,0,Start replacement sourcing + secure backup tool,Q4/2024
T10222,2024-09-01,60505,495971,3880277,310.2794314615277,0.0,1.1158965305438289,HIGH,0,Start replacement sourcing + secure backup tool,Q4/2024
T10222,2024-10-01,29585,242514,4122791,329.6716310497172,0.0,0.5442858521528161,HIGH,0,Start replacement sourcing + secure backup tool,Q1/2025
T10222,2024-11-01,46594,381940,4504731,360.2127821202247,0.0,0.9328502808760075,HIGH,0,Start replacement sourcing + secure backup tool,Q1/2025
T10222,2024-12-01,73473,602272,5107003,408.3723887011974,0.0,1.6126166410067608,HIGH,0,Start replacement sourcing + secure backup tool,Q1/2025
T10222,2025-01-01,52955,434082,5541085,443.0829818283589,0.0,1.0615622396525386,HIGH,0,Start replacement sourcing + secure backup tool,Q2/2025
T10222,2025-02-01,49685,407277,5948362,475.65016092597403,0.0,0.8614793547741159,HIGH,0,Start replacement sourcing + secure backup tool,Q2/2025
T10222,2025-03-01,39203,458778,6407140,512.3355256581973,0.0,0.9533835169790619,HIGH,0,Start replacement sourcing + secure backup tool,Q2/2025
T10222,2025-04-01,41256,338183,6745323,539.3777262459269,0.0,0.7803400718539661,HIGH,0,Start replacement sourcing + secure backup tool,Q3/2025
T10222,2025-05-01,55818,457551,7202874,575.9649761109889,0.0,1.1398519229587507,HIGH,0,Start replacement sourcing + secure backup tool,Q3/2025
T10222,2025-06-01,42110,345184,7548058,603.566999180377,0.0,0.8254620123203285,HIGH,0,Start replacement sourcing + secure backup tool,Q3/2025
T10223,2024-01-01,36803,43721,43721,3.291651577765749,96.70834842223425,0.11496268794076349,LOW,1089182,Monitor normally,Q4/2024
T10223,2024-02-01,44827,53254,96975,7.301020373592403,92.69897962640759,1.2180416733377553,LOW,1088532,Monitor normally,Q4/2024
T10223,2024-03-01,33820,51305,148280,11.163653529221774,88.83634647077822,1.0581077597318898,LOW,1039626,Monitor normally,Q4/2024
T10223,2024-04-01,28907,34341,182621,13.749106900188895,86.25089309981111,0.6947868896681954,LOW,1088815,Monitor normally,Q1/2025
T10223,2024-05-01,27965,33222,215843,16.250313384865223,83.74968661513478,0.7175377969762419,LOW,969049,Monitor normally,Q1/2025
T10223,2024-06-01,30685,36453,252296,18.994774283845,81.005225716155,0.9200037015849515,LOW,935616,Monitor normally,Q1/2025
T10223,2024-07-01,21567,25621,277917,20.92371930051745,79.07628069948255,0.7389536225196124,LOW,901942,Monitor normally,Q2/2025
T10223,2024-08-01,26844,31890,309807,23.324642628322163,76.67535737167783,1.0039246138347886,LOW,865457,Monitor normally,Q2/2025
T10223,2024-09-01,29472,35012,344819,25.96061401600164,74.03938598399836,1.117832361329871,LOW,820009,Monitor normally,Q2/2025
T10223,2024-10-01,33719,40058,384877,28.97648691237044,71.02351308762957,1.2988554197334716,LOW,780524,Monitor normally,Q3/2025
T10223,2024-11-01,32977,39176,424053,31.925956096756686,68.07404390324331,1.0988032909498877,LOW,777886,Monitor normally,Q3/2025
T10223,2024-12-01,36751,43660,467713,35.21301512754858,64.78698487245143,1.1464733995063285,LOW,708649,Monitor normally,Q3/2025
T10223,2025-01-01,37335,44353,512066,38.552248503469634,61.447751496530366,1.0827135580256155,LOW,662167,Monitor normally,Q4/2025
T10223,2025-02-01,31775,37748,549814,41.394206916074594,58.605793083925406,0.8903600154101377,LOW,625580,Monitor normally,Q4/2025
T10223,2025-03-01,31631,37577,587391,44.223291139621715,55.776708860378285,0.8963907729741334,LOW,598498,Monitor normally,Q4/2025
T10223,2025-04-01,41358,49133,636524,47.922399507919884,52.077600492080116,1.2316298734938753,LOW,564444,Monitor normally,Q1/2026
T10223,2025-05-01,35540,58613,695137,52.335234848547586,47.664765151452414,1.4128380658535409,LOW,437266,Monitor normally,Q1/2026
T10223,2025-06-01,48868,73981,769118,57.90509087596434,42.09490912403566,1.5272393220618896,MED,353952,Plan replacement; increase monitoring; prepare PO,Q1/2026
T10224,2024-01-01,19545,162536,162536,9.586531576644006,90.413468423356,2.6831896195942266,LOW,1253229,Monitor normally,Q4/2024
T10224,2024-02-01,15233,126677,289213,17.05806440958276,82.94193559041724,0.7793781070039868,LOW,1234016,Monitor normally,Q4/2024
T10224,2024-03-01,20842,173322,462535,27.280764770900202,72.7192352290998,1.1985768274593465,LOW,1042536,Monitor normally,Q4/2024
T10224,2024-04-01,23448,194993,657528,38.781641817982354,61.218358182017646,1.264723750635087,LOW,771688,Monitor normally,Q1/2025
T10224,2024-05-01,15591,129654,787182,46.428761010273305,53.571238989726695,0.7857945178911981,LOW,685369,Monitor normally,Q1/2025
T10224,2024-06-01,25445,211600,998782,58.90913509120228,41.09086490879772,1.2747781488405905,MED,489791,Plan replacement; increase monitoring; prepare PO,Q1/2025
T10224,2024-07-01,21411,178053,1176835,69.41087444012311,30.58912555987689,0.9961062719231996,MED,295447,Plan replacement; increase monitoring; prepare PO,Q2/2025
T10224,2024-08-01,19535,162453,1339288,78.99251059593196,21.00748940406804,0.9384795506318998,MED,150780,Plan replacement; increase monitoring; prepare PO,Q2/2025
T10224,2024-09-01,20517,170619,1509907,89.05578538475058,10.944214615249422,0.9270991440049555,HIGH,9020,Start replacement sourcing + secure backup tool,Q4/2024
T10224,2024-10-01,25833,214827,1724734,101.72649106851112,0.0,1.2609068231841527,HIGH,0,Start replacement sourcing + secure backup tool,Q1/2025
T10224,2024-11-01,22041,183292,1908026,112.53723173978538,0.0,1.0036083292723659,HIGH,0,Start replacement sourcing + secure backup tool,Q1/2025
T10224,2024-12-01,28192,234444,2142470,126.36496718888421,0.0,1.2366537843435816,HIGH,0,Start replacement sourcing + secure backup tool,Q1/2025
T10224,2025-01-01,31986,265995,2408465,142.05361134605198,0.0,1.2615107111860795,HIGH,0,Start replacement sourcing + secure backup tool,Q2/2025
T10224,2025-02-01,19027,158228,2566693,151.3860528870597,0.0,0.6942554893664321,HIGH,0,Start replacement sourcing + secure backup tool,Q2/2025
T10224,2025-03-01,20710,172224,2738917,161.5439921390158,0.0,0.7844206556575629,HIGH,0,Start replacement sourcing + secure backup tool,Q2/2025
T10224,2025-04-01,26290,218627,2957544,174.43882552366256,0.0,1.0996467414539768,HIGH,0,Start replacement sourcing + secure backup tool,Q3/2025
T10224,2025-05-01,19902,165505,3123049,184.20047161186744,0.0,0.9042687846375476,HIGH,0,Start replacement sourcing + secure backup tool,Q3/2025
T10224,2025-06-01,24518,279918,3402967,200.71030786888767,0.0,1.5093824817203374,HIGH,0,Start replacement sourcing + secure backup tool,Q3/2025
T10225,2024-01-01,48226,53048,53048,2.617742399501796,97.3822576004982,0.23965665236051503,LOW,1696096,Monitor normally,Q4/2024
T10225,2024-02-01,55590,61149,114197,5.635242210750765,94.36475778924924,1.152710752526014,LOW,1687997,Monitor normally,Q4/2024
T10225,2024-03-01,35518,39069,153266,7.563167444616993,92.436832555383,0.6842386402444898,LOW,1663047,Monitor normally,Q4/2024
T10225,2024-04-01,34898,38387,191653,9.457438246337613,90.54256175366238,0.7513799538058017,LOW,1618082,Monitor normally,Q1/2025
T10225,2024-05-01,63720,70092,261745,12.916245369431412,87.08375463056859,1.5170881281339057,LOW,1530187,Monitor normally,Q1/2025
T10225,2024-06-01,59757,65732,327477,16.159900990831883,83.84009900916811,1.3364871092796922,LOW,1440781,Monitor normally,Q1/2025
T10225,2024-07-01,57778,63555,391032,19.296128901409784,80.70387109859021,1.0944486857890718,LOW,1345059,Monitor normally,Q2/2025
T10225,2024-08-01,49483,54431,445463,21.982117752022106,78.0178822479779,0.8190080199017951,LOW,1386576,Monitor normally,Q2/2025
T10225,2024-09-01,43465,47811,493274,24.3414316161184,75.6585683838816,0.7807237178719559,LOW,1348751,Monitor normally,Q2/2025
T10225,2024-10-01,45680,50248,543522,26.82100332645934,73.17899667354067,0.9092082486414109,LOW,1270688,Monitor normally,Q3/2025
T10225,2024-11-01,60851,66936,610458,30.124072344198975,69.87592765580102,1.3168601219752114,LOW,1205510,Monitor normally,Q3/2025
T10225,2024-12-01,48952,53847,664305,32.78124273678632,67.21875726321369,0.9790660323040091,LOW,1156911,Monitor normally,Q3/2025
T10225,2025-01-01,45467,50013,714318,35.24921797857269,64.75078202142731,0.8772620168273587,LOW,1096391,Monitor normally,Q4/2025
T10225,2025-02-01,51436,56579,770897,38.04120348644126,61.95879651355874,0.993799620600014,LOW,1046405,Monitor normally,Q4/2025
T10225,2025-03-01,50971,56068,826965,40.807972843537975,59.192027156462025,1.0483984567343352,LOW,973583,Monitor normally,Q4/2025
T10225,2025-04-01,46759,51434,878399,43.34606971007348,56.65393028992652,0.9486167465879749,LOW,925809,Monitor normally,Q1/2026
T10225,2025-05-01,44126,48538,926937,45.7412586066769,54.2587413933231,0.8874519292300754,LOW,922149,Monitor normally,Q1/2026
T10225,2025-06-01,48564,53420,980357,48.377357969167214,51.622642030832786,1.0270443476031785,LOW,838400,Monitor normally,Q1/2026
T10226,2024-01-01,7953,52489,52489,2.4262777029197706,97.57372229708022,1.0265659226035257,LOW,1771626,Monitor normally,Q4/2024
T10226,2024-02-01,9912,65419,117908,5.450238171728635,94.54976182827137,1.2463373278210672,LOW,1788185,Monitor normally,Q4/2024
T10226,2024-03-01,5105,33693,151601,7.007680200429426,92.99231979957058,0.5715133833158056,LOW,1746406,Monitor normally,Q4/2024
T10226,2024-04-01,7046,46503,198104,9.157258055196674,90.84274194480332,0.9202379931530795,LOW,1755217,Monitor normally,Q1/2025
T10226,2024-05-01,7592,50107,248211,11.473429002637108,88.5265709973629,1.0323180990969336,LOW,1673450,Monitor normally,Q1/2025
T10226,2024-06-01,7386,48747,296958,13.726734632087659,86.27326536791234,1.1223149121662586,LOW,1658306,Monitor normally,Q1/2025
T10226,2024-07-01,5051,33336,330294,15.267674514816107,84.73232548518389,0.6880164009989199,LOW,1652533,Monitor normally,Q2/2025
T10226,2024-08-01,8672,57235,387529,17.913333687721156,82.08666631227885,1.2989257886375671,LOW,1542756,Monitor normally,Q2/2025
T10226,2024-09-01,6861,45282,432811,20.006471429793077,79.99352857020692,0.9750785971661953,LOW,1521994,Monitor normally,Q2/2025
T10226,2024-10-01,6124,52004,484815,22.410330250929693,77.58966974907031,1.1483883315053771,LOW,1478615,Monitor normally,Q3/2025
T10226,2024-11-01,6461,42642,527457,24.381435316903605,75.6185646830964,0.8278874716058011,LOW,1448647,Monitor normally,Q3/2025
T10226,2024-12-01,6948,45856,573313,26.501105921127138,73.49889407887287,0.9831341832942657,LOW,1391823,Monitor normally,Q3/2025
T10226,2025-01-01,7163,47275,620588,28.68636908875335,71.31363091124665,1.009416236067814,LOW,1241790,Monitor normally,Q4/2025
T10226,2025-02-01,5452,35983,656571,30.349665219069454,69.65033478093055,0.7950697119456741,LOW,1297290,Monitor normally,Q4/2025
T10226,2025-03-01,7856,51849,708420,32.74635924293516,67.25364075706483,1.2047260560434965,LOW,1229541,Monitor normally,Q4/2025
T10226,2025-04-01,7817,51592,760012,35.13117357068072,64.86882642931928,1.1455809099454508,LOW,1177515,Monitor normally,Q1/2026
T10226,2025-05-01,8879,58601,818613,37.83997540856679,62.16002459143321,1.2609235138857013,LOW,1078182,Monitor normally,Q1/2026
T10226,2025-06-01,7661,50562,869175,40.177178502834714,59.822821497165286,0.9360906431665864,LOW,1048494,Monitor normally,Q1/2026
T10227,2024-01-01,43135,44429,44429,13.096627756160832,86.90337224383917,0.8291312867406924,LOW,639960,Monitor normally,Q4/2024
T10227,2024-02-01,56801,58505,102934,30.342530361985613,69.65746963801439,1.3168200949830067,LOW,728551,Monitor normally,Q4/2024
T10227,2024-03-01,47272,48690,151624,44.695201037613494,55.304798962386506,0.9460430955758059,LOW,388884,Monitor normally,Q4/2024
T10227,2024-04-01,50808,52332,203956,60.12144794245962,39.87855205754038,1.0354297472695615,LOW,441586,Monitor normally,Q1/2025
T10227,2024-05-01,47691,49121,253077,74.6011673151751,25.398832684824896,0.9237495847097984,MED,118922,Plan replacement; increase monitoring; prepare PO,Q1/2025
T10227,2024-06-01,52164,53728,306805,90.43892229689895,9.561077703101049,1.0735365618110735,HIGH,17673,Start replacement sourcing + secure backup tool,Q3/2024
T10227,2024-07-01,58424,60176,366981,108.17739653342767,0.0,1.1633382952809945,HIGH,0,Start replacement sourcing + secure backup tool,Q4/2024
T10227,2024-08-01,65145,67099,434080,127.95660889046103,0.0,1.2347615396411593,HIGH,0,Start replacement sourcing + secure backup tool,Q4/2024
T10227,2024-09-01,45326,46685,480765,141.71825256455605,0.0,0.7737717054413462,HIGH,0,Start replacement sourcing + secure backup tool,Q4/2024
T10227,2024-10-01,42515,43790,524555,154.62651809928073,0.0,0.7551736031271556,HIGH,0,Start replacement sourcing + secure backup tool,Q1/2025
T10227,2024-11-01,35518,36583,561138,165.41032897064025,0.0,0.6964918070240015,HIGH,0,Start replacement sourcing + secure backup tool,Q1/2025
T10227,2024-12-01,66129,68112,629250,185.4881499823134,0.0,1.6082104235860788,HIGH,0,Start replacement sourcing + secure backup tool,Q1/2025
T10227,2025-01-01,35950,37028,666278,196.40313642259167,0.0,0.7481159713102333,HIGH,0,Start replacement sourcing + secure backup tool,Q2/2025
T10227,2025-02-01,63063,64954,731232,215.5500530597807,0.0,1.3749497258737113,HIGH,0,Start replacement sourcing + secure backup tool,Q2/2025
T10227,2025-03-01,40768,41991,773223,227.92801556420233,0.0,0.7406081343257258,HIGH,0,Start replacement sourcing + secure backup tool,Q2/2025
T10227,2025-04-01,63720,65631,838854,247.27449593208348,0.0,1.3675689191723448,HIGH,0,Start replacement sourcing + secure backup tool,Q3/2025
T10227,2025-05-01,62984,98192,937046,276.21919584954605,0.0,1.706934915631374,HIGH,0,Start replacement sourcing + secure backup tool,Q3/2025
T10227,2025-06-01,41604,42852,979898,288.85096097158356,0.0,0.6246222317237894,HIGH,0,Start replacement sourcing + secure backup tool,Q3/2025
T10228,2024-01-01,11,36,36,0.0020456463247974952,99.9979543536752,0.0005225595742107173,LOW,1612572,Monitor normally,Q4/2024
T10228,2024-02-01,433,1428,1464,0.08318961720843147,99.91681038279157,39.666666666666664,LOW,1605685,Monitor normally,Q4/2024
T10228,2024-03-01,753,2484,3948,0.22433921361945863,99.77566078638054,3.3934426229508197,LOW,1613902,Monitor normally,Q4/2024
T10228,2024-04-01,511,1686,5634,0.320143649830808,99.67985635016919,1.2811550151975684,LOW,1614021,Monitor normally,Q1/2025
T10228,2024-05-01,10298,33983,39617,2.2511769569306215,97.74882304306938,18.211682743837084,LOW,1599149,Monitor normally,Q1/2025
T10228,2024-06-01,581,1917,41534,2.360107623726088,97.6398923762739,0.15073519775640187,LOW,1593989,Monitor normally,Q1/2025
T10228,2024-07-01,540,1782,43316,2.4613671168035642,97.53863288319644,0.142233810461342,LOW,1594856,Monitor normally,Q2/2025
T10228,2024-08-01,228,752,44068,2.5040983955882226,97.49590160441178,0.05986943368186402,LOW,1590770,Monitor normally,Q2/2025
T10228,2024-09-01,58,191,44259,2.514951685811454,97.48504831418855,0.1287351157043361,LOW,1592496,Monitor normally,Q2/2025
T10228,2024-10-01,252,831,45090,2.5621720218088626,97.43782797819114,0.9148623853211009,LOW,1598407,Monitor normally,Q3/2025
T10228,2024-11-01,10048,33158,78248,4.446325933965401,95.5536740660346,56.07328072153325,LOW,1546563,Monitor normally,Q3/2025
T10228,2024-12-01,700,3216,81464,4.629070338980643,95.37092966101936,0.28227033352837916,LOW,1547042,Monitor normally,Q3/2025
T10228,2025-01-01,512,1689,83153,4.725045245719059,95.27495475428094,0.13619137212740223,LOW,1546363,Monitor normally,Q4/2025
T10228,2025-02-01,176,580,83733,4.758002880951907,95.2419971190481,0.04571368520610567,LOW,1543979,Monitor normally,Q4/2025
T10228,2025-03-01,694,2290,86023,4.888128716612637,95.11187128338736,1.252506836827712,LOW,1544632,Monitor normally,Q4/2025
T10228,2025-04-01,519,1712,87735,4.985410564058562,95.01458943594143,1.1265628427286685,LOW,1538548,Monitor normally,Q1/2026
T10228,2025-05-01,10512,34689,122424,6.956561268528015,93.04343873147198,22.712134439109562,LOW,1486125,Monitor normally,Q1/2026
T10228,2025-06-01,3,9,122433,6.957072680109215,93.04292731989078,0.0006978367062107466,LOW,1499957,Monitor normally,Q1/2026
T10229,2024-01-01,18935,119763,119763,22.1735701219738,77.8264298780262,9.86786597088712,LOW,695105,Monitor normally,Q4/2024
T10229,2024-02-01,14603,92363,212126,39.27415592206119,60.72584407793881,0.7712148159281247,LOW,864321,Monitor normally,Q4/2024
T10229,2024-03-01,16158,102199,314325,58.19583200645787,41.80416799354213,0.9635688223037251,LOW,285507,Monitor normally,Q4/2024
T10229,2024-04-01,15078,95368,409693,75.8527797732339,24.147220226766095,0.9102171319494154,HIGH,93872,Start replacement sourcing + secure backup tool,Q3/2024
T10229,2024-05-01,14584,92243,501936,92.93114812373638,7.068851876263622,0.9544683199392957,HIGH,11207,Start replacement sourcing + secure backup tool,Q3/2024
T10229,2024-06-01,14233,90023,591959,109.59849365691814,0.0,0.9318829577999379,HIGH,0,Start replacement sourcing + secure backup tool,Q3/2024
T10229,2024-07-01,16003,101218,693177,128.33854209095824,0.0,1.0937205097358391,HIGH,0,Start replacement sourcing + secure backup tool,Q4/2024
T10229,2024-08-01,18641,117904,811081,150.1679268897792,0.0,1.2477317943869848,HIGH,0,Start replacement sourcing + secure backup tool,Q4/2024
T10229,2024-09-01,15027,95045,906126,167.76507268808922,0.0,0.9223341797538372,HIGH,0,Start replacement sourcing + secure backup tool,Q4/2024
T10229,2024-10-01,15948,100871,1006997,186.44087566374628,0.0,0.9632233811953516,HIGH,0,Start replacement sourcing + secure backup tool,Q1/2025
T10229,2024-11-01,18082,114368,1121365,207.61558628146548,0.0,1.0933146389650117,HIGH,0,Start replacement sourcing + secure backup tool,Q1/2025
T10229,2024-12-01,15973,133235,1254600,232.28343541017114,0.0,1.2881908187338051,HIGH,0,Start replacement sourcing + secure backup tool,Q1/2025
T10229,2025-01-01,20339,128644,1383244,256.101281946841,0.0,1.1074915201708018,HIGH,0,Start replacement sourcing + secure backup tool,Q2/2025
T10229,2025-02-01,12090,76469,1459713,270.2591665494079,0.0,0.6097244629193056,HIGH,0,Start replacement sourcing + secure backup tool,Q2/2025
T10229,2025-03-01,13545,85672,1545385,286.12094438972366,0.0,0.7596202726187239,HIGH,0,Start replacement sourcing + secure backup tool,Q2/2025
T10229,2025-04-01,13294,84084,1629469,301.6887113138659,0.0,0.8674862871193494,HIGH,0,Start replacement sourcing + secure backup tool,Q3/2025
T10229,2025-05-01,22020,139276,1768745,327.4750238837583,0.0,1.6969357295156868,HIGH,0,Start replacement sourcing + secure backup tool,Q3/2025
T10229,2025-06-01,21690,137189,1905934,352.8749379762866,0.0,1.3317941184084496,HIGH,0,Start replacement sourcing + secure backup tool,Q3/2025
T10230,2024-01-01,60259,341367,341367,36.57050358402012,63.42949641597988,2.840393400064901,LOW,580217,Monitor normally,Q4/2024
T10230,2024-02-01,31215,230763,572130,61.292047021315575,38.707952978684425,0.6759968010967669,LOW,472816,Monitor normally,Q4/2024
T10230,2024-03-01,48337,273829,845959,90.62723298219828,9.37276701780172,0.9572265044657683,HIGH,5987,Start replacement sourcing + secure backup tool,Q2/2024
T10230,2024-04-01,28527,161605,1007564,107.93990887557862,0.0,0.5730951500013595,HIGH,0,Start replacement sourcing + secure backup tool,Q3/2024
T10230,2024-05-01,58209,329753,1337317,143.26620950903583,0.0,1.48493463645138,HIGH,0,Start replacement sourcing + secure backup tool,Q3/2024
T10230,2024-06-01,35457,200863,1538180,164.7845784825952,0.0,0.7875055378619866,HIGH,0,Start replacement sourcing + secure backup tool,Q3/2024
T10230,2024-07-01,35536,263567,1801747,193.02040068605783,0.0,1.142266703841692,HIGH,0,Start replacement sourcing + secure backup tool,Q4/2024
T10230,2024-08-01,57480,325624,2127371,227.90436328069342,0.0,1.2300338838781488,HIGH,0,Start replacement sourcing + secure backup tool,Q4/2024
T10230,2024-09-01,33202,188089,2315460,248.0542589900466,0.0,0.7142132056796118,HIGH,0,Start replacement sourcing + secure backup tool,Q4/2024
T10230,2024-10-01,36620,207452,2522912,270.2785047710159,0.0,0.8006844380403458,HIGH,0,Start replacement sourcing + secure backup tool,Q1/2025
T10230,2024-11-01,50076,421854,2944766,315.4715469190068,0.0,1.7548854977709678,HIGH,0,Start replacement sourcing + secure backup tool,Q1/2025
T10230,2024-12-01,39835,225665,3170431,339.64694375375626,0.0,0.8282348191510837,HIGH,0,Start replacement sourcing + secure backup tool,Q1/2025
T10230,2025-01-01,39573,224181,3394612,363.66336029070686,0.0,0.7866266809049665,HIGH,0,Start replacement sourcing + secure backup tool,Q2/2025
T10230,2025-02-01,32848,186083,3580695,383.5983540611217,0.0,0.6404141333027418,HIGH,0,Start replacement sourcing + secure backup tool,Q2/2025
T10230,2025-03-01,53826,304924,3885619,416.26473433470926,0.0,1.4384813398980074,HIGH,0,Start replacement sourcing + secure backup tool,Q2/2025
T10230,2025-04-01,36971,209440,4095059,438.70195372216375,0.0,0.8785382305072232,HIGH,0,Start replacement sourcing + secure backup tool,Q3/2025
T10230,2025-05-01,39189,222005,4317064,462.48525629145246,0.0,0.9508428189427608,HIGH,0,Start replacement sourcing + secure backup tool,Q3/2025
T10230,2025-06-01,58286,518489,4835553,518.0307654729932,0.0,2.1123472063598547,HIGH,0,Start replacement sourcing + secure backup tool,Q3/2025
T10231,2024-01-01,38848,85465,85465,4.0223707160681155,95.97762928393189,0.2699082252030141,LOW,1802446,Monitor normally,Q4/2024
T10231,2024-02-01,27012,59426,144891,6.819227934497459,93.18077206550254,0.6953255718715263,LOW,1797441,Monitor normally,Q4/2024
T10231,2024-03-01,26184,57604,202495,9.530333565204623,90.46966643479537,0.7951356536982973,LOW,1740650,Monitor normally,Q4/2024
T10231,2024-04-01,35654,78438,280933,13.221981774728414,86.77801822527158,1.1620731376083362,LOW,1636353,Monitor normally,Q1/2025
T10231,2024-05-01,50594,111306,392239,18.46054720996714,81.53945279003287,1.7083000798084598,LOW,1428978,Monitor normally,Q1/2025
T10231,2024-06-01,46214,101670,493909,23.2455987597553,76.7544012402447,1.233120947005838,LOW,1266370,Monitor normally,Q1/2025
T10231,2024-07-01,29480,64856,558765,26.298016417993335,73.70198358200666,0.6676686775515246,LOW,1308341,Monitor normally,Q2/2025
T10231,2024-08-01,38300,84260,643025,30.263674366111275,69.73632563388873,0.9098304011057041,LOW,1255638,Monitor normally,Q2/2025
T10231,2024-09-01,37322,82108,725133,34.12804942906009,65.8719505709399,0.9822079382421667,LOW,1147067,Monitor normally,Q2/2025
T10231,2024-10-01,38371,84416,809549,38.10104944506204,61.89895055493796,1.0952496280662907,LOW,972568,Monitor normally,Q3/2025
T10231,2024-11-01,41722,91788,901337,42.42100923312101,57.57899076687899,1.0980126323848411,LOW,972404,Monitor normally,Q3/2025
T10231,2024-12-01,46470,102234,1003571,47.23260518218212,52.76739481781788,1.1873315989965623,LOW,893356,Monitor normally,Q3/2025
T10231,2025-01-01,45770,100694,1104265,51.97172174315752,48.02827825684248,1.084916570295721,LOW,787166,Monitor normally,Q4/2025
T10231,2025-02-01,31425,69135,1173400,55.22552855829084,44.77447144170916,0.7037453005605396,LOW,683795,Monitor normally,Q4/2025
T10231,2025-03-01,39893,87764,1261164,59.35610064657262,40.64389935342738,0.9677611435586609,LOW,568898,Monitor normally,Q4/2025
T10231,2025-04-01,42482,93460,1354624,63.754752341696076,36.245247658303924,1.088461254770122,LOW,557149,Monitor normally,Q1/2026
T10231,2025-05-01,39736,87419,1442043,67.86908716446514,32.13091283553486,1.047523755886547,MED,454688,Plan replacement; increase monitoring; prepare PO,Q1/2026
T10231,2025-06-01,37017,81437,1523480,71.7018819226052,28.298118077394804,0.9094262645965091,MED,347381,Plan replacement; increase monitoring; prepare PO,Q1/2026
T10232,2024-01-01,66797,504985,504985,59.33126392270023,40.66873607729977,5.775305356897787,MED,338003,Plan replacement; increase monitoring; prepare PO,Q4/2024
T10232,2024-02-01,58138,439523,944508,110.97132276226374,0.0,0.870368426784954,HIGH,0,Start replacement sourcing + secure backup tool,Q2/2024
T10232,2024-03-01,52737,398691,1343199,157.81398332565723,0.0,0.8442300118156755,HIGH,0,Start replacement sourcing + secure backup tool,Q2/2024
T10232,2024-04-01,37513,283598,1626797,191.13423597860722,0.0,0.6334087503043109,HIGH,0,Start replacement sourcing + secure backup tool,Q3/2024
T10232,2024-05-01,58191,439923,2066720,242.82129127463787,0.0,1.1764618313942088,HIGH,0,Start replacement sourcing + secure backup tool,Q3/2024
T10232,2024-06-01,51077,386142,2452862,288.18955550751474,0.0,1.032270194936429,HIGH,0,Start replacement sourcing + secure backup tool,Q3/2024
T10232,2024-07-01,63607,480868,2933730,344.6872855786674,0.0,1.3000379394464805,HIGH,0,Start replacement sourcing + secure backup tool,Q4/2024
T10232,2024-08-01,42142,318593,3252323,382.11914071678996,0.0,0.7313144591191745,HIGH,0,Start replacement sourcing + secure backup tool,Q4/2024
T10232,2024-09-01,54354,410916,3663239,430.3981304809617,0.0,1.0397645754944953,HIGH,0,Start replacement sourcing + secure backup tool,Q4/2024
T10232,2024-10-01,49308,372768,4036007,474.1950681918583,0.0,0.9239303126216046,HIGH,0,Start replacement sourcing + secure backup tool,Q1/2025
T10232,2024-11-01,53572,405004,4441011,521.7794503294452,0.0,1.102274655100306,HIGH,0,Start replacement sourcing + secure backup tool,Q1/2025
T10232,2024-12-01,49306,372753,4813764,565.5746256732242,0.0,0.9407506427254251,HIGH,0,Start replacement sourcing + secure backup tool,Q1/2025
T10232,2025-01-01,49834,376745,5190509,609.8388256525458,0.0,0.982364572695074,HIGH,0,Start replacement sourcing + secure backup tool,Q2/2025
T10232,2025-02-01,57396,433913,5624422,660.8197591901571,0.0,1.127532910293789,HIGH,0,Start replacement sourcing + secure backup tool,Q2/2025
T10232,2025-03-01,41363,312704,5937126,697.5597089979416,0.0,0.7927186750841424,HIGH,0,Start replacement sourcing + secure backup tool,Q2/2025
T10232,2025-04-01,49562,374688,6311814,741.5822296998806,0.0,1.000624909868769,HIGH,0,Start replacement sourcing + secure backup tool,Q3/2025
T10232,2025-05-01,39805,300925,6612739,776.9382513558478,0.0,0.8051110090474938,HIGH,0,Start replacement sourcing + secure backup tool,Q3/2025
T10232,2025-06-01,42364,320271,6933010,814.5672566288501,0.0,0.9721708723010937,HIGH,0,Start replacement sourcing + secure backup tool,Q3/2025
T10233,2024-01-01,34340,226644,226644,11.039665425716647,88.96033457428335,0.6827421667583775,LOW,1626311,Monitor normally,Q4/2024
T10233,2024-02-01,42473,280321,506965,24.693898724644995,75.306101275355,1.2368339775153987,LOW,1400504,Monitor normally,Q4/2024
T10233,2024-03-01,29239,192977,699942,34.093668914275085,65.90633108572491,0.7613030485339225,LOW,1247810,Monitor normally,Q4/2024
T10233,2024-04-01,37587,248074,948016,46.17717415076593,53.82282584923407,1.063262384597581,LOW,962093,Monitor normally,Q1/2025
T10233,2024-05-01,26540,175164,1123180,54.70928598531805,45.29071401468195,0.728461875426271,LOW,738940,Monitor normally,Q1/2025
T10233,2024-06-01,31354,206936,1330116,64.7889889756293,35.211011024370706,1.007453567342567,LOW,552518,Monitor normally,Q1/2025
T10233,2024-07-01,35288,232900,1563016,76.13337963961953,23.866620360380466,1.1087413952336973,MED,294584,Plan replacement; increase monitoring; prepare PO,Q2/2025
T10233,2024-08-01,44962,296749,1859765,90.58780894467941,9.41219105532059,1.4475560975609756,HIGH,28664,Start replacement sourcing + secure backup tool,Q4/2024
T10233,2024-09-01,26825,177045,2036810,99.21154292967793,0.7884570703220675,0.7210776760319583,HIGH,1239,Start replacement sourcing + secure backup tool,Q4/2024
T10233,2024-10-01,34816,229785,2266595,110.40420419513521,0.0,0.9754646282549448,HIGH,0,Start replacement sourcing + secure backup tool,Q1/2025
T10233,2024-11-01,48692,321367,2587962,126.05775848673915,0.0,1.3702810913913006,HIGH,0,Start replacement sourcing + secure backup tool,Q1/2025
T10233,2024-12-01,35104,231686,2819648,137.34301608818717,0.0,0.9544917103476119,HIGH,0,Start replacement sourcing + secure backup tool,Q1/2025
T10233,2025-01-01,27637,182404,3002052,146.22778308979508,0.0,0.6990105232500211,HIGH,0,Start replacement sourcing + secure backup tool,Q2/2025
T10233,2025-02-01,35560,359386,3361438,163.73321539193677,0.0,1.4659701382949648,HIGH,0,Start replacement sourcing + secure backup tool,Q2/2025
T10233,2025-03-01,44789,295607,3657045,178.1320187024141,0.0,1.1465397762826512,HIGH,0,Start replacement sourcing + secure backup tool,Q2/2025
T10233,2025-04-01,39321,259518,3916563,190.77295290738368,0.0,0.9297310594616414,HIGH,0,Start replacement sourcing + secure backup tool,Q3/2025
T10233,2025-05-01,51357,338956,4255519,207.2832546759688,0.0,1.1119253896344603,HIGH,0,Start replacement sourcing + secure backup tool,Q3/2025
T10233,2025-06-01,39923,263491,4519010,220.1177108393242,0.0,0.8841178819368715,HIGH,0,Start replacement sourcing + secure backup tool,Q3/2025
T10234,2024-01-01,24261,28737,28737,2.179328796762062,97.82067120323794,0.10001682202873666,LOW,1095935,Monitor normally,Q4/2024
T10234,2024-02-01,32864,38927,67664,5.131436952504025,94.86856304749597,1.3545951212722274,LOW,1093508,Monitor normally,Q4/2024
T10234,2024-03-01,29366,34784,102448,7.76935228349096,92.23064771650904,1.028139039962166,LOW,1068308,Monitor normally,Q4/2024
T10234,2024-04-01,29750,35238,137686,10.441697627135097,89.5583023728649,1.0318795876932687,LOW,1053884,Monitor normally,Q1/2025
T10234,2024-05-01,37764,70929,208615,15.820742490048287,84.17925750995171,1.9530881421582573,LOW,988508,Monitor normally,Q1/2025
T10234,2024-06-01,34519,40887,249502,18.921491229068028,81.07850877093198,0.8702385935537882,LOW,998310,Monitor normally,Q1/2025
T10234,2024-07-01,27250,32277,281779,21.369283120117515,78.63071687988248,0.658472397894651,LOW,878091,Monitor normally,Q2/2025
T10234,2024-08-01,25842,30609,312388,23.690578841316317,76.30942115868368,0.6372759259644812,LOW,852540,Monitor normally,Q2/2025
T10234,2024-09-01,33388,39548,351936,26.68978179410701,73.310218205893,1.1433031713451476,LOW,800441,Monitor normally,Q2/2025
T10234,2024-10-01,24309,28794,380730,28.87343330170929,71.1265666982907,0.8432942187164418,LOW,763156,Monitor normally,Q3/2025
T10234,2024-11-01,33071,57979,438709,33.27038859653713,66.72961140346287,1.7578094208244486,LOW,729533,Monitor normally,Q3/2025
T10234,2024-12-01,47284,56007,494716,37.51779326369977,62.48220673630023,1.3301113829054552,LOW,678171,Monitor normally,Q3/2025
T10234,2025-01-01,29397,34820,529536,40.15843872784895,59.84156127215105,0.731615072138955,LOW,649244,Monitor normally,Q4/2025
T10234,2025-02-01,37050,43885,573421,43.48654688965788,56.51345311034212,0.8847425507036006,LOW,603828,Monitor normally,Q4/2025
T10234,2025-03-01,25706,30448,603869,45.79563284865886,54.20436715134114,0.6780687689292714,LOW,589728,Monitor normally,Q4/2025
T10234,2025-04-01,44608,52838,656707,49.80270996051166,50.19729003948834,1.4522184456680072,LOW,563343,Monitor normally,Q1/2026
T10234,2025-05-01,34614,41000,697707,52.912028284179556,47.087971715820444,0.9672016418837628,LOW,523759,Monitor normally,Q1/2026
T10234,2025-06-01,25244,29901,727608,55.179631386520875,44.820368613479125,0.7217466166744445,LOW,488856,Monitor normally,Q1/2026
T10235,2024-01-01,21991,130626,130626,16.090730701433465,83.90926929856653,3.1669724177502645,LOW,686752,Monitor normally,Q4/2024
T10235,2024-02-01,17868,106135,236761,29.164618771164154,70.83538122883584,0.8125105262352058,LOW,666718,Monitor normally,Q4/2024
T10235,2024-03-01,21275,126373,363134,44.73145776900724,55.26854223099276,1.0675153424761679,LOW,498583,Monitor normally,Q4/2024
T10235,2024-04-01,15962,94814,457948,56.41080599007895,43.58919400992105,0.7832976256698628,LOW,334462,Monitor normally,Q1/2025
T10235,2024-05-01,15004,89123,547071,67.38912724544814,32.61087275455186,0.8168378538564472,MED,238614,Plan replacement; increase monitoring; prepare PO,Q1/2025
T10235,2024-06-01,17666,104936,652007,80.31532047562912,19.68467952437088,1.0144951822371178,MED,66064,Plan replacement; increase monitoring; prepare PO,Q4/2024
T10235,2024-07-01,20389,121110,773117,95.2338542686765,4.766145731323505,1.2577499454777705,HIGH,1174,Start replacement sourcing + secure backup tool,Q4/2024
T10235,2024-08-01,18158,107858,880975,108.51998438056243,0.0,1.0266682319644382,HIGH,0,Start replacement sourcing + secure backup tool,Q4/2024
T10235,2024-09-01,18973,112699,993674,122.40243702644342,0.0,1.0125575015573338,HIGH,0,Start replacement sourcing + secure backup tool,Q4/2024
T10235,2024-10-01,17309,102815,1096489,135.06736190409322,0.0,0.9027649729122216,HIGH,0,Start replacement sourcing + secure backup tool,Q1/2025
T10235,2024-11-01,19142,113703,1210192,149.07348896107337,0.0,1.054850141632547,HIGH,0,Start replacement sourcing + secure backup tool,Q1/2025
T10235,2024-12-01,12202,72479,1282671,158.00157426192612,0.0,0.6604671083206517,HIGH,0,Start replacement sourcing + secure backup tool,Q1/2025
T10235,2025-01-01,17300,102762,1385433,170.65997051030476,0.0,1.0667446374875864,HIGH,0,Start replacement sourcing + secure backup tool,Q2/2025
T10235,2025-02-01,21943,130341,1515774,186.71559443169514,0.0,1.3532829890913118,HIGH,0,Start replacement sourcing + secure backup tool,Q2/2025
T10235,2025-03-01,24140,143391,1659165,204.37873933400593,0.0,1.4077170775765588,HIGH,0,Start replacement sourcing + secure backup tool,Q2/2025
T10235,2025-04-01,12420,73774,1732939,213.46634491610712,0.0,0.5878500055777781,HIGH,0,Start replacement sourcing + secure backup tool,Q3/2025
T10235,2025-05-01,16791,99738,1832677,225.75223975097592,0.0,0.8610326152641969,HIGH,0,Start replacement sourcing + secure backup tool,Q3/2025
T10235,2025-06-01,13490,80130,1912807,235.6227881188802,0.0,0.7585601903421552,HIGH,0,Start replacement sourcing + secure backup tool,Q3/2025
T10236,2024-01-01,2302,11855,11855,1.145037799286609,98.85496220071339,0.14021731416721206,LOW,1017264,Monitor normally,Q4/2024
T10236,2024-02-01,1624,8363,20218,1.9527941143801488,98.04720588561985,0.7054407423028258,LOW,1018043,Monitor normally,Q4/2024
T10236,2024-03-01,1643,8461,28679,2.77001594649858,97.22998405350143,0.8369769512315758,LOW,1009079,Monitor normally,Q4/2024
T10236,2024-04-01,1403,7225,35904,3.467856359813278,96.53214364018672,0.7557794902193243,LOW,1006338,Monitor normally,Q1/2025
T10236,2024-05-01,1955,10068,45972,4.4402933537582445,95.55970664624175,1.2559357977462682,LOW,991603,Monitor normally,Q1/2025
T10236,2024-06-01,3125,16093,62065,5.994666470917199,94.0053335290828,1.8746214180321505,LOW,983723,Monitor normally,Q1/2025
T10236,2024-07-01,1953,10057,72122,6.966041008869575,93.03395899113042,0.9037021506020488,LOW,960142,Monitor normally,Q2/2025
T10236,2024-08-01,2156,16553,88675,8.56484410390047,91.43515589609953,1.3711138108123033,LOW,951129,Monitor normally,Q2/2025
T10236,2024-09-01,1606,8270,96945,9.363617836511203,90.6363821634888,0.580989626021591,LOW,933143,Monitor normally,Q2/2025
T10236,2024-10-01,2078,10701,107646,10.397194343484294,89.6028056565157,0.9203841743119267,LOW,937432,Monitor normally,Q3/2025
T10236,2024-11-01,2165,11149,118795,11.47404178542832,88.52595821457169,0.9415324850805089,LOW,922606,Monitor normally,Q3/2025
T10236,2024-12-01,2790,14368,133163,12.8618024855675,87.1381975144325,1.4310756972111554,LOW,915983,Monitor normally,Q3/2025
T10236,2025-01-01,2023,14716,147879,14.28317542983589,85.7168245701641,1.2189519023689879,LOW,898399,Monitor normally,Q4/2025
T10236,2025-02-01,1690,8703,156582,15.123771293791297,84.8762287062087,0.6489448959809112,LOW,882719,Monitor normally,Q4/2025
T10236,2025-03-01,1611,8296,164878,15.925056286020881,84.07494371397912,0.6586392145446847,LOW,871725,Monitor normally,Q4/2025
T10236,2025-04-01,1769,9110,173988,16.804963021702115,83.19503697829788,0.8617373482579221,LOW,884679,Monitor normally,Q1/2026
T10236,2025-05-01,1530,11296,185284,17.896008739183475,82.10399126081653,1.2979432379639204,LOW,865250,Monitor normally,Q1/2026
T10236,2025-06-01,1555,8008,193292,18.669476701788888,81.33052329821112,0.8370148421712772,LOW,875859,Monitor normally,Q1/2026
T10237,2024-01-01,5212,19779,19779,1.3476251504912813,98.65237484950872,2.08830154149363,LOW,1192959,Monitor normally,Q4/2024
T10237,2024-02-01,8240,48993,68772,4.685721060194468,95.31427893980553,2.477021082966783,LOW,1166709,Monitor normally,Q4/2024
T10237,2024-03-01,6749,25612,94384,6.4307726479583955,93.56922735204161,0.7448380154714128,LOW,1143783,Monitor normally,Q4/2024
T10237,2024-04-01,8786,33342,127726,8.702501136136782,91.29749886386321,1.0597770808611628,LOW,1135019,Monitor normally,Q1/2025
T10237,2024-05-01,5101,19358,147084,10.021441813785307,89.9785581862147,0.5379862339851964,LOW,1115488,Monitor normally,Q1/2025
T10237,2024-06-01,6583,24982,172066,11.723568893494758,88.27643110650524,0.9570180815200735,LOW,1118858,Monitor normally,Q1/2025
T10237,2024-07-01,11000,41745,213811,14.567828558152149,85.43217144184786,1.6121495327102804,LOW,1102070,Monitor normally,Q2/2025
T10237,2024-08-01,5845,22181,235992,16.079111912368596,83.9208880876314,0.7729918104199338,LOW,1065626,Monitor normally,Q2/2025
T10237,2024-09-01,8762,33251,269243,18.344640193828003,81.655359806172,1.1219800242947766,LOW,1015587,Monitor normally,Q2/2025
T10237,2024-10-01,7236,37087,306330,20.871531035441336,79.12846896455866,1.1449314138119102,LOW,932091,Monitor normally,Q3/2025
T10237,2024-11-01,8279,31418,337748,23.012169438704145,76.98783056129585,1.018752904808742,LOW,913246,Monitor normally,Q3/2025
T10237,2024-12-01,8215,31175,368923,25.136251246003084,74.86374875399692,0.9191104210071152,LOW,893503,Monitor normally,Q3/2025
T10237,2025-01-01,7943,30143,399066,27.190018621060396,72.8099813789396,0.9071930176565008,LOW,876849,Monitor normally,Q4/2025
T10237,2025-02-01,9713,36860,435926,29.701443012946164,70.29855698705384,1.1924171842650104,LOW,816113,Monitor normally,Q4/2025
T10237,2025-03-01,9234,35043,470969,32.08906767287164,67.91093232712836,1.070799975554605,LOW,762793,Monitor normally,Q4/2025
T10237,2025-04-01,7937,30120,501089,34.141267962714274,65.85873203728573,0.8854830174627129,LOW,729129,Monitor normally,Q1/2026
T10237,2025-05-01,7678,29138,530227,36.12656052730374,63.87343947269626,0.8568067984670124,LOW,670713,Monitor normally,Q1/2026
T10237,2025-06-01,9243,35077,565304,38.51650174798136,61.48349825201864,1.1159054516919227,LOW,642025,Monitor normally,Q1/2026
T10238,2024-01-01,15514,100530,100530,5.0687659044946285,94.93123409550537,3.1970106535220224,LOW,1681826,Monitor normally,Q4/2024
T10238,2024-02-01,17728,177348,277878,14.010728459257518,85.98927154074248,1.7641301104148015,LOW,1412561,Monitor normally,Q4/2024
T10238,2024-03-01,19210,124480,402358,20.28706368049985,79.71293631950016,0.8959327474647147,LOW,1344124,Monitor normally,Q4/2024
T10238,2024-04-01,15955,103388,505746,25.49993117611201,74.50006882388799,0.7708657464248256,LOW,1259807,Monitor normally,Q1/2025
T10238,2024-05-01,16434,106492,612238,30.869303688809136,69.13069631119086,0.7884091447524283,LOW,1112479,Monitor normally,Q1/2025
T10238,2024-06-01,16427,147650,759888,38.313880290804875,61.686119709195125,1.3247697092953703,LOW,902096,Monitor normally,Q1/2025
T10238,2024-07-01,19737,127895,887783,44.76240128309912,55.23759871690088,1.0731547003048694,LOW,775045,Monitor normally,Q2/2025
T10238,2024-08-01,13847,89728,977511,49.28652569450362,50.71347430549638,0.7046019102861765,LOW,668226,Monitor normally,Q2/2025
T10238,2024-09-01,15491,136305,1113816,56.15908250950551,43.84091749049449,1.1194777604695665,LOW,619485,Monitor normally,Q2/2025
T10238,2024-10-01,19799,191946,1305762,65.83708251253074,34.16291748746926,1.6269919305621483,LOW,435099,Monitor normally,Q3/2025
T10238,2024-11-01,17004,110185,1415947,71.39265767603159,28.60734232396841,0.790841166661483,MED,372002,Plan replacement; increase monitoring; prepare PO,Q3/2025
T10238,2024-12-01,15984,103576,1519523,76.61500421262699,23.384995787373015,0.7087191745203404,MED,227108,Plan replacement; increase monitoring; prepare PO,Q3/2025
T10238,2025-01-01,15083,97737,1617260,81.54294585400362,18.45705414599638,0.7227161473674352,MED,175523,Plan replacement; increase monitoring; prepare PO,Q3/2025
T10238,2025-02-01,14978,97057,1714317,86.43660160246213,13.563398397537867,0.934744364329787,HIGH,67372,Start replacement sourcing + secure backup tool,Q2/2025
T10238,2025-03-01,15054,97549,1811866,91.3550642028555,8.644935797144498,0.9808191172034721,HIGH,12414,Start replacement sourcing + secure backup tool,Q2/2025
T10238,2025-04-01,16532,142580,1954446,98.54400922088837,1.4559907791116302,1.463144320199218,HIGH,34,Start replacement sourcing + secure backup tool,Q3/2025
T10238,2025-05-01,19141,124033,2078479,104.79780650958013,0.0,1.1035422585753858,HIGH,0,Start replacement sourcing + secure backup tool,Q3/2025
T10238,2025-06-01,14376,93156,2171635,109.49477215763646,0.0,0.7674276832838133,HIGH,0,Start replacement sourcing + secure backup tool,Q3/2025
T10239,2024-01-01,3673,26181,26181,1.6030158568827249,98.39698414311728,0.2183150855132043,LOW,1369458,Monitor normally,Q4/2024
T10239,2024-02-01,2824,20129,46310,2.8354785658393102,97.16452143416069,0.7688399984721744,LOW,1373147,Monitor normally,Q4/2024
T10239,2024-03-01,2258,16095,62405,3.820946661654117,96.17905333834588,0.6950982509177284,LOW,1358977,Monitor normally,Q4/2024
T10239,2024-04-01,3537,25211,87616,5.364571151470028,94.63542884852997,1.2119701946959378,LOW,1339345,Monitor normally,Q1/2025
T10239,2024-05-01,4694,33458,121074,7.413144717780796,92.5868552822192,1.6338243672173842,LOW,1311164,Monitor normally,Q1/2025
T10239,2024-06-01,3592,25603,146677,8.980770667277316,91.01922933272269,1.0273527366112034,LOW,1282861,Monitor normally,Q1/2025
T10239,2024-07-01,3306,23565,170242,10.423613517720057,89.57638648227994,0.8388907347636225,LOW,1262491,Monitor normally,Q2/2025
T10239,2024-08-01,3588,25575,195817,11.98952507723939,88.01047492276061,0.928581802338247,LOW,1235007,Monitor normally,Q2/2025
T10239,2024-09-01,4302,30664,226481,13.867027015112349,86.13297298488766,1.2307774641103515,LOW,1199861,Monitor normally,Q2/2025
T10239,2024-10-01,3366,23992,250473,15.33601431270718,84.66398568729282,0.9019096787128466,LOW,1192729,Monitor normally,Q3/2025
T10239,2024-11-01,4312,30735,281208,17.217863453736573,82.78213654626343,1.149244057783151,LOW,1143656,Monitor normally,Q3/2025
T10239,2024-12-01,2571,18326,299534,18.33993169380505,81.66006830619494,0.643838343619351,LOW,1121751,Monitor normally,Q3/2025
T10239,2025-01-01,3603,25682,325216,19.912394672165775,80.08760532783423,1.0546589462445075,LOW,1103274,Monitor normally,Q4/2025
T10239,2025-02-01,3256,23208,348424,21.333379050399394,78.6666209496006,0.9315119810550821,LOW,1070701,Monitor normally,Q4/2025
T10239,2025-03-01,5075,36174,384598,23.548248444497236,76.45175155550277,1.6145263032611283,LOW,1031017,Monitor normally,Q4/2025
T10239,2025-04-01,4981,35504,420102,25.72209493556955,74.27790506443046,1.2521395655036207,LOW,1010110,Monitor normally,Q1/2026
T10239,2025-05-01,4233,30172,450274,27.569472592414808,72.43052740758519,0.9539447336804164,LOW,909999,Monitor normally,Q1/2026
T10239,2025-06-01,3268,23294,473568,28.995722597006917,71.00427740299308,0.6861266568483063,LOW,774918,Monitor normally,Q1/2026
T10240,2024-01-01,25863,170695,170695,7.254072513951856,92.74592748604815,5.755704169944925,LOW,1502741,Monitor normally,Q4/2024
T10240,2024-02-01,31256,206289,376984,16.020793067164398,83.97920693283561,1.208523975511878,LOW,1649211,Monitor normally,Q4/2024
T10240,2024-03-01,26926,177711,554695,23.573026469003334,76.42697353099666,0.9428039386286952,LOW,1367634,Monitor normally,Q4/2024
T10240,2024-04-01,23799,157073,711768,30.24820109031011,69.75179890968988,0.8495100911311622,LOW,1334821,Monitor normally,Q1/2025
T10240,2024-05-01,24023,158551,870319,36.986186685433466,63.013813314566534,0.8790921003265734,LOW,837952,Monitor normally,Q1/2025
T10240,2024-06-01,34442,227317,1097636,46.64653995678877,53.35346004321123,1.382328438079601,LOW,950288,Monitor normally,Q1/2025
T10240,2024-07-01,29120,192192,1289828,54.81417641129204,45.18582358870796,1.0619496409370446,LOW,796215,Monitor normally,Q2/2025
T10240,2024-08-01,27378,180694,1470522,62.493179187214096,37.506820812785904,0.9377607860775699,LOW,631863,Monitor normally,Q2/2025
T10240,2024-09-01,23448,154756,1625278,69.06988762020354,30.930112379796455,0.7735182929775426,MED,420555,Plan replacement; increase monitoring; prepare PO,Q2/2025
T10240,2024-10-01,22375,147675,1772953,75.3456728423708,24.654327157629197,0.8396317958009408,MED,319386,Plan replacement; increase monitoring; prepare PO,Q3/2025
T10240,2024-11-01,22521,148638,1921591,81.66238294125347,18.33761705874653,0.9229785252263908,MED,209442,Plan replacement; increase monitoring; prepare PO,Q2/2025
T10240,2024-12-01,26764,176642,2098233,89.16918675512899,10.83081324487101,1.1748224772706615,HIGH,52066,Start replacement sourcing + secure backup tool,Q1/2025
T10240,2025-01-01,32058,211582,2309815,98.16084538981052,1.8391546101894818,1.3420853992451713,HIGH,566,Start replacement sourcing + secure backup tool,Q2/2025
T10240,2025-02-01,31424,207398,2517213,106.97469542202344,0.0,1.1589458743587737,HIGH,0,Start replacement sourcing + secure backup tool,Q2/2025
T10240,2025-03-01,25794,170240,2687453,114.20943167542961,0.0,0.8574565748075121,HIGH,0,Start replacement sourcing + secure backup tool,Q2/2025
T10240,2025-04-01,30735,202851,2890304,122.83004659401333,0.0,1.0328111740945658,HIGH,0,Start replacement sourcing + secure backup tool,Q3/2025
T10240,2025-05-01,25723,169771,3060075,130.04485162501084,0.0,0.8773861347932519,HIGH,0,Start replacement sourcing + secure backup tool,Q3/2025
T10240,2025-06-01,24366,245561,3305636,140.4805251983348,0.0,1.3570354896824608,HIGH,0,Start replacement sourcing + secure backup tool,Q3/2025
T10241,2024-01-01,35697,214182,214182,9.695770758592593,90.30422924140741,1.0394106599502089,LOW,1810091,Monitor normally,Q4/2024
T10241,2024-02-01,47746,286476,500658,22.664207059675647,77.33579294032435,1.337535367117685,LOW,1440034,Monitor normally,Q4/2024
T10241,2024-03-01,40620,243720,744378,33.69712882380236,66.30287117619764,0.9735987440528264,LOW,1258430,Monitor normally,Q4/2024
T10241,2024-04-01,39001,234006,978384,44.29030907300732,55.70969092699268,0.9430934283388278,LOW,900296,Monitor normally,Q1/2025
T10241,2024-05-01,39097,234582,1212966,54.90956417423977,45.09043582576023,0.9208900264589729,LOW,880047,Monitor normally,Q1/2025
T10241,2024-06-01,47296,283776,1496742,67.75577460644402,32.24422539355598,1.1951683822166816,MED,423970,Plan replacement; increase monitoring; prepare PO,Q1/2025
T10241,2024-07-01,36001,216006,1712748,77.53411572979029,22.465884270209713,0.8613091535480166,MED,254211,Plan replacement; increase monitoring; prepare PO,Q2/2025
T10241,2024-08-01,46643,279858,1992606,90.2029628455993,9.797037154400698,1.1432668268052355,HIGH,137900,Start replacement sourcing + secure backup tool,Q4/2024
T10241,2024-09-01,34425,206550,2199156,99.55324181482781,0.446758185172186,0.7947899030321687,HIGH,4656,Start replacement sourcing + secure backup tool,Q4/2024
T10241,2024-10-01,45590,273540,2472696,111.93608039746042,0.0,1.168285370166312,HIGH,0,Start replacement sourcing + secure backup tool,Q1/2025
T10241,2024-11-01,37967,227802,2700498,122.24841276128609,0.0,0.8992799507334712,HIGH,0,Start replacement sourcing + secure backup tool,Q1/2025
T10241,2024-12-01,41685,250110,2950608,133.57060241509262,0.0,1.0599498228543338,HIGH,0,Start replacement sourcing + secure backup tool,Q1/2025
T10241,2025-01-01,35502,213012,3163620,143.2134086305044,0.0,0.8504016224589195,HIGH,0,Start replacement sourcing + secure backup tool,Q2/2025
T10241,2025-02-01,39077,375006,3538626,160.18949536560248,0.0,1.6282803897389582,HIGH,0,Start replacement sourcing + secure backup tool,Q2/2025
T10241,2025-03-01,36580,219480,3758106,170.12510044023946,0.0,0.7856079262356108,HIGH,0,Start replacement sourcing + secure backup tool,Q2/2025
T10241,2025-04-01,56922,341532,4099638,185.5858580142823,0.0,1.2688526782728873,HIGH,0,Start replacement sourcing + secure backup tool,Q3/2025
T10241,2025-05-01,46436,278616,4378254,198.19848123040708,0.0,0.892982827253322,HIGH,0,Start replacement sourcing + secure backup tool,Q3/2025
T10241,2025-06-01,25643,153858,4532112,205.16345446520523,0.0,0.5497363117952236,HIGH,0,Start replacement sourcing + secure backup tool,Q3/2025
T10242,2024-01-01,60225,361350,361350,18.46093011208367,81.53906988791633,1.4005705382128821,LOW,1452220,Monitor normally,Q4/2024
T10242,2024-02-01,39751,367642,728992,37.24331081850865,62.75668918149135,1.0174124809741247,LOW,941597,Monitor normally,Q4/2024
T10242,2024-03-01,43772,262632,991624,50.66085889432643,49.33914110567357,0.7205346560730433,LOW,851664,Monitor normally,Q4/2024
T10242,2024-04-01,46786,280716,1272340,65.00229644059371,34.99770355940629,0.8492614136003163,MED,561077,Plan replacement; increase monitoring; prepare PO,Q1/2025
T10242,2024-05-01,33534,201204,1473544,75.28156303052504,24.718436969474965,0.6625890514714762,MED,399490,Plan replacement; increase monitoring; prepare PO,Q1/2025
T10242,2024-06-01,48545,291270,1764814,90.16219154511369,9.837808454886314,1.1736050672082003,HIGH,174219,Start replacement sourcing + secure backup tool,Q3/2024
T10242,2024-07-01,56710,340260,2105074,107.54565931856766,0.0,1.3202188336631357,HIGH,0,Start replacement sourcing + secure backup tool,Q4/2024
T10242,2024-08-01,51736,310416,2415490,123.40443358637604,0.0,1.1183018827140478,HIGH,0,Start replacement sourcing + secure backup tool,Q4/2024
T10242,2024-09-01,33624,201744,2617234,133.71128811669902,0.0,0.6425336484257059,HIGH,0,Start replacement sourcing + secure backup tool,Q4/2024
T10242,2024-10-01,33362,200172,2817406,143.9378310872152,0.0,0.7044837052157388,HIGH,0,Start replacement sourcing + secure backup tool,Q1/2025
T10242,2024-11-01,50720,304320,3121726,159.4851681612689,0.0,1.281649567898115,HIGH,0,Start replacement sourcing + secure backup tool,Q1/2025
T10242,2024-12-01,36256,217536,3339262,170.5988166817123,0.0,0.9240650434132499,HIGH,0,Start replacement sourcing + secure backup tool,Q1/2025
T10242,2025-01-01,43886,263316,3602578,184.0513094820262,0.0,1.0940683740796755,HIGH,0,Start replacement sourcing + secure backup tool,Q2/2025
T10242,2025-02-01,51195,307170,3909748,199.74424957481364,0.0,1.1736409347251302,HIGH,0,Start replacement sourcing + secure backup tool,Q2/2025
T10242,2025-03-01,36664,219984,4129732,210.9829634250326,0.0,0.8374791566732909,HIGH,0,Start replacement sourcing + secure backup tool,Q2/2025
T10242,2025-04-01,64967,389802,4519534,230.89747146308554,0.0,1.4793806216554708,HIGH,0,Start replacement sourcing + secure backup tool,Q3/2025
T10242,2025-05-01,51864,311184,4830718,246.7954819127843,0.0,1.0180990145655844,HIGH,0,Start replacement sourcing + secure backup tool,Q3/2025
T10242,2025-06-01,40876,245256,5075974,259.3253113733328,0.0,0.7989055018078765,HIGH,0,Start replacement sourcing + secure backup tool,Q3/2025
T10243,2024-01-01,31091,73654,73654,4.527441320109292,95.47255867989071,0.23351531637783993,LOW,1327006,Monitor normally,Q4/2024
T10243,2024-02-01,25233,59776,133430,8.20181518101098,91.79818481898901,0.8115784614549107,LOW,1328549,Monitor normally,Q4/2024
T10243,2024-03-01,26038,61684,195114,11.993471987017736,88.00652801298226,0.9245896724874466,LOW,1290820,Monitor normally,Q4/2024
T10243,2024-04-01,25723,60937,256051,15.739211413572981,84.26078858642703,0.9369445554906363,LOW,1168998,Monitor normally,Q1/2025
T10243,2024-05-01,31044,73543,329594,20.259829669265784,79.74017033073422,1.2096087106695834,LOW,1110898,Monitor normally,Q1/2025
T10243,2024-06-01,19638,46522,376116,23.119492757409326,76.88050724259068,0.7114761118247996,LOW,1134370,Monitor normally,Q1/2025
T10243,2024-07-01,33270,78816,454932,27.964237307409785,72.03576269259021,1.3063281068717472,LOW,1016212,Monitor normally,Q2/2025
T10243,2024-08-01,26201,62070,517002,31.779621166252266,68.22037883374773,0.9362885343496864,LOW,960624,Monitor normally,Q2/2025
T10243,2024-09-01,23268,55121,572123,35.16785660500297,64.83214339499703,0.8823689490309912,LOW,888900,Monitor normally,Q2/2025
T10243,2024-10-01,21137,50073,622196,38.245796285425385,61.754203714574615,0.7663960980985374,LOW,782370,Monitor normally,Q3/2025
T10243,2024-11-01,31591,74839,697035,42.846078428359355,57.153921571640645,1.342291228237995,LOW,771381,Monitor normally,Q3/2025
T10243,2024-12-01,37959,89924,786959,48.37362117239917,51.62637882760083,1.4984586159204145,LOW,679435,Monitor normally,Q3/2025
T10243,2025-01-01,7605,18016,804975,49.4810475555296,50.5189524444704,0.2515779478299726,LOW,612585,Monitor normally,Q4/2025
T10243,2025-02-01,31509,74644,879619,54.06934323394813,45.93065676605187,1.225151685915778,LOW,633061,Monitor normally,Q4/2025
T10243,2025-03-01,28426,67341,946960,58.20873044900067,41.79126955099933,1.106466064934496,LOW,508701,Monitor normally,Q4/2025
T10243,2025-04-01,28887,68433,1015393,62.41524186533975,37.58475813466025,1.2831107305579341,MED,448347,Plan replacement; increase monitoring; prepare PO,Q1/2026
T10243,2025-05-01,30612,72519,1087912,66.87291581506422,33.12708418493578,1.0339277058046366,MED,374852,Plan replacement; increase monitoring; prepare PO,Q1/2026
T10243,2025-06-01,29851,70717,1158629,71.21982253885612,28.78017746114388,1.0185219858564618,MED,306482,Plan replacement; increase monitoring; prepare PO,Q1/2026
T10244,2024-01-01,52643,375239,375239,40.01772455907226,59.98227544092774,5.318289404683728,LOW,549481,Monitor normally,Q4/2024
T10244,2024-02-01,62399,444780,820019,87.45171604019274,12.548283959807264,1.1853245531514582,HIGH,54016,Start replacement sourcing + secure backup tool,Q2/2024
T10244,2024-03-01,38448,274057,1094076,116.67878875780914,0.0,0.6684162196241794,HIGH,0,Start replacement sourcing + secure backup tool,Q2/2024
T10244,2024-04-01,48666,346891,1440967,153.67331355406205,0.0,0.9511889484825552,HIGH,0,Start replacement sourcing + secure backup tool,Q3/2024
T10244,2024-05-01,41538,296082,1737049,185.2492636096246,0.0,0.8334640733845784,HIGH,0,Start replacement sourcing + secure backup tool,Q3/2024
T10244,2024-06-01,46094,328558,2065607,220.28864796380864,0.0,1.0748546939576675,HIGH,0,Start replacement sourcing + secure backup tool,Q3/2024
T10244,2024-07-01,30837,219806,2285413,243.73007053564,0.0,0.6787410798008504,HIGH,0,Start replacement sourcing + secure backup tool,Q4/2024
T10244,2024-08-01,49735,354511,2639924,281.5372375709462,0.0,1.2594446536545854,HIGH,0,Start replacement sourcing + secure backup tool,Q4/2024
T10244,2024-09-01,51847,369565,3009489,320.9498529352168,0.0,1.227960681157414,HIGH,0,Start replacement sourcing + secure backup tool,Q4/2024
T10244,2024-10-01,30047,214175,3223664,343.7907520886612,0.0,0.6807259805780808,HIGH,0,Start replacement sourcing + secure backup tool,Q1/2025
T10244,2024-11-01,47947,341766,3565430,380.238716323871,0.0,1.0927758137214882,HIGH,0,Start replacement sourcing + secure backup tool,Q1/2025
T10244,2024-12-01,41819,298085,3863515,412.02827824358366,0.0,0.9662336062651133,HIGH,0,Start replacement sourcing + secure backup tool,Q1/2025
T10244,2025-01-01,42374,302041,4165556,444.23973159344,0.0,1.0610016556872977,HIGH,0,Start replacement sourcing + secure backup tool,Q2/2025
T10244,2025-02-01,41671,297030,4462586,475.9167820220501,0.0,0.9460638799352792,HIGH,0,Start replacement sourcing + secure backup tool,Q2/2025
T10244,2025-03-01,52793,376308,4838894,516.0485111157087,0.0,1.2583363428433851,HIGH,0,Start replacement sourcing + secure backup tool,Q2/2025
T10244,2025-04-01,57357,408840,5247734,559.6496466819241,0.0,1.257480425557655,HIGH,0,Start replacement sourcing + secure backup tool,Q3/2025
T10244,2025-05-01,54589,389110,5636844,601.1466573955776,0.0,1.078685761492102,HIGH,0,Start replacement sourcing + secure backup tool,Q3/2025
T10244,2025-06-01,55726,397214,6034058,643.5079269944395,0.0,1.0148042423385661,HIGH,0,Start replacement sourcing + secure backup tool,Q3/2025
T10245,2024-01-01,58850,127116,127116,10.525836392286884,89.47416360771311,0.31907587577939095,LOW,1367786,Monitor normally,Q4/2024
T10245,2024-02-01,57962,125197,252313,20.892770049774068,79.10722995022593,0.984903552660562,LOW,960305,Monitor normally,Q4/2024
T10245,2024-03-01,42111,90959,343272,28.42462719132999,71.57537280867001,0.7210012960093217,LOW,868125,Monitor normally,Q4/2024
T10245,2024-04-01,48343,104420,447692,37.071122015605425,62.928877984394575,0.9125707893448927,LOW,735570,Monitor normally,Q1/2025
T10245,2024-05-01,62539,135084,582776,48.25674839793087,51.74325160206913,1.2641370533040526,LOW,607669,Monitor normally,Q1/2025
T10245,2024-06-01,44543,96212,678988,56.2235800396967,43.7764199603033,0.8734290979625556,LOW,434803,Monitor normally,Q1/2025
T10245,2024-07-01,30770,66463,745451,61.72704666970837,38.27295333029163,0.5939216480596695,LOW,376535,Monitor normally,Q2/2025
T10245,2024-08-01,57589,124392,869843,72.02732232744894,27.972677672551058,1.2532820166644838,MED,253612,Plan replacement; increase monitoring; prepare PO,Q2/2025
T10245,2024-09-01,44433,95975,965818,79.97452919164961,20.02547080835039,1.0029888492930221,MED,142951,Plan replacement; increase monitoring; prepare PO,Q2/2025
T10245,2024-10-01,42228,139300,1105118,91.50926132171635,8.490738678283648,1.4569605689781404,HIGH,13496,Start replacement sourcing + secure backup tool,Q1/2025
T10245,2024-11-01,46864,101226,1206344,99.89127707618968,0.10872292381031912,0.8443310061807172,HIGH,94,Start replacement sourcing + secure backup tool,Q1/2025
T10245,2024-12-01,53715,116024,1322368,109.49864075643995,0.0,1.0343862276783724,HIGH,0,Start replacement sourcing + secure backup tool,Q1/2025
T10245,2025-01-01,58411,126167,1448535,119.9458952334976,0.0,1.0615649978965083,HIGH,0,Start replacement sourcing + secure backup tool,Q2/2025
T10245,2025-02-01,48325,104382,1552917,128.58924346896512,0.0,0.9118535191909545,HIGH,0,Start replacement sourcing + secure backup tool,Q2/2025
T10245,2025-03-01,39113,112200,1665117,137.8799609491768,0.0,0.971223955703416,HIGH,0,Start replacement sourcing + secure backup tool,Q2/2025
T10245,2025-04-01,45891,133201,1798318,148.9096655755732,0.0,1.1658764868752352,HIGH,0,Start replacement sourcing + secure backup tool,Q3/2025
T10245,2025-05-01,53846,116307,1914625,158.54046306194556,0.0,0.9975356149384047,HIGH,0,Start replacement sourcing + secure backup tool,Q3/2025
T10245,2025-06-01,61176,184947,2099572,173.85499359503567,0.0,1.5339472723854601,HIGH,0,Start replacement sourcing + secure backup tool,Q3/2025
T10246,2024-01-01,54119,222970,222970,39.704968418728306,60.295031581271694,1.5396531286324244,LOW,754897,Monitor normally,Q4/2024
T10246,2024-02-01,40870,168384,391354,69.68963632122258,30.31036367877742,0.755186796430013,MED,247357,Plan replacement; increase monitoring; prepare PO,Q4/2024
T10246,2024-03-01,62547,257693,649047,115.57783844136141,0.0,1.3169304517137936,HIGH,0,Start replacement sourcing + secure backup tool,Q2/2024
T10246,2024-04-01,49994,205975,855022,152.25645381584033,0.0,0.9520496974795354,HIGH,0,Start replacement sourcing + secure backup tool,Q3/2024
T10246,2024-05-01,50914,209765,1064787,189.60996639759816,0.0,0.9956380171251732,HIGH,0,Start replacement sourcing + secure backup tool,Q3/2024
T10246,2024-06-01,53116,218837,1283624,228.57895852142306,0.0,0.974872036267899,HIGH,0,Start replacement sourcing + secure backup tool,Q3/2024
T10246,2024-07-01,42003,220369,1503993,267.8207586984278,0.0,1.0418073771977239,HIGH,0,Start replacement sourcing + secure backup tool,Q4/2024
T10246,2024-08-01,52933,218083,1722076,306.655483673364,0.0,1.008132874966678,HIGH,0,Start replacement sourcing + secure backup tool,Q4/2024
T10246,2024-09-01,32830,135259,1857335,330.74147875498386,0.0,0.6173494459819044,HIGH,0,Start replacement sourcing + secure backup tool,Q4/2024
T10246,2024-10-01,50155,206638,2063973,367.5381566224511,0.0,1.0805335787530657,HIGH,0,Start replacement sourcing + secure backup tool,Q1/2025
T10246,2024-11-01,58049,374957,2438930,434.30792763819807,0.0,2.0087699560698598,HIGH,0,Start replacement sourcing + secure backup tool,Q1/2025
T10246,2024-12-01,43652,179846,2618776,466.3336698915713,0.0,0.7526469825096881,HIGH,0,Start replacement sourcing + secure backup tool,Q1/2025
T10246,2025-01-01,38509,158657,2777433,494.5862203441441,0.0,0.6250924234444954,HIGH,0,Start replacement sourcing + secure backup tool,Q2/2025
T10246,2025-02-01,49465,304126,3081559,548.7428926557294,0.0,1.2788075014717013,HIGH,0,Start replacement sourcing + secure backup tool,Q2/2025
T10246,2025-03-01,46039,189680,3271239,582.5198061851925,0.0,0.8854875830378026,HIGH,0,Start replacement sourcing + secure backup tool,Q2/2025
T10246,2025-04-01,47205,194484,3465723,617.1521830876815,0.0,0.8942300176408471,HIGH,0,Start replacement sourcing + secure backup tool,Q3/2025
T10246,2025-05-01,42103,173464,3639187,648.0414625503279,0.0,0.7560650307283268,HIGH,0,Start replacement sourcing + secure backup tool,Q3/2025
T10246,2025-06-01,49147,202485,3841672,684.0986026600566,0.0,1.089355269104134,HIGH,0,Start replacement sourcing + secure backup tool,Q3/2025
T10247,2024-01-01,23582,58577,58577,5.215170173895392,94.78482982610461,0.3080659779500835,LOW,1217122,Monitor normally,Q4/2024
T10247,2024-02-01,28017,69594,128171,11.411195116826507,88.5888048831735,1.1880772316779624,LOW,995875,Monitor normally,Q4/2024
T10247,2024-03-01,23594,58607,186778,16.62903622138098,83.37096377861903,0.9145126432656373,LOW,849922,Monitor normally,Q4/2024
T10247,2024-04-01,19146,47558,234336,20.863173564196707,79.1368264358033,0.7638694064611463,LOW,782673,Monitor normally,Q1/2025
T10247,2024-05-01,23670,58796,293132,26.097841531903377,73.90215846809662,1.0035787641031184,LOW,740024,Monitor normally,Q1/2025
T10247,2024-06-01,24788,61573,354705,31.57974864761878,68.42025135238123,1.119773764708022,LOW,669576,Monitor normally,Q1/2025
T10247,2024-07-01,32886,81688,436393,38.85251477024654,61.14748522975346,1.4593484073436673,LOW,603884,Monitor normally,Q2/2025
T10247,2024-08-01,26950,66943,503336,44.81251847393706,55.18748152606294,0.9939225070153472,LOW,540610,Monitor normally,Q2/2025
T10247,2024-09-01,20396,50663,553999,49.323097139967444,50.676902860032556,0.7230547468173774,LOW,555210,Monitor normally,Q2/2025
T10247,2024-10-01,27633,68640,622639,55.43418648793986,44.56581351206014,1.033247363192068,LOW,453675,Monitor normally,Q3/2025
T10247,2024-11-01,27070,67241,689880,61.42072143617722,38.57927856382278,1.0830997712702555,LOW,309012,Monitor normally,Q3/2025
T10247,2024-12-01,19632,48765,738645,65.76231922250989,34.23768077749011,0.7842385710609829,MED,256289,Plan replacement; increase monitoring; prepare PO,Q3/2025
T10247,2025-01-01,13012,32321,770966,68.63989088357948,31.360109116420517,0.5251291660799584,MED,222875,Plan replacement; increase monitoring; prepare PO,Q4/2025
T10247,2025-02-01,25741,63940,834906,74.3325344282962,25.6674655717038,1.2932237556210264,MED,151621,Plan replacement; increase monitoring; prepare PO,Q4/2025
T10247,2025-03-01,15652,38879,873785,77.79397153144042,22.20602846855958,0.8042488933018906,MED,86901,Plan replacement; increase monitoring; prepare PO,Q4/2025
T10247,2025-04-01,23613,58654,932439,83.01599709402744,16.98400290597256,1.3020719254106854,MED,51646,Plan replacement; increase monitoring; prepare PO,Q4/2025
T10247,2025-05-01,29698,73769,1006208,89.58372655368036,10.416273446319636,1.3705511138085005,HIGH,33431,Start replacement sourcing + secure backup tool,Q3/2025
T10247,2025-06-01,34427,107914,1114122,99.19142025847486,0.8085797415251363,1.8898903690558195,HIGH,134,Start replacement sourcing + secure backup tool,Q3/2025
T10248,2024-01-01,18491,21967,21967,0.9394680952067327,99.06053190479327,0.2742024740260551,LOW,1898090,Monitor normally,Q4/2024
T10248,2024-02-01,19377,23019,44986,1.9239273333167968,98.0760726666832,1.047890016843447,LOW,1898649,Monitor normally,Q4/2024
T10248,2024-03-01,14225,16899,61885,2.6466510252591906,97.35334897474081,0.7513004045703108,LOW,1901630,Monitor normally,Q4/2024
T10248,2024-04-01,18139,21549,83434,3.5682424115936877,96.43175758840631,1.0446311707198837,LOW,1881065,Monitor normally,Q1/2025
T10248,2024-05-01,17694,21020,104454,4.4672099247382,95.5327900752618,1.0259163453560447,LOW,1859199,Monitor normally,Q1/2025
T10248,2024-06-01,24361,43780,148234,6.339559959251368,93.66044004074863,2.208582767202529,LOW,1766493,Monitor normally,Q1/2025
T10248,2024-07-01,15327,18208,166442,7.118265976346291,92.8817340236537,0.6325956293645555,LOW,1783173,Monitor normally,Q2/2025
T10248,2024-08-01,16071,19092,185534,7.934778238998767,92.06522176100123,0.6900057825751735,LOW,1759848,Monitor normally,Q2/2025
T10248,2024-09-01,14351,17048,202582,8.66387425061093,91.33612574938907,0.6307844104588061,LOW,1730104,Monitor normally,Q2/2025
T10248,2024-10-01,20392,24225,226807,9.699910787524624,90.30008921247537,1.337215720909693,LOW,1734008,Monitor normally,Q3/2025
T10248,2024-11-01,15909,18899,245706,10.508168971678675,89.49183102832133,0.939236312432701,LOW,1708582,Monitor normally,Q3/2025
T10248,2024-12-01,18900,22453,268159,11.46842194849284,88.53157805150715,1.119440935983514,LOW,1679506,Monitor normally,Q3/2025
T10248,2025-01-01,20506,24361,292520,12.510274830876925,87.48972516912308,1.114460862802507,LOW,1654326,Monitor normally,Q4/2025
T10248,2025-02-01,19775,23492,316012,13.514962976395045,86.48503702360496,1.0724818529058178,LOW,1596800,Monitor normally,Q4/2025
T10248,2025-03-01,19805,23528,339540,14.521190742772976,85.47880925722703,1.00395414331636,LOW,1591287,Monitor normally,Q4/2025
T10248,2025-04-01,14135,16792,356332,15.239338339382048,84.76066166061796,0.7057340188565584,LOW,1564516,Monitor normally,Q1/2026
T10248,2025-05-01,12851,22509,378841,16.20198628197814,83.79801371802186,1.0582178900520278,LOW,1483845,Monitor normally,Q1/2026
T10248,2025-06-01,15838,18815,397656,17.006652017459302,82.9933479825407,0.8983908704579096,LOW,1436583,Monitor normally,Q1/2026
T10249,2024-01-01,2407,2407,2407,0.19459310880075026,99.80540689119925,0.12425149700598802,LOW,1216979,Monitor normally,Q4/2024
T10249,2024-02-01,2807,2807,5214,0.4215240836257216,99.57847591637427,1.1661819692563358,LOW,1229029,Monitor normally,Q4/2024
T10249,2024-03-01,1115,1115,6329,0.5116658851682377,99.48833411483176,0.42769466820099733,LOW,1225433,Monitor normally,Q4/2024
T10249,2024-04-01,55139,55139,61468,4.969359871942051,95.03064012805795,26.13635645441618,LOW,1206497,Monitor normally,Q1/2025
T10249,2024-05-01,1718,2203,63671,5.147460669070448,94.85253933092955,0.11190125463503835,LOW,1173846,Monitor normally,Q1/2025
T10249,2024-06-01,3918,3918,67589,5.464210066777693,94.5357899332223,0.20107087260721554,LOW,1174953,Monitor normally,Q1/2025
T10249,2024-07-01,43787,43787,111376,9.004155415784112,90.99584458421589,2.144319294809011,LOW,1129937,Monitor normally,Q2/2025
T10249,2024-08-01,1797,1797,113173,9.149433278897925,90.85056672110207,0.10801875450829526,LOW,1123271,Monitor normally,Q2/2025
T10249,2024-09-01,1580,1580,114753,9.2771678496936,90.7228321503064,0.09575370692093248,LOW,1113311,Monitor normally,Q2/2025
T10249,2024-10-01,3797,3797,118550,9.584135042928517,90.41586495707148,0.24151895513527266,LOW,1116045,Monitor normally,Q3/2025
T10249,2024-11-01,1399,1399,119949,9.69723672934823,90.30276327065177,0.585029272372456,LOW,1114782,Monitor normally,Q3/2025
T10249,2024-12-01,1785,1785,121734,9.841544456481317,90.15845554351868,0.7902892561983471,LOW,1113120,Monitor normally,Q3/2025
T10249,2025-01-01,2844,2844,124578,10.071466683913528,89.92853331608647,1.2221744735711215,LOW,1115041,Monitor normally,Q4/2025
T10249,2025-02-01,874,874,125452,10.142124921176451,89.85787507882355,0.4349701393497014,LOW,1106893,Monitor normally,Q4/2025
T10249,2025-03-01,2953,2953,128405,10.380859217100264,89.61914078289973,1.6098491731782665,LOW,1111493,Monitor normally,Q4/2025
T10249,2025-04-01,3278,3278,131683,10.645868029168755,89.35413197083125,1.474141807824914,LOW,1098099,Monitor normally,Q1/2026
T10249,2025-05-01,52446,52446,184129,14.8858473329345,85.1141526670655,22.144686840253343,LOW,1060985,Monitor normally,Q1/2026
T10249,2025-06-01,2391,2391,186520,15.07914692709428,84.92085307290571,0.12224551357431361,LOW,1030632,Monitor normally,Q1/2026
