tool_id,period_start_date,received_qty,realized_shots,cumulative_realized_shots
T10000,2024-01-01,33108,39332,39332
T10000,2024-02-01,47630,90051,129383
T10000,2024-03-01,38415,45637,175020
T10000,2024-04-01,47181,56051,231071
T10000,2024-05-01,48999,58210,289281
T10000,2024-06-01,43437,79451,368732
T10000,2024-07-01,39378,46781,415513
T10000,2024-08-01,39600,47044,462557
T10000,2024-09-01,44636,69147,531704
T10000,2024-10-01,56436,67045,598749
T10000,2024-11-01,34767,41303,640052
T10000,2024-12-01,39898,47398,687450
T10000,2025-01-01,45504,54058,741508
T10000,2025-02-01,32146,38189,779697
T10000,2025-03-01,42436,50413,830110
T10000,2025-04-01,47123,55982,886092
T10000,2025-05-01,41229,48980,935072
T10000,2025-06-01,30049,35698,970770
T10001,2024-01-01,32987,224245,224245
T10001,2024-02-01,47304,321572,545817
T10001,2024-03-01,25983,176632,722449
T10001,2024-04-01,41207,280125,1002574
T10001,2024-05-01,34934,237481,1240055
T10001,2024-06-01,35990,244660,1484715
T10001,2024-07-01,31105,211451,1696166
T10001,2024-08-01,41906,284876,1981042
T10001,2024-09-01,41471,281919,2262961
T10001,2024-10-01,32832,286023,2548984
T10001,2024-11-01,40541,275597,2824581
T10001,2024-12-01,40499,275312,3099893
T10001,2025-01-01,36613,248895,3348788
T10001,2025-02-01,25953,227821,3576609
T10001,2025-03-01,39956,271620,3848229
T10001,2025-04-01,45990,312640,4160869
T10001,2025-05-01,31010,210805,4371674
T10001,2025-06-01,34999,237923,4609597
T10002,2024-01-01,30891,312616,312616
T10002,2024-02-01,25586,258930,571546
T10002,2024-03-01,25920,262310,833856
T10002,2024-04-01,36911,373539,1207395
T10002,2024-05-01,29575,425871,1633266
T10002,2024-06-01,30491,308568,1941834
T10002,2024-07-01,25351,256552,2198386
T10002,2024-08-01,21551,218096,2416482
T10002,2024-09-01,28228,285667,2702149
T10002,2024-10-01,32973,333686,3035835
T10002,2024-11-01,30788,311574,3347409
T10002,2024-12-01,30031,303913,3651322
T10002,2025-01-01,25494,397112,4048434
T10002,2025-02-01,27832,281659,4330093
T10002,2025-03-01,26143,264567,4594660
T10002,2025-04-01,37768,382212,4976872
T10002,2025-05-01,26076,263889,5240761
T10002,2025-06-01,32073,324578,5565339
T10003,2024-01-01,51226,256130,256130
T10003,2024-02-01,51972,259860,515990
T10003,2024-03-01,44182,220910,736900
T10003,2024-04-01,40863,204315,941215
T10003,2024-05-01,45891,229455,1170670
T10003,2024-06-01,43558,217790,1388460
T10003,2024-07-01,46266,231330,1619790
T10003,2024-08-01,47944,239720,1859510
T10003,2024-09-01,34699,173495,2033005
T10003,2024-10-01,58318,291590,2324595
T10003,2024-11-01,56217,281085,2605680
T10003,2024-12-01,37340,186700,2792380
T10003,2025-01-01,44467,222335,3014715
T10003,2025-02-01,66912,334560,3349275
T10003,2025-03-01,28083,140415,3489690
T10003,2025-04-01,34744,173720,3663410
T10003,2025-05-01,51846,259230,3922640
T10003,2025-06-01,40630,203150,4125790
T10004,2024-01-01,8627,19548,19548
T10004,2024-02-01,7647,17328,36876
T10004,2024-03-01,10175,23056,59932
T10004,2024-04-01,7994,18114,78046
T10004,2024-05-01,10523,23845,101891
T10004,2024-06-01,5793,13126,115017
T10004,2024-07-01,11539,26147,141164
T10004,2024-08-01,4825,10933,152097
T10004,2024-09-01,7116,16124,168221
T10004,2024-10-01,7732,17520,185741
T10004,2024-11-01,10880,24654,210395
T10004,2024-12-01,10466,23715,234110
T10004,2025-01-01,9311,21098,255208
T10004,2025-02-01,6468,14656,269864
T10004,2025-03-01,8481,19217,289081
T10004,2025-04-01,5919,17025,306106
T10004,2025-05-01,7079,16041,322147
T10004,2025-06-01,8086,18322,340469
T10005,2024-01-01,46184,172081,172081
T10005,2024-02-01,48815,181884,353965
T10005,2024-03-01,63584,236913,590878
T10005,2024-04-01,39840,148443,739321
T10005,2024-05-01,36936,137623,876944
T10005,2024-06-01,61721,355364,1232308
T10005,2024-07-01,36952,137683,1369991
T10005,2024-08-01,46620,173706,1543697
T10005,2024-09-01,44089,164275,1707972
T10005,2024-10-01,24847,92579,1800551
T10005,2024-11-01,48644,181247,1981798
T10005,2024-12-01,48910,182238,2164036
T10005,2025-01-01,53365,198837,2362873
T10005,2025-02-01,37431,139467,2502340
T10005,2025-03-01,51027,190126,2692466
T10005,2025-04-01,49834,185681,2878147
T10005,2025-05-01,53067,197727,3075874
T10005,2025-06-01,40386,150478,3226352
T10006,2024-01-01,48781,158050,158050
T10006,2024-02-01,3757,19202,177252
T10006,2024-03-01,2003,6489,183741
T10006,2024-04-01,2062,9790,193531
T10006,2024-05-01,2406,7795,201326
T10006,2024-06-01,2754,8922,210248
T10006,2024-07-01,2012,6518,216766
T10006,2024-08-01,4404,14268,231034
T10006,2024-09-01,569,1843,232877
T10006,2024-10-01,2525,8181,241058
T10006,2024-11-01,1667,5401,246459
T10006,2024-12-01,4187,13565,260024
T10006,2025-01-01,67,217,260241
T10006,2025-02-01,1465,4746,264987
T10006,2025-03-01,4475,14499,279486
T10006,2025-04-01,4625,14985,294471
T10006,2025-05-01,48610,210145,504616
T10006,2025-06-01,4031,13060,517676
T10007,2024-01-01,31959,34515,34515
T10007,2024-02-01,23179,25033,59548
T10007,2024-03-01,15083,24927,84475
T10007,2024-04-01,26933,29087,113562
T10007,2024-05-01,25684,27738,141300
T10007,2024-06-01,32344,34931,176231
T10007,2024-07-01,23225,25083,201314
T10007,2024-08-01,24331,26277,227591
T10007,2024-09-01,19537,30924,258515
T10007,2024-10-01,31896,34447,292962
T10007,2024-11-01,23175,25029,317991
T10007,2024-12-01,22945,24780,342771
T10007,2025-01-01,27546,29749,372520
T10007,2025-02-01,24403,26355,398875
T10007,2025-03-01,24456,26412,425287
T10007,2025-04-01,25394,27425,452712
T10007,2025-05-01,35731,38589,491301
T10007,2025-06-01,31046,33529,524830
T10008,2024-01-01,36940,140187,140187
T10008,2024-02-01,31545,119713,259900
T10008,2024-03-01,29648,157119,417019
T10008,2024-04-01,44501,168881,585900
T10008,2024-05-01,34393,130521,716421
T10008,2024-06-01,41249,156539,872960
T10008,2024-07-01,29484,111891,984851
T10008,2024-08-01,38603,146498,1131349
T10008,2024-09-01,40992,155564,1286913
T10008,2024-10-01,31905,121079,1407992
T10008,2024-11-01,41559,157716,1565708
T10008,2024-12-01,44479,168797,1734505
T10008,2025-01-01,43362,164558,1899063
T10008,2025-02-01,33091,125580,2024643
T10008,2025-03-01,43093,163537,2188180
T10008,2025-04-01,17308,65683,2253863
T10008,2025-05-01,40018,151868,2405731
T10008,2025-06-01,26685,101269,2507000
T10009,2024-01-01,26397,28508,28508
T10009,2024-02-01,28476,30754,59262
T10009,2024-03-01,31146,33637,92899
T10009,2024-04-01,22528,24330,117229
T10009,2024-05-01,33588,36275,153504
T10009,2024-06-01,27447,29642,183146
T10009,2024-07-01,25066,27071,210217
T10009,2024-08-01,28996,31315,241532
T10009,2024-09-01,24212,26148,267680
T10009,2024-10-01,23016,24857,292537
T10009,2024-11-01,28008,30248,322785
T10009,2024-12-01,26044,38767,361552
T10009,2025-01-01,30011,32411,393963
T10009,2025-02-01,28243,30502,424465
T10009,2025-03-01,25330,27356,451821
T10009,2025-04-01,20806,22470,474291
T10009,2025-05-01,22523,24324,498615
T10009,2025-06-01,27059,29223,527838
T10010,2024-01-01,16606,146132,146132
T10010,2024-02-01,16597,146053,292185
T10010,2024-03-01,10835,128463,420648
T10010,2024-04-01,15156,133372,554020
T10010,2024-05-01,17948,157942,711962
T10010,2024-06-01,8298,73022,784984
T10010,2024-07-01,11827,104077,889061
T10010,2024-08-01,11551,101648,990709
T10010,2024-09-01,18906,166372,1157081
T10010,2024-10-01,19460,171248,1328329
T10010,2024-11-01,10298,137933,1466262
T10010,2024-12-01,16799,147831,1614093
T10010,2025-01-01,16015,140932,1755025
T10010,2025-02-01,13000,114400,1869425
T10010,2025-03-01,16668,202481,2071906
T10010,2025-04-01,15591,137200,2209106
T10010,2025-05-01,15833,139330,2348436
T10010,2025-06-01,16539,193875,2542311
T10011,2024-01-01,37128,234834,234834
T10011,2024-02-01,52360,331177,566011
T10011,2024-03-01,46536,294340,860351
T10011,2024-04-01,32773,207289,1067640
T10011,2024-05-01,58832,372112,1439752
T10011,2024-06-01,38073,240811,1680563
T10011,2024-07-01,32245,279343,1959906
T10011,2024-08-01,45402,287167,2247073
T10011,2024-09-01,37878,239578,2486651
T10011,2024-10-01,27764,175607,2662258
T10011,2024-11-01,53740,339905,3002163
T10011,2024-12-01,32315,204392,3206555
T10011,2025-01-01,44100,278932,3485487
T10011,2025-02-01,37976,240198,3725685
T10011,2025-03-01,33776,213633,3939318
T10011,2025-04-01,27945,176752,4116070
T10011,2025-05-01,36532,231064,4347134
T10011,2025-06-01,42304,267572,4614706
T10012,2024-01-01,15590,106495,106495
T10012,2024-02-01,19364,132275,238770
T10012,2024-03-01,13144,89786,328556
T10012,2024-04-01,16605,113428,441984
T10012,2024-05-01,12330,84226,526210
T10012,2024-06-01,15481,105750,631960
T10012,2024-07-01,12515,85489,717449
T10012,2024-08-01,15874,108435,825884
T10012,2024-09-01,11643,79533,905417
T10012,2024-10-01,14707,100463,1005880
T10012,2024-11-01,12954,88488,1094368
T10012,2024-12-01,16111,110054,1204422
T10012,2025-01-01,14914,101877,1306299
T10012,2025-02-01,13518,92341,1398640
T10012,2025-03-01,13522,92368,1491008
T10012,2025-04-01,9738,66520,1557528
T10012,2025-05-01,11058,75537,1633065
T10012,2025-06-01,7988,54566,1687631
T10013,2024-01-01,1981,12302,12302
T10013,2024-02-01,266,2143,14445
T10013,2024-03-01,54,335,14780
T10013,2024-04-01,1174,7290,22070
T10013,2024-05-01,389,2415,24485
T10013,2024-06-01,16899,104942,129427
T10013,2024-07-01,1812,11252,140679
T10013,2024-08-01,753,4676,145355
T10013,2024-09-01,42,260,145615
T10013,2024-10-01,696,4322,149937
T10013,2024-11-01,1171,7271,157208
T10013,2024-12-01,21,130,157338
T10013,2025-01-01,16899,104942,262280
T10013,2025-02-01,68,422,262702
T10013,2025-03-01,32,198,262900
T10013,2025-04-01,1220,7576,270476
T10013,2025-05-01,1021,6340,276816
T10013,2025-06-01,19,117,276933
T10014,2024-01-01,24337,175469,175469
T10014,2024-02-01,28265,203790,379259
T10014,2024-03-01,28081,202464,581723
T10014,2024-04-01,33691,242912,824635
T10014,2024-05-01,21166,152606,977241
T10014,2024-06-01,26905,193985,1171226
T10014,2024-07-01,32614,235146,1406372
T10014,2024-08-01,34287,247209,1653581
T10014,2024-09-01,23137,166817,1820398
T10014,2024-10-01,33642,242558,2062956
T10014,2024-11-01,42634,307391,2370347
T10014,2024-12-01,26315,189731,2560078
T10014,2025-01-01,42079,303389,2863467
T10014,2025-02-01,31433,226631,3090098
T10014,2025-03-01,31142,224533,3314631
T10014,2025-04-01,26832,193458,3508089
T10014,2025-05-01,17433,125691,3633780
T10014,2025-06-01,19816,142873,3776653
T10015,2024-01-01,36879,43683,43683
T10015,2024-02-01,31959,37855,81538
T10015,2024-03-01,41786,70209,151747
T10015,2024-04-01,42617,50479,202226
T10015,2024-05-01,42046,49803,252029
T10015,2024-06-01,41927,49662,301691
T10015,2024-07-01,33712,39931,341622
T10015,2024-08-01,54866,64988,406610
T10015,2024-09-01,23164,27437,434047
T10015,2024-10-01,37909,44903,478950
T10015,2024-11-01,39775,47113,526063
T10015,2024-12-01,35599,42167,568230
T10015,2025-01-01,45095,53415,621645
T10015,2025-02-01,54187,64184,685829
T10015,2025-03-01,40430,47889,733718
T10015,2025-04-01,33976,40244,773962
T10015,2025-05-01,46354,54906,828868
T10015,2025-06-01,50919,60313,889181
T10016,2024-01-01,22150,196138,196138
T10016,2024-02-01,13376,118444,314582
T10016,2024-03-01,20656,182908,497490
T10016,2024-04-01,27074,239740,737230
T10016,2024-05-01,19377,171583,908813
T10016,2024-06-01,21854,193517,1102330
T10016,2024-07-01,21350,189054,1291384
T10016,2024-08-01,19903,227638,1519022
T10016,2024-09-01,23449,207640,1726662
T10016,2024-10-01,21276,188398,1915060
T10016,2024-11-01,9555,84609,1999669
T10016,2024-12-01,13949,123518,2123187
T10016,2025-01-01,15991,193969,2317156
T10016,2025-02-01,28387,251366,2568522
T10016,2025-03-01,26108,231186,2799708
T10016,2025-04-01,19823,280443,3080151
T10016,2025-05-01,17521,155148,3235299
T10016,2025-06-01,19193,169954,3405253
T10017,2024-01-01,28386,33623,33623
T10017,2024-02-01,20759,24589,58212
T10017,2024-03-01,19033,22544,80756
T10017,2024-04-01,18510,21925,102681
T10017,2024-05-01,27271,45460,148141
T10017,2024-06-01,24158,28615,176756
T10017,2024-07-01,32353,38322,215078
T10017,2024-08-01,25045,29665,244743
T10017,2024-09-01,26107,30923,275666
T10017,2024-10-01,25277,29940,305606
T10017,2024-11-01,28465,33716,339322
T10017,2024-12-01,28631,33913,373235
T10017,2025-01-01,27292,32327,405562
T10017,2025-02-01,23247,27536,433098
T10017,2025-03-01,20854,24701,457799
T10017,2025-04-01,24000,28427,486226
T10017,2025-05-01,27003,31985,518211
T10017,2025-06-01,15855,18780,536991
T10018,2024-01-01,3703,18737,18737
T10018,2024-02-01,4372,22122,40859
T10018,2024-03-01,3348,23546,64405
T10018,2024-04-01,4333,21924,86329
T10018,2024-05-01,4128,20887,107216
T10018,2024-06-01,4142,20958,128174
T10018,2024-07-01,3110,15736,143910
T10018,2024-08-01,3046,15412,159322
T10018,2024-09-01,3544,17932,177254
T10018,2024-10-01,2767,14001,191255
T10018,2024-11-01,3952,19997,211252
T10018,2024-12-01,3578,18104,229356
T10018,2025-01-01,4429,22410,251766
T10018,2025-02-01,3889,19678,271444
T10018,2025-03-01,3628,18357,289801
T10018,2025-04-01,3528,17851,307652
T10018,2025-05-01,3830,19379,327031
T10018,2025-06-01,3291,16652,343683
T10019,2024-01-01,8884,39089,39089
T10019,2024-02-01,7346,32322,71411
T10019,2024-03-01,5437,23922,95333
T10019,2024-04-01,6904,30377,125710
T10019,2024-05-01,8305,36542,162252
T10019,2024-06-01,8869,58719,220971
T10019,2024-07-01,8890,39116,260087
T10019,2024-08-01,8048,35411,295498
T10019,2024-09-01,8182,36000,331498
T10019,2024-10-01,8970,39468,370966
T10019,2024-11-01,6910,30404,401370
T10019,2024-12-01,7399,32555,433925
T10019,2025-01-01,6793,29889,463814
T10019,2025-02-01,9671,59688,523502
T10019,2025-03-01,7025,30910,554412
T10019,2025-04-01,7137,31402,585814
T10019,2025-05-01,6096,26822,612636
T10019,2025-06-01,9073,39921,652557
T10020,2024-01-01,4418,10161,10161
T10020,2024-02-01,4300,9890,20051
T10020,2024-03-01,2545,5853,25904
T10020,2024-04-01,4381,10076,35980
T10020,2024-05-01,4067,9354,45334
T10020,2024-06-01,4514,10382,55716
T10020,2024-07-01,3928,9034,64750
T10020,2024-08-01,4371,10053,74803
T10020,2024-09-01,3254,7484,82287
T10020,2024-10-01,4169,9588,91875
T10020,2024-11-01,3692,8491,100366
T10020,2024-12-01,4046,13590,113956
T10020,2025-01-01,4278,9839,123795
T10020,2025-02-01,3111,7155,130950
T10020,2025-03-01,4658,10713,141663
T10020,2025-04-01,5042,11596,153259
T10020,2025-05-01,5454,12544,165803
T10020,2025-06-01,4657,10711,176514
T10021,2024-01-01,6568,7802,7802
T10021,2024-02-01,4911,7731,15533
T10021,2024-03-01,4010,4763,20296
T10021,2024-04-01,4168,4951,25247
T10021,2024-05-01,5538,6579,31826
T10021,2024-06-01,4524,5374,37200
T10021,2024-07-01,8550,10157,47357
T10021,2024-08-01,4695,5577,52934
T10021,2024-09-01,2691,3196,56130
T10021,2024-10-01,3063,3638,59768
T10021,2024-11-01,5107,6067,65835
T10021,2024-12-01,5874,9702,75537
T10021,2025-01-01,4614,5481,81018
T10021,2025-02-01,4639,5511,86529
T10021,2025-03-01,5229,6212,92741
T10021,2025-04-01,5173,6145,98886
T10021,2025-05-01,6587,7825,106711
T10021,2025-06-01,6709,7970,114681
T10022,2024-01-01,44179,100109,100109
T10022,2024-02-01,1907,4321,104430
T10022,2024-03-01,1475,3342,107772
T10022,2024-04-01,4144,9390,117162
T10022,2024-05-01,1033,2340,119502
T10022,2024-06-01,256,580,120082
T10022,2024-07-01,21,69,120151
T10022,2024-08-01,3573,8096,128247
T10022,2024-09-01,1459,3306,131553
T10022,2024-10-01,804,1821,133374
T10022,2024-11-01,45669,103485,236859
T10022,2024-12-01,3034,6875,243734
T10022,2025-01-01,2735,6197,249931
T10022,2025-02-01,2227,5046,254977
T10022,2025-03-01,1164,2637,257614
T10022,2025-04-01,3968,8991,266605
T10022,2025-05-01,174,394,266999
T10022,2025-06-01,587,1330,268329
T10023,2024-01-01,49046,264848,264848
T10023,2024-02-01,45504,245721,510569
T10023,2024-03-01,47379,255846,766415
T10023,2024-04-01,36278,195901,962316
T10023,2024-05-01,48937,264259,1226575
T10023,2024-06-01,44855,242217,1468792
T10023,2024-07-01,41530,353785,1822577
T10023,2024-08-01,45051,243275,2065852
T10023,2024-09-01,39494,213267,2279119
T10023,2024-10-01,40426,218300,2497419
T10023,2024-11-01,39737,214579,2711998
T10023,2024-12-01,45237,244279,2956277
T10023,2025-01-01,51861,280049,3236326
T10023,2025-02-01,48685,262899,3499225
T10023,2025-03-01,42177,227755,3726980
T10023,2025-04-01,43714,236055,3963035
T10023,2025-05-01,51711,279239,4242274
T10023,2025-06-01,41107,221977,4464251
T10024,2024-01-01,50694,69258,69258
T10024,2024-02-01,54245,74109,143367
T10024,2024-03-01,52398,93429,236796
T10024,2024-04-01,55265,75503,312299
T10024,2024-05-01,45679,62406,374705
T10024,2024-06-01,38977,53250,427955
T10024,2024-07-01,47412,64774,492729
T10024,2024-08-01,46246,63181,555910
T10024,2024-09-01,38270,52284,608194
T10024,2024-10-01,50785,69382,677576
T10024,2024-11-01,57999,79238,756814
T10024,2024-12-01,41599,56832,813646
T10024,2025-01-01,44300,60522,874168
T10024,2025-02-01,34600,47270,921438
T10024,2025-03-01,46268,63211,984649
T10024,2025-04-01,34469,47091,1031740
T10024,2025-05-01,43156,58959,1090699
T10024,2025-06-01,19370,26463,1117162
T10025,2024-01-01,3831,4214,4214
T10025,2024-02-01,4350,4785,8999
T10025,2024-03-01,4579,5036,14035
T10025,2024-04-01,4111,4522,18557
T10025,2024-05-01,5839,6422,24979
T10025,2024-06-01,5501,6051,31030
T10025,2024-07-01,4423,4865,35895
T10025,2024-08-01,5106,5616,41511
T10025,2024-09-01,4712,5183,46694
T10025,2024-10-01,3344,3678,50372
T10025,2024-11-01,2967,3263,53635
T10025,2024-12-01,4341,4775,58410
T10025,2025-01-01,4224,4646,63056
T10025,2025-02-01,4045,4449,67505
T10025,2025-03-01,4793,5272,72777
T10025,2025-04-01,4961,5457,78234
T10025,2025-05-01,3276,3603,81837
T10025,2025-06-01,3869,4255,86092
T10026,2024-01-01,210,1617,1617
T10026,2024-02-01,192,1478,3095
T10026,2024-03-01,313,2410,5505
T10026,2024-04-01,146,1124,6629
T10026,2024-05-01,148,1139,7768
T10026,2024-06-01,580,4466,12234
T10026,2024-07-01,5190,39963,52197
T10026,2024-08-01,314,2417,54614
T10026,2024-09-01,478,3680,58294
T10026,2024-10-01,611,4704,62998
T10026,2024-11-01,167,1285,64283
T10026,2024-12-01,109,839,65122
T10026,2025-01-01,4712,36282,101404
T10026,2025-02-01,84,646,102050
T10026,2025-03-01,341,2625,104675
T10026,2025-04-01,4799,36952,141627
T10026,2025-05-01,300,2310,143937
T10026,2025-06-01,1,7,143944
T10027,2024-01-01,16176,44199,44199
T10027,2024-02-01,14809,40464,84663
T10027,2024-03-01,14901,40715,125378
T10027,2024-04-01,17813,48672,174050
T10027,2024-05-01,11428,31225,205275
T10027,2024-06-01,13229,36146,241421
T10027,2024-07-01,16108,44013,285434
T10027,2024-08-01,12302,33613,319047
T10027,2024-09-01,18695,51082,370129
T10027,2024-10-01,18951,51781,421910
T10027,2024-11-01,14632,39980,461890
T10027,2024-12-01,14537,39720,501610
T10027,2025-01-01,13370,36532,538142
T10027,2025-02-01,10357,28299,566441
T10027,2025-03-01,20619,56339,622780
T10027,2025-04-01,18451,50415,673195
T10027,2025-05-01,8802,24050,697245
T10027,2025-06-01,21990,60085,757330
T10028,2024-01-01,29750,238000,238000
T10028,2024-02-01,30466,243728,481728
T10028,2024-03-01,34070,272560,754288
T10028,2024-04-01,21312,170496,924784
T10028,2024-05-01,26584,212672,1137456
T10028,2024-06-01,29267,234136,1371592
T10028,2024-07-01,28056,224448,1596040
T10028,2024-08-01,35630,285040,1881080
T10028,2024-09-01,27755,222040,2103120
T10028,2024-10-01,19806,158448,2261568
T10028,2024-11-01,41444,331552,2593120
T10028,2024-12-01,38372,306976,2900096
T10028,2025-01-01,30157,241256,3141352
T10028,2025-02-01,25343,202744,3344096
T10028,2025-03-01,29694,237552,3581648
T10028,2025-04-01,20561,164488,3746136
T10028,2025-05-01,25200,267534,4013670
T10028,2025-06-01,26182,209456,4223126
T10029,2024-01-01,24323,145938,145938
T10029,2024-02-01,18611,111666,257604
T10029,2024-03-01,16100,96600,354204
T10029,2024-04-01,13384,80304,434508
T10029,2024-05-01,13810,82860,517368
T10029,2024-06-01,25431,152586,669954
T10029,2024-07-01,18652,111912,781866
T10029,2024-08-01,10358,62148,844014
T10029,2024-09-01,16361,98166,942180
T10029,2024-10-01,17290,103740,1045920
T10029,2024-11-01,19871,119226,1165146
T10029,2024-12-01,18221,109326,1274472
T10029,2025-01-01,19760,118560,1393032
T10029,2025-02-01,13333,127711,1520743
T10029,2025-03-01,22583,135498,1656241
T10029,2025-04-01,18050,108300,1764541
T10029,2025-05-01,17717,106302,1870843
T10029,2025-06-01,16159,96954,1967797
T10030,2024-01-01,24371,80424,80424
T10030,2024-02-01,25737,84932,165356
T10030,2024-03-01,27532,90855,256211
T10030,2024-04-01,21713,108750,364961
T10030,2024-05-01,29287,96647,461608
T10030,2024-06-01,22250,73425,535033
T10030,2024-07-01,28087,92687,627720
T10030,2024-08-01,20550,67815,695535
T10030,2024-09-01,21700,71610,767145
T10030,2024-10-01,26762,88314,855459
T10030,2024-11-01,29056,95884,951343
T10030,2024-12-01,23181,76497,1027840
T10030,2025-01-01,32980,108834,1136674
T10030,2025-02-01,19115,63079,1199753
T10030,2025-03-01,31873,150459,1350212
T10030,2025-04-01,20765,68524,1418736
T10030,2025-05-01,30269,99887,1518623
T10030,2025-06-01,29844,123125,1641748
T10031,2024-01-01,9485,10433,10433
T10031,2024-02-01,9440,10384,20817
T10031,2024-03-01,9010,9911,30728
T10031,2024-04-01,10826,11908,42636
T10031,2024-05-01,10194,11213,53849
T10031,2024-06-01,10026,11028,64877
T10031,2024-07-01,6503,7153,72030
T10031,2024-08-01,10015,11016,83046
T10031,2024-09-01,11227,12349,95395
T10031,2024-10-01,9557,10512,105907
T10031,2024-11-01,12233,13456,119363
T10031,2024-12-01,11244,12368,131731
T10031,2025-01-01,8446,9290,141021
T10031,2025-02-01,10131,11144,152165
T10031,2025-03-01,11072,12179,164344
T10031,2025-04-01,9561,10517,174861
T10031,2025-05-01,8967,9863,184724
T10031,2025-06-01,7325,8057,192781
T10032,2024-01-01,37204,88396,88396
T10032,2024-02-01,34426,81796,170192
T10032,2024-03-01,38526,91537,261729
T10032,2024-04-01,49396,117364,379093
T10032,2024-05-01,53182,126360,505453
T10032,2024-06-01,41351,98249,603702
T10032,2024-07-01,53051,126049,729751
T10032,2024-08-01,44842,106544,836295
T10032,2024-09-01,38555,91606,927901
T10032,2024-10-01,32884,78132,1006033
T10032,2024-11-01,24814,58958,1064991
T10032,2024-12-01,46476,110426,1175417
T10032,2025-01-01,55701,132345,1307762
T10032,2025-02-01,32865,78087,1385849
T10032,2025-03-01,38316,91038,1476887
T10032,2025-04-01,43807,104085,1580972
T10032,2025-05-01,22632,71424,1652396
T10032,2025-06-01,40003,95047,1747443
T10033,2024-01-01,1408,4561,4561
T10033,2024-02-01,22923,112671,117232
T10033,2024-03-01,18157,58828,176060
T10033,2024-04-01,750,2430,178490
T10033,2024-05-01,119,385,178875
T10033,2024-06-01,632,2047,180922
T10033,2024-07-01,427,1383,182305
T10033,2024-08-01,1784,5780,188085
T10033,2024-09-01,1370,4438,192523
T10033,2024-10-01,90,291,192814
T10033,2024-11-01,1070,3466,196280
T10033,2024-12-01,1251,4053,200333
T10033,2025-01-01,1413,4578,204911
T10033,2025-02-01,76,246,205157
T10033,2025-03-01,810,2624,207781
T10033,2025-04-01,1705,5524,213305
T10033,2025-05-01,1017,3295,216600
T10033,2025-06-01,35,113,216713
T10034,2024-01-01,4173,16692,16692
T10034,2024-02-01,5225,20900,37592
T10034,2024-03-01,6950,27800,65392
T10034,2024-04-01,5149,20596,85988
T10034,2024-05-01,6827,38387,124375
T10034,2024-06-01,5103,20412,144787
T10034,2024-07-01,4799,19196,163983
T10034,2024-08-01,5431,21724,185707
T10034,2024-09-01,5460,21840,207547
T10034,2024-10-01,7499,29996,237543
T10034,2024-11-01,4301,17204,254747
T10034,2024-12-01,4894,19576,274323
T10034,2025-01-01,4820,19280,293603
T10034,2025-02-01,5378,21512,315115
T10034,2025-03-01,4461,17844,332959
T10034,2025-04-01,5461,30300,363259
T10034,2025-05-01,4475,17900,381159
T10034,2025-06-01,5140,20560,401719
T10035,2024-01-01,50520,54561,54561
T10035,2024-02-01,28238,30497,85058
T10035,2024-03-01,40929,44203,129261
T10035,2024-04-01,42748,46167,175428
T10035,2024-05-01,56883,61433,236861
T10035,2024-06-01,41505,44825,281686
T10035,2024-07-01,33487,36165,317851
T10035,2024-08-01,49208,53144,370995
T10035,2024-09-01,35473,38310,409305
T10035,2024-10-01,37344,40331,449636
T10035,2024-11-01,35249,38068,487704
T10035,2024-12-01,35794,52100,539804
T10035,2025-01-01,37329,40315,580119
T10035,2025-02-01,31375,42655,622774
T10035,2025-03-01,38634,41724,664498
T10035,2025-04-01,36918,39871,704369
T10035,2025-05-01,40726,43984,748353
T10035,2025-06-01,38454,41530,789883
T10036,2024-01-01,51699,245673,245673
T10036,2024-02-01,38740,294177,539850
T10036,2024-03-01,31320,148832,688682
T10036,2024-04-01,54345,258247,946929
T10036,2024-05-01,36761,235230,1182159
T10036,2024-06-01,49348,234501,1416660
T10036,2024-07-01,49291,234230,1650890
T10036,2024-08-01,46177,219433,1870323
T10036,2024-09-01,49827,236777,2107100
T10036,2024-10-01,45852,217888,2324988
T10036,2024-11-01,63293,300768,2625756
T10036,2024-12-01,54013,256669,2882425
T10036,2025-01-01,42218,200619,3083044
T10036,2025-02-01,42434,201646,3284690
T10036,2025-03-01,47902,227630,3512320
T10036,2025-04-01,42592,202397,3714717
T10036,2025-05-01,39434,273448,3988165
T10036,2025-06-01,42329,201147,4189312
T10037,2024-01-01,2688,3045,3045
T10037,2024-02-01,1915,2169,5214
T10037,2024-03-01,2518,2852,8066
T10037,2024-04-01,2057,2330,10396
T10037,2024-05-01,2932,3321,13717
T10037,2024-06-01,2909,3295,17012
T10037,2024-07-01,2060,2333,19345
T10037,2024-08-01,1915,2169,21514
T10037,2024-09-01,2519,2854,24368
T10037,2024-10-01,2593,4343,28711
T10037,2024-11-01,2476,4438,33149
T10037,2024-12-01,2383,2699,35848
T10037,2025-01-01,3236,3666,39514
T10037,2025-02-01,1977,2239,41753
T10037,2025-03-01,2449,2774,44527
T10037,2025-04-01,2382,2698,47225
T10037,2025-05-01,2145,2430,49655
T10037,2025-06-01,2634,2984,52639
T10038,2024-01-01,20902,94727,94727
T10038,2024-02-01,25275,114546,209273
T10038,2024-03-01,26787,121398,330671
T10038,2024-04-01,19220,87105,417776
T10038,2024-05-01,22370,101380,519156
T10038,2024-06-01,23151,104920,624076
T10038,2024-07-01,19517,88451,712527
T10038,2024-08-01,29083,131804,844331
T10038,2024-09-01,23908,108351,952682
T10038,2024-10-01,17497,79296,1031978
T10038,2024-11-01,18492,83805,1115783
T10038,2024-12-01,19072,86434,1202217
T10038,2025-01-01,19468,88228,1290445
T10038,2025-02-01,24789,169072,1459517
T10038,2025-03-01,28240,127983,1587500
T10038,2025-04-01,22425,101630,1689130
T10038,2025-05-01,27009,122404,1811534
T10038,2025-06-01,23783,107784,1919318
T10039,2024-01-01,23825,23825,23825
T10039,2024-02-01,53093,53093,76918
T10039,2024-03-01,47563,47563,124481
T10039,2024-04-01,27805,27805,152286
T10039,2024-05-01,43883,43883,196169
T10039,2024-06-01,42597,42597,238766
T10039,2024-07-01,55785,55785,294551
T10039,2024-08-01,50905,50905,345456
T10039,2024-09-01,43722,43722,389178
T10039,2024-10-01,46874,46874,436052
T10039,2024-11-01,29799,29799,465851
T10039,2024-12-01,61073,61073,526924
T10039,2025-01-01,48600,48600,575524
T10039,2025-02-01,37842,48048,623572
T10039,2025-03-01,20936,20936,644508
T10039,2025-04-01,37948,37948,682456
T10039,2025-05-01,51323,51323,733779
T10039,2025-06-01,43739,43739,777518
T10040,2024-01-01,38993,304835,304835
T10040,2024-02-01,33939,265324,570159
T10040,2024-03-01,34054,266223,836382
T10040,2024-04-01,43144,337286,1173668
T10040,2024-05-01,39126,305875,1479543
T10040,2024-06-01,36888,288379,1767922
T10040,2024-07-01,25793,201641,1969563
T10040,2024-08-01,41579,325052,2294615
T10040,2024-09-01,41174,321885,2616500
T10040,2024-10-01,54279,424336,3040836
T10040,2024-11-01,34581,270343,3311179
T10040,2024-12-01,34660,270961,3582140
T10040,2025-01-01,40626,317601,3899741
T10040,2025-02-01,35556,277966,4177707
T10040,2025-03-01,21708,169706,4347413
T10040,2025-04-01,43588,340757,4688170
T10040,2025-05-01,29366,229574,4917744
T10040,2025-06-01,52111,407388,5325132
T10041,2024-01-01,40059,40059,40059
T10041,2024-02-01,59948,59948,100007
T10041,2024-03-01,42176,66009,166016
T10041,2024-04-01,46976,46976,212992
T10041,2024-05-01,42393,42393,255385
T10041,2024-06-01,31183,31183,286568
T10041,2024-07-01,38305,38305,324873
T10041,2024-08-01,51772,51772,376645
T10041,2024-09-01,48538,48538,425183
T10041,2024-10-01,36186,36186,461369
T10041,2024-11-01,52411,52411,513780
T10041,2024-12-01,39608,39608,553388
T10041,2025-01-01,37658,37658,591046
T10041,2025-02-01,36353,36353,627399
T10041,2025-03-01,40317,40317,667716
T10041,2025-04-01,36081,36081,703797
T10041,2025-05-01,31892,31892,735689
T10041,2025-06-01,37290,37290,772979
T10042,2024-01-01,12630,12630,12630
T10042,2024-02-01,20636,20636,33266
T10042,2024-03-01,27563,27563,60829
T10042,2024-04-01,19478,19478,80307
T10042,2024-05-01,15779,15779,96086
T10042,2024-06-01,22135,22135,118221
T10042,2024-07-01,17888,17888,136109
T10042,2024-08-01,26661,26661,162770
T10042,2024-09-01,17933,17933,180703
T10042,2024-10-01,31921,47532,228235
T10042,2024-11-01,24939,24939,253174
T10042,2024-12-01,29285,29285,282459
T10042,2025-01-01,22085,22085,304544
T10042,2025-02-01,14527,19342,323886
T10042,2025-03-01,21130,21130,345016
T10042,2025-04-01,18706,18706,363722
T10042,2025-05-01,24324,24324,388046
T10042,2025-06-01,20040,20040,408086
T10043,2024-01-01,16447,20805,20805
T10043,2024-02-01,12469,15773,36578
T10043,2024-03-01,18667,23613,60191
T10043,2024-04-01,20428,25841,86032
T10043,2024-05-01,24169,30573,116605
T10043,2024-06-01,24534,31035,147640
T10043,2024-07-01,19651,24858,172498
T10043,2024-08-01,22369,28296,200794
T10043,2024-09-01,27481,34763,235557
T10043,2024-10-01,17719,22414,257971
T10043,2024-11-01,25454,32199,290170
T10043,2024-12-01,28882,36535,326705
T10043,2025-01-01,20928,26473,353178
T10043,2025-02-01,17530,32802,385980
T10043,2025-03-01,20096,25421,411401
T10043,2025-04-01,24740,31296,442697
T10043,2025-05-01,18897,23904,466601
T10043,2025-06-01,21582,42116,508717
T10044,2024-01-01,49343,404474,404474
T10044,2024-02-01,42525,348585,753059
T10044,2024-03-01,43371,355520,1108579
T10044,2024-04-01,36884,302345,1410924
T10044,2024-05-01,30314,248489,1659413
T10044,2024-06-01,39918,327215,1986628
T10044,2024-07-01,38580,316247,2302875
T10044,2024-08-01,35648,380009,2682884
T10044,2024-09-01,24718,202618,2885502
T10044,2024-10-01,35242,288885,3174387
T10044,2024-11-01,38459,315256,3489643
T10044,2024-12-01,41374,339150,3828793
T10044,2025-01-01,38265,313665,4142458
T10044,2025-02-01,46827,383850,4526308
T10044,2025-03-01,37245,305304,4831612
T10044,2025-04-01,38979,319518,5151130
T10044,2025-05-01,45475,372767,5523897
T10044,2025-06-01,38409,314846,5838743
T10045,2024-01-01,11163,12279,12279
T10045,2024-02-01,7469,8215,20494
T10045,2024-03-01,9647,10611,31105
T10045,2024-04-01,9226,10148,41253
T10045,2024-05-01,10112,11123,52376
T10045,2024-06-01,9859,10844,63220
T10045,2024-07-01,7744,8518,71738
T10045,2024-08-01,5959,6554,78292
T10045,2024-09-01,11400,12540,90832
T10045,2024-10-01,11020,12122,102954
T10045,2024-11-01,8769,13996,116950
T10045,2024-12-01,10438,11481,128431
T10045,2025-01-01,6052,6657,135088
T10045,2025-02-01,10613,11674,146762
T10045,2025-03-01,7970,8767,155529
T10045,2025-04-01,9437,10380,165909
T10045,2025-05-01,11305,12435,178344
T10045,2025-06-01,9021,9923,188267
T10046,2024-01-01,13105,33155,33155
T10046,2024-02-01,15954,40363,73518
T10046,2024-03-01,16115,56574,130092
T10046,2024-04-01,11843,29962,160054
T10046,2024-05-01,10928,27647,187701
T10046,2024-06-01,12865,32548,220249
T10046,2024-07-01,13931,35245,255494
T10046,2024-08-01,8715,22048,277542
T10046,2024-09-01,13188,33365,310907
T10046,2024-10-01,14282,36133,347040
T10046,2024-11-01,10835,27412,374452
T10046,2024-12-01,9833,24877,399329
T10046,2025-01-01,12285,31081,430410
T10046,2025-02-01,14984,37909,468319
T10046,2025-03-01,12131,30691,499010
T10046,2025-04-01,14108,35693,534703
T10046,2025-05-01,9012,22800,557503
T10046,2025-06-01,12709,32153,589656
T10047,2024-01-01,22496,122936,122936
T10047,2024-02-01,20998,152484,275420
T10047,2024-03-01,23634,201317,476737
T10047,2024-04-01,38440,210066,686803
T10047,2024-05-01,31511,172201,859004
T10047,2024-06-01,35445,193699,1052703
T10047,2024-07-01,44939,245582,1298285
T10047,2024-08-01,32919,179895,1478180
T10047,2024-09-01,30080,164381,1642561
T10047,2024-10-01,37970,207498,1850059
T10047,2024-11-01,31080,169845,2019904
T10047,2024-12-01,36451,199197,2219101
T10047,2025-01-01,37836,206766,2425867
T10047,2025-02-01,27471,150123,2575990
T10047,2025-03-01,29769,162681,2738671
T10047,2025-04-01,31919,174430,2913101
T10047,2025-05-01,28151,153839,3066940
T10047,2025-06-01,25486,139275,3206215
T10048,2024-01-01,42488,212440,212440
T10048,2024-02-01,46428,232140,444580
T10048,2024-03-01,40209,201045,645625
T10048,2024-04-01,31101,241908,887533
T10048,2024-05-01,36369,262863,1150396
T10048,2024-06-01,40573,202865,1353261
T10048,2024-07-01,36002,180010,1533271
T10048,2024-08-01,38221,191105,1724376
T10048,2024-09-01,39412,197060,1921436
T10048,2024-10-01,22836,114180,2035616
T10048,2024-11-01,38683,193415,2229031
T10048,2024-12-01,32480,162400,2391431
T10048,2025-01-01,50087,382020,2773451
T10048,2025-02-01,27793,138965,2912416
T10048,2025-03-01,37039,185195,3097611
T10048,2025-04-01,43046,215230,3312841
T10048,2025-05-01,30448,152240,3465081
T10048,2025-06-01,33311,166555,3631636
T10049,2024-01-01,8925,49087,49087
T10049,2024-02-01,6681,36745,85832
T10049,2024-03-01,8218,45199,131031
T10049,2024-04-01,8750,48125,179156
T10049,2024-05-01,6302,50865,230021
T10049,2024-06-01,7823,43026,273047
T10049,2024-07-01,6599,36294,309341
T10049,2024-08-01,6734,48394,357735
T10049,2024-09-01,8495,46722,404457
T10049,2024-10-01,5383,46762,451219
T10049,2024-11-01,7462,41041,492260
T10049,2024-12-01,10030,55165,547425
T10049,2025-01-01,6222,34221,581646
T10049,2025-02-01,6114,33627,615273
T10049,2025-03-01,8193,45061,660334
T10049,2025-04-01,7551,41530,701864
T10049,2025-05-01,8228,45254,747118
T10049,2025-06-01,6048,33264,780382
T10050,2024-01-01,29946,230584,230584
T10050,2024-02-01,25501,196357,426941
T10050,2024-03-01,27383,210849,637790
T10050,2024-04-01,25945,199776,837566
T10050,2024-05-01,22032,169646,1007212
T10050,2024-06-01,22534,173511,1180723
T10050,2024-07-01,20296,156279,1337002
T10050,2024-08-01,26539,204350,1541352
T10050,2024-09-01,23034,236886,1778238
T10050,2024-10-01,22201,170947,1949185
T10050,2024-11-01,22308,171771,2120956
T10050,2024-12-01,30454,234495,2355451
T10050,2025-01-01,26224,201924,2557375
T10050,2025-02-01,26902,207145,2764520
T10050,2025-03-01,22373,172272,2936792
T10050,2025-04-01,29660,228382,3165174
T10050,2025-05-01,30856,237591,3402765
T10050,2025-06-01,30052,231400,3634165
T10051,2024-01-01,22852,91408,91408
T10051,2024-02-01,17883,71532,162940
T10051,2024-03-01,19373,77492,240432
T10051,2024-04-01,17618,70472,310904
T10051,2024-05-01,11537,46148,357052
T10051,2024-06-01,24779,132265,489317
T10051,2024-07-01,21621,86484,575801
T10051,2024-08-01,17064,68256,644057
T10051,2024-09-01,22086,88344,732401
T10051,2024-10-01,18221,72884,805285
T10051,2024-11-01,23397,93588,898873
T10051,2024-12-01,9784,39136,938009
T10051,2025-01-01,17909,71636,1009645
T10051,2025-02-01,23700,94800,1104445
T10051,2025-03-01,18844,75376,1179821
T10051,2025-04-01,20771,83084,1262905
T10051,2025-05-01,15239,60956,1323861
T10051,2025-06-01,18163,72652,1396513
T10052,2024-01-01,21167,127002,127002
T10052,2024-02-01,26447,158682,285684
T10052,2024-03-01,19996,119976,405660
T10052,2024-04-01,22482,134892,540552
T10052,2024-05-01,32494,194964,735516
T10052,2024-06-01,25765,154590,890106
T10052,2024-07-01,25773,154638,1044744
T10052,2024-08-01,27400,164400,1209144
T10052,2024-09-01,22258,133548,1342692
T10052,2024-10-01,36645,219870,1562562
T10052,2024-11-01,25004,150024,1712586
T10052,2024-12-01,23831,142986,1855572
T10052,2025-01-01,26952,161712,2017284
T10052,2025-02-01,33508,201048,2218332
T10052,2025-03-01,23652,141912,2360244
T10052,2025-04-01,36791,220746,2580990
T10052,2025-05-01,38223,229338,2810328
T10052,2025-06-01,18696,112176,2922504
T10053,2024-01-01,30940,34034,34034
T10053,2024-02-01,45654,50219,84253
T10053,2024-03-01,44938,49431,133684
T10053,2024-04-01,56518,62169,195853
T10053,2024-05-01,57122,62834,258687
T10053,2024-06-01,43400,47740,306427
T10053,2024-07-01,60957,85776,392203
T10053,2024-08-01,48104,52914,445117
T10053,2024-09-01,40725,44797,489914
T10053,2024-10-01,52929,58221,548135
T10053,2024-11-01,57419,63160,611295
T10053,2024-12-01,47161,51877,663172
T10053,2025-01-01,58871,64758,727930
T10053,2025-02-01,43737,48110,776040
T10053,2025-03-01,52182,57400,833440
T10053,2025-04-01,60286,66314,899754
T10053,2025-05-01,40185,44203,943957
T10053,2025-06-01,38156,41971,985928
T10054,2024-01-01,4719,32561,32561
T10054,2024-02-01,7850,54164,86725
T10054,2024-03-01,5533,38177,124902
T10054,2024-04-01,5616,38750,163652
T10054,2024-05-01,4552,31408,195060
T10054,2024-06-01,3850,26564,221624
T10054,2024-07-01,4540,45718,267342
T10054,2024-08-01,6381,44028,311370
T10054,2024-09-01,5590,60579,371949
T10054,2024-10-01,4246,29297,401246
T10054,2024-11-01,6305,43504,444750
T10054,2024-12-01,6274,43290,488040
T10054,2025-01-01,5615,38743,526783
T10054,2025-02-01,7314,50466,577249
T10054,2025-03-01,4864,33561,610810
T10054,2025-04-01,5300,36570,647380
T10054,2025-05-01,5496,37922,685302
T10054,2025-06-01,5596,58089,743391
T10055,2024-01-01,52354,195071,195071
T10055,2024-02-01,43805,235636,430707
T10055,2024-03-01,52768,196613,627320
T10055,2024-04-01,54673,203711,831031
T10055,2024-05-01,49397,184053,1015084
T10055,2024-06-01,53092,197820,1212904
T10055,2024-07-01,50244,241185,1454089
T10055,2024-08-01,61121,227736,1681825
T10055,2024-09-01,67451,251322,1933147
T10055,2024-10-01,42680,214398,2147545
T10055,2024-11-01,53116,197910,2345455
T10055,2024-12-01,65700,244798,2590253
T10055,2025-01-01,41635,155132,2745385
T10055,2025-02-01,44329,165169,2910554
T10055,2025-03-01,47419,231011,3141565
T10055,2025-04-01,54678,203730,3345295
T10055,2025-05-01,44001,163947,3509242
T10055,2025-06-01,44227,164789,3674031
T10056,2024-01-01,2235,11510,11510
T10056,2024-02-01,26667,137335,148845
T10056,2024-03-01,2093,10778,159623
T10056,2024-04-01,204,1050,160673
T10056,2024-05-01,632,3254,163927
T10056,2024-06-01,1768,9105,173032
T10056,2024-07-01,2271,11695,184727
T10056,2024-08-01,1864,12924,197651
T10056,2024-09-01,1325,6823,204474
T10056,2024-10-01,1994,10269,214743
T10056,2024-11-01,27615,142217,356960
T10056,2024-12-01,1473,7585,364545
T10056,2025-01-01,66,339,364884
T10056,2025-02-01,32907,169471,534355
T10056,2025-03-01,1955,10068,544423
T10056,2025-04-01,1062,5469,549892
T10056,2025-05-01,719,3702,553594
T10056,2025-06-01,17478,90011,643605
T10057,2024-01-01,44187,418716,418716
T10057,2024-02-01,32833,311125,729841
T10057,2024-03-01,31320,296788,1026629
T10057,2024-04-01,35543,336805,1363434
T10057,2024-05-01,38711,366825,1730259
T10057,2024-06-01,46573,441325,2171584
T10057,2024-07-01,36338,344338,2515922
T10057,2024-08-01,55475,525681,3041603
T10057,2024-09-01,36180,342841,3384444
T10057,2024-10-01,35075,332370,3716814
T10057,2024-11-01,46066,436521,4153335
T10057,2024-12-01,36135,342415,4495750
T10057,2025-01-01,40931,387862,4883612
T10057,2025-02-01,34893,330646,5214258
T10057,2025-03-01,38557,365366,5579624
T10057,2025-04-01,52592,498361,6077985
T10057,2025-05-01,45833,434313,6512298
T10057,2025-06-01,42385,401640,6913938
T10058,2024-01-01,20409,145475,145475
T10058,2024-02-01,24767,176539,322014
T10058,2024-03-01,26523,189055,511069
T10058,2024-04-01,25052,178570,689639
T10058,2024-05-01,21314,151926,841565
T10058,2024-06-01,25291,180274,1021839
T10058,2024-07-01,24518,174764,1196603
T10058,2024-08-01,21138,150671,1347274
T10058,2024-09-01,14653,104446,1451720
T10058,2024-10-01,21058,203361,1655081
T10058,2024-11-01,15681,111774,1766855
T10058,2024-12-01,34465,245666,2012521
T10058,2025-01-01,21254,151498,2164019
T10058,2025-02-01,24335,270156,2434175
T10058,2025-03-01,25478,181607,2615782
T10058,2025-04-01,11386,81159,2696941
T10058,2025-05-01,25633,182712,2879653
T10058,2025-06-01,21958,156516,3036169
T10059,2024-01-01,13906,71615,71615
T10059,2024-02-01,17017,87637,159252
T10059,2024-03-01,17606,90670,249922
T10059,2024-04-01,12079,62206,312128
T10059,2024-05-01,16671,137093,449221
T10059,2024-06-01,13795,71044,520265
T10059,2024-07-01,21846,112506,632771
T10059,2024-08-01,16475,84846,717617
T10059,2024-09-01,15191,78233,795850
T10059,2024-10-01,13469,69365,865215
T10059,2024-11-01,13549,69777,934992
T10059,2024-12-01,13979,71991,1006983
T10059,2025-01-01,15210,78331,1085314
T10059,2025-02-01,14553,74947,1160261
T10059,2025-03-01,12946,66671,1226932
T10059,2025-04-01,15594,80309,1307241
T10059,2025-05-01,16574,85356,1392597
T10059,2025-06-01,17084,87982,1480579
T10060,2024-01-01,3363,21909,21909
T10060,2024-02-01,3064,19961,41870
T10060,2024-03-01,3994,26019,67889
T10060,2024-04-01,44462,289658,357547
T10060,2024-05-01,682,4443,361990
T10060,2024-06-01,36922,240537,602527
T10060,2024-07-01,427,2781,605308
T10060,2024-08-01,75,488,605796
T10060,2024-09-01,1198,7804,613600
T10060,2024-10-01,32305,210458,824058
T10060,2024-11-01,1366,8899,832957
T10060,2024-12-01,48454,315665,1148622
T10060,2025-01-01,821,5348,1153970
T10060,2025-02-01,2221,14469,1168439
T10060,2025-03-01,3447,22456,1190895
T10060,2025-04-01,1426,9290,1200185
T10060,2025-05-01,980,6384,1206569
T10060,2025-06-01,284,1850,1208419
T10061,2024-01-01,33373,41449,41449
T10061,2024-02-01,38897,48310,89759
T10061,2024-03-01,45257,56209,145968
T10061,2024-04-01,38332,47608,193576
T10061,2024-05-01,26146,51930,245506
T10061,2024-06-01,34096,42347,287853
T10061,2024-07-01,37707,46832,334685
T10061,2024-08-01,39029,48474,383159
T10061,2024-09-01,41666,51749,434908
T10061,2024-10-01,44755,55585,490493
T10061,2024-11-01,25225,31329,521822
T10061,2024-12-01,33729,41891,563713
T10061,2025-01-01,37863,47025,610738
T10061,2025-02-01,32798,40735,651473
T10061,2025-03-01,36015,44730,696203
T10061,2025-04-01,37444,46505,742708
T10061,2025-05-01,44989,55876,798584
T10061,2025-06-01,38474,47784,846368
T10062,2024-01-01,12391,25525,25525
T10062,2024-02-01,10068,20740,46265
T10062,2024-03-01,9265,19085,65350
T10062,2024-04-01,9743,20070,85420
T10062,2024-05-01,8365,17231,102651
T10062,2024-06-01,9743,20070,122721
T10062,2024-07-01,9950,20497,143218
T10062,2024-08-01,9193,18937,162155
T10062,2024-09-01,7684,15829,177984
T10062,2024-10-01,8917,18369,196353
T10062,2024-11-01,9630,19837,216190
T10062,2024-12-01,8533,17577,233767
T10062,2025-01-01,7039,14500,248267
T10062,2025-02-01,7779,16024,264291
T10062,2025-03-01,11426,23537,287828
T10062,2025-04-01,14658,30195,318023
T10062,2025-05-01,5872,12096,330119
T10062,2025-06-01,12384,25511,355630
T10063,2024-01-01,36212,82056,82056
T10063,2024-02-01,34094,111241,193297
T10063,2024-03-01,39913,90442,283739
T10063,2024-04-01,41718,94532,378271
T10063,2024-05-01,23835,54010,432281
T10063,2024-06-01,31246,70803,503084
T10063,2024-07-01,37874,85822,588906
T10063,2024-08-01,42533,96379,685285
T10063,2024-09-01,36059,81709,766994
T10063,2024-10-01,39821,90234,857228
T10063,2024-11-01,31558,71510,928738
T10063,2024-12-01,27452,62206,990944
T10063,2025-01-01,37288,84494,1075438
T10063,2025-02-01,46477,105316,1180754
T10063,2025-03-01,33997,77037,1257791
T10063,2025-04-01,33230,75299,1333090
T10063,2025-05-01,44962,101883,1434973
T10063,2025-06-01,40389,91521,1526494
T10064,2024-01-01,36469,298943,298943
T10064,2024-02-01,31850,261080,560023
T10064,2024-03-01,40822,334626,894649
T10064,2024-04-01,36908,302542,1197191
T10064,2024-05-01,30524,250211,1447402
T10064,2024-06-01,41407,339421,1786823
T10064,2024-07-01,24823,203479,1990302
T10064,2024-08-01,30889,386517,2376819
T10064,2024-09-01,33726,276458,2653277
T10064,2024-10-01,34993,286844,2940121
T10064,2024-11-01,29755,243907,3184028
T10064,2024-12-01,47315,587711,3771739
T10064,2025-01-01,29005,237759,4009498
T10064,2025-02-01,33273,272745,4282243
T10064,2025-03-01,29659,243120,4525363
T10064,2025-04-01,32987,270401,4795764
T10064,2025-05-01,36474,298984,5094748
T10064,2025-06-01,37091,304042,5398790
T10065,2024-01-01,35,37,37
T10065,2024-02-01,34,36,73
T10065,2024-03-01,20581,22227,22300
T10065,2024-04-01,123,132,22432
T10065,2024-05-01,1462,1578,24010
T10065,2024-06-01,64,69,24079
T10065,2024-07-01,1746,1885,25964
T10065,2024-08-01,1443,1558,27522
T10065,2024-09-01,2002,2162,29684
T10065,2024-10-01,1190,1285,30969
T10065,2024-11-01,371,400,31369
T10065,2024-12-01,841,908,32277
T10065,2025-01-01,1557,2377,34654
T10065,2025-02-01,2612,2820,37474
T10065,2025-03-01,941,1016,38490
T10065,2025-04-01,2535,2737,41227
T10065,2025-05-01,1341,1448,42675
T10065,2025-06-01,2247,3870,46545
T10066,2024-01-01,53415,106830,106830
T10066,2024-02-01,43740,87480,194310
T10066,2024-03-01,48921,97842,292152
T10066,2024-04-01,39458,78916,371068
T10066,2024-05-01,49775,99550,470618
T10066,2024-06-01,42005,84010,554628
T10066,2024-07-01,42865,85730,640358
T10066,2024-08-01,47937,95874,736232
T10066,2024-09-01,54414,108828,845060
T10066,2024-10-01,44645,89290,934350
T10066,2024-11-01,53541,107082,1041432
T10066,2024-12-01,37006,74012,1115444
T10066,2025-01-01,44920,89840,1205284
T10066,2025-02-01,48759,97518,1302802
T10066,2025-03-01,43744,87488,1390290
T10066,2025-04-01,45671,130069,1520359
T10066,2025-05-01,26908,53816,1574175
T10066,2025-06-01,53642,141076,1715251
T10067,2024-01-01,24687,54311,54311
T10067,2024-02-01,33179,72993,127304
T10067,2024-03-01,32702,71944,199248
T10067,2024-04-01,25505,56111,255359
T10067,2024-05-01,42293,93044,348403
T10067,2024-06-01,35094,77206,425609
T10067,2024-07-01,35949,79087,504696
T10067,2024-08-01,29762,65476,570172
T10067,2024-09-01,35002,77004,647176
T10067,2024-10-01,24993,54984,702160
T10067,2024-11-01,40906,118863,821023
T10067,2024-12-01,41132,90490,911513
T10067,2025-01-01,31101,68422,979935
T10067,2025-02-01,24336,53539,1033474
T10067,2025-03-01,44489,97875,1131349
T10067,2025-04-01,43164,94960,1226309
T10067,2025-05-01,36415,80113,1306422
T10067,2025-06-01,31284,96946,1403368
T10068,2024-01-01,14436,77954,77954
T10068,2024-02-01,12998,70189,148143
T10068,2024-03-01,16268,87847,235990
T10068,2024-04-01,17010,91854,327844
T10068,2024-05-01,18500,99900,427744
T10068,2024-06-01,16779,90606,518350
T10068,2024-07-01,17832,96292,614642
T10068,2024-08-01,13238,71485,686127
T10068,2024-09-01,14409,77808,763935
T10068,2024-10-01,21312,115084,879019
T10068,2024-11-01,21634,116823,995842
T10068,2024-12-01,22533,121678,1117520
T10068,2025-01-01,15108,81583,1199103
T10068,2025-02-01,17629,95196,1294299
T10068,2025-03-01,17614,95115,1389414
T10068,2025-04-01,25426,137300,1526714
T10068,2025-05-01,17875,96525,1623239
T10068,2025-06-01,20940,113076,1736315
T10069,2024-01-01,2700,8748,8748
T10069,2024-02-01,2388,7737,16485
T10069,2024-03-01,1868,6052,22537
T10069,2024-04-01,1941,6288,28825
T10069,2024-05-01,2271,7358,36183
T10069,2024-06-01,1922,6227,42410
T10069,2024-07-01,2085,6755,49165
T10069,2024-08-01,2313,7494,56659
T10069,2024-09-01,1647,5336,61995
T10069,2024-10-01,1742,5644,67639
T10069,2024-11-01,1827,5919,73558
T10069,2024-12-01,2065,6690,80248
T10069,2025-01-01,2464,7983,88231
T10069,2025-02-01,1929,6249,94480
T10069,2025-03-01,2537,8219,102699
T10069,2025-04-01,2747,8900,111599
T10069,2025-05-01,2369,7675,119274
T10069,2025-06-01,2327,11302,130576
T10070,2024-01-01,35344,357681,357681
T10070,2024-02-01,43600,441232,798913
T10070,2024-03-01,34321,347328,1146241
T10070,2024-04-01,25916,262269,1408510
T10070,2024-05-01,28334,286740,1695250
T10070,2024-06-01,33246,336449,2031699
T10070,2024-07-01,31439,318162,2349861
T10070,2024-08-01,29816,301737,2651598
T10070,2024-09-01,34180,345901,2997499
T10070,2024-10-01,34857,503047,3500546
T10070,2024-11-01,28347,286871,3787417
T10070,2024-12-01,30794,431318,4218735
T10070,2025-01-01,33676,508353,4727088
T10070,2025-02-01,36608,370472,5097560
T10070,2025-03-01,39632,401075,5498635
T10070,2025-04-01,33681,340851,5839486
T10070,2025-05-01,38836,393020,6232506
T10070,2025-06-01,36852,372942,6605448
T10071,2024-01-01,11571,41239,41239
T10071,2024-02-01,11305,40291,81530
T10071,2024-03-01,14771,52643,134173
T10071,2024-04-01,6236,22225,156398
T10071,2024-05-01,10690,38099,194497
T10071,2024-06-01,11935,42536,237033
T10071,2024-07-01,11729,41802,278835
T10071,2024-08-01,10835,38615,317450
T10071,2024-09-01,11901,60341,377791
T10071,2024-10-01,8032,28626,406417
T10071,2024-11-01,12695,45244,451661
T10071,2024-12-01,12133,43242,494903
T10071,2025-01-01,11025,39293,534196
T10071,2025-02-01,14475,51588,585784
T10071,2025-03-01,12954,64962,650746
T10071,2025-04-01,10057,35843,686589
T10071,2025-05-01,13836,49311,735900
T10071,2025-06-01,10403,59008,794908
T10072,2024-01-01,43371,154574,154574
T10072,2024-02-01,54741,195096,349670
T10072,2024-03-01,31506,112287,461957
T10072,2024-04-01,40639,144837,606794
T10072,2024-05-01,34040,121318,728112
T10072,2024-06-01,31287,111506,839618
T10072,2024-07-01,62001,220971,1060589
T10072,2024-08-01,48004,171086,1231675
T10072,2024-09-01,51957,185174,1416849
T10072,2024-10-01,35507,126546,1543395
T10072,2024-11-01,32459,115683,1659078
T10072,2024-12-01,40717,145115,1804193
T10072,2025-01-01,50928,181507,1985700
T10072,2025-02-01,41901,149335,2135035
T10072,2025-03-01,40325,143718,2278753
T10072,2025-04-01,37584,133949,2412702
T10072,2025-05-01,42409,151145,2563847
T10072,2025-06-01,32157,114607,2678454
T10073,2024-01-01,993,1022,1022
T10073,2024-02-01,17,17,1039
T10073,2024-03-01,26904,27711,28750
T10073,2024-04-01,23503,24208,52958
T10073,2024-05-01,1760,1812,54770
T10073,2024-06-01,1016,1046,55816
T10073,2024-07-01,29676,30566,86382
T10073,2024-08-01,1165,1199,87581
T10073,2024-09-01,737,759,88340
T10073,2024-10-01,40523,41738,130078
T10073,2024-11-01,1386,1427,131505
T10073,2024-12-01,179,184,131689
T10073,2025-01-01,2955,4308,135997
T10073,2025-02-01,74,76,136073
T10073,2025-03-01,1546,1592,137665
T10073,2025-04-01,2051,2112,139777
T10073,2025-05-01,1573,2531,142308
T10073,2025-06-01,1127,1160,143468
T10074,2024-01-01,22613,24874,24874
T10074,2024-02-01,29104,32014,56888
T10074,2024-03-01,28008,30808,87696
T10074,2024-04-01,20739,22812,110508
T10074,2024-05-01,23422,25764,136272
T10074,2024-06-01,25945,28539,164811
T10074,2024-07-01,22537,35516,200327
T10074,2024-08-01,20045,22049,222376
T10074,2024-09-01,27704,30474,252850
T10074,2024-10-01,31604,34764,287614
T10074,2024-11-01,23656,26021,313635
T10074,2024-12-01,17362,19098,332733
T10074,2025-01-01,24551,27006,359739
T10074,2025-02-01,21349,23483,383222
T10074,2025-03-01,28347,31181,414403
T10074,2025-04-01,21631,23794,438197
T10074,2025-05-01,25357,27892,466089
T10074,2025-06-01,19911,21902,487991
T10075,2024-01-01,9655,33309,33309
T10075,2024-02-01,11926,41144,74453
T10075,2024-03-01,8646,29828,104281
T10075,2024-04-01,8346,28793,133074
T10075,2024-05-01,9781,33744,166818
T10075,2024-06-01,13778,47534,214352
T10075,2024-07-01,6526,22514,236866
T10075,2024-08-01,12217,42148,279014
T10075,2024-09-01,8106,38036,317050
T10075,2024-10-01,9150,31567,348617
T10075,2024-11-01,9441,32571,381188
T10075,2024-12-01,10199,35186,416374
T10075,2025-01-01,10283,35476,451850
T10075,2025-02-01,7601,26223,478073
T10075,2025-03-01,7809,26941,505014
T10075,2025-04-01,8955,30894,535908
T10075,2025-05-01,10188,35148,571056
T10075,2025-06-01,8552,29504,600560
T10076,2024-01-01,38965,277742,277742
T10076,2024-02-01,35165,356803,634545
T10076,2024-03-01,28681,204438,838983
T10076,2024-04-01,21760,155105,994088
T10076,2024-05-01,32989,235145,1229233
T10076,2024-06-01,38084,271462,1500695
T10076,2024-07-01,40743,290416,1791111
T10076,2024-08-01,40021,285269,2076380
T10076,2024-09-01,37239,265439,2341819
T10076,2024-10-01,30064,214296,2556115
T10076,2024-11-01,36484,260057,2816172
T10076,2024-12-01,27835,198407,3014579
T10076,2025-01-01,31606,225287,3239866
T10076,2025-02-01,44298,315756,3555622
T10076,2025-03-01,35695,254433,3810055
T10076,2025-04-01,35178,250748,4060803
T10076,2025-05-01,34986,249380,4310183
T10076,2025-06-01,38077,271412,4581595
T10077,2024-01-01,11700,41575,41575
T10077,2024-02-01,7206,25606,67181
T10077,2024-03-01,10953,38921,106102
T10077,2024-04-01,9355,33242,139344
T10077,2024-05-01,6799,24160,163504
T10077,2024-06-01,9999,35531,199035
T10077,2024-07-01,11368,40396,239431
T10077,2024-08-01,8007,28452,267883
T10077,2024-09-01,9620,34184,302067
T10077,2024-10-01,7806,27738,329805
T10077,2024-11-01,14547,51692,381497
T10077,2024-12-01,9254,32884,414381
T10077,2025-01-01,13134,46671,461052
T10077,2025-02-01,9218,32756,493808
T10077,2025-03-01,10350,36778,530586
T10077,2025-04-01,11030,39195,569781
T10077,2025-05-01,9664,34341,604122
T10077,2025-06-01,8260,29351,633473
T10078,2024-01-01,28883,196346,196346
T10078,2024-02-01,19189,130446,326792
T10078,2024-03-01,19825,134770,461562
T10078,2024-04-01,22706,154355,615917
T10078,2024-05-01,22760,154722,770639
T10078,2024-06-01,28522,193892,964531
T10078,2024-07-01,20598,140025,1104556
T10078,2024-08-01,18965,128924,1233480
T10078,2024-09-01,16455,111861,1345341
T10078,2024-10-01,22803,155014,1500355
T10078,2024-11-01,26129,177624,1677979
T10078,2024-12-01,19099,129835,1807814
T10078,2025-01-01,17891,121623,1929437
T10078,2025-02-01,20825,141568,2071005
T10078,2025-03-01,18912,128563,2199568
T10078,2025-04-01,25041,170228,2369796
T10078,2025-05-01,15016,102078,2471874
T10078,2025-06-01,17702,120338,2592212
T10079,2024-01-01,42655,48328,48328
T10079,2024-02-01,33093,37494,85822
T10079,2024-03-01,36753,41641,127463
T10079,2024-04-01,44286,50176,177639
T10079,2024-05-01,42029,47618,225257
T10079,2024-06-01,54888,62188,287445
T10079,2024-07-01,50101,56764,344209
T10079,2024-08-01,34763,39386,383595
T10079,2024-09-01,21678,24561,408156
T10079,2024-10-01,35882,40654,448810
T10079,2024-11-01,36872,41775,490585
T10079,2024-12-01,54388,61621,552206
T10079,2025-01-01,48084,54479,606685
T10079,2025-02-01,39764,45052,651737
T10079,2025-03-01,44500,50418,702155
T10079,2025-04-01,42982,48698,750853
T10079,2025-05-01,46952,53196,804049
T10079,2025-06-01,45466,51512,855561
T10080,2024-01-01,48737,50199,50199
T10080,2024-02-01,54827,56471,106670
T10080,2024-03-01,25895,26671,133341
T10080,2024-04-01,43217,44513,177854
T10080,2024-05-01,56851,58556,236410
T10080,2024-06-01,50353,51863,288273
T10080,2024-07-01,42342,43612,331885
T10080,2024-08-01,48145,49589,381474
T10080,2024-09-01,49171,50646,432120
T10080,2024-10-01,43163,44457,476577
T10080,2024-11-01,61855,63710,540287
T10080,2024-12-01,45701,47072,587359
T10080,2025-01-01,47726,49157,636516
T10080,2025-02-01,48217,49663,686179
T10080,2025-03-01,62690,64570,750749
T10080,2025-04-01,41575,42822,793571
T10080,2025-05-01,37821,38955,832526
T10080,2025-06-01,36963,38071,870597
T10081,2024-01-01,4441,34195,34195
T10081,2024-02-01,2503,19273,53468
T10081,2024-03-01,2198,16924,70392
T10081,2024-04-01,1667,12835,83227
T10081,2024-05-01,3510,27027,110254
T10081,2024-06-01,2810,21637,131891
T10081,2024-07-01,2116,22912,154803
T10081,2024-08-01,461,3549,158352
T10081,2024-09-01,43287,333309,491661
T10081,2024-10-01,56555,435473,927134
T10081,2024-11-01,2384,24706,951840
T10081,2024-12-01,991,7630,959470
T10081,2025-01-01,1051,11425,970895
T10081,2025-02-01,2147,16531,987426
T10081,2025-03-01,2631,20258,1007684
T10081,2025-04-01,2434,18741,1026425
T10081,2025-05-01,2216,17063,1043488
T10081,2025-06-01,1919,14776,1058264
T10082,2024-01-01,3926,4318,4318
T10082,2024-02-01,408,579,4897
T10082,2024-03-01,1306,1436,6333
T10082,2024-04-01,2547,2801,9134
T10082,2024-05-01,5423,5965,15099
T10082,2024-06-01,3512,5205,20304
T10082,2024-07-01,3666,4032,24336
T10082,2024-08-01,1721,1893,26229
T10082,2024-09-01,2082,2290,28519
T10082,2024-10-01,1528,1680,30199
T10082,2024-11-01,2104,2314,32513
T10082,2024-12-01,1379,1516,34029
T10082,2025-01-01,1209,1329,35358
T10082,2025-02-01,3261,3587,38945
T10082,2025-03-01,3568,3924,42869
T10082,2025-04-01,3280,3608,46477
T10082,2025-05-01,5110,5621,52098
T10082,2025-06-01,55276,60803,112901
T10083,2024-01-01,30637,30637,30637
T10083,2024-02-01,28464,28464,59101
T10083,2024-03-01,21714,21714,80815
T10083,2024-04-01,25618,25618,106433
T10083,2024-05-01,26551,26551,132984
T10083,2024-06-01,29436,29436,162420
T10083,2024-07-01,27781,27781,190201
T10083,2024-08-01,26118,26118,216319
T10083,2024-09-01,25528,25528,241847
T10083,2024-10-01,26212,26212,268059
T10083,2024-11-01,18830,18830,286889
T10083,2024-12-01,22951,22951,309840
T10083,2025-01-01,24766,24766,334606
T10083,2025-02-01,34704,34704,369310
T10083,2025-03-01,23386,23386,392696
T10083,2025-04-01,28316,28316,421012
T10083,2025-05-01,31777,31777,452789
T10083,2025-06-01,26887,26887,479676
T10084,2024-01-01,360,777,777
T10084,2024-02-01,10040,21686,22463
T10084,2024-03-01,386,833,23296
T10084,2024-04-01,9517,20556,43852
T10084,2024-05-01,418,902,44754
T10084,2024-06-01,368,794,45548
T10084,2024-07-01,170,515,46063
T10084,2024-08-01,476,1028,47091
T10084,2024-09-01,164,354,47445
T10084,2024-10-01,551,1190,48635
T10084,2024-11-01,730,1576,50211
T10084,2024-12-01,33,109,50320
T10084,2025-01-01,295,637,50957
T10084,2025-02-01,270,583,51540
T10084,2025-03-01,1172,2531,54071
T10084,2025-04-01,12016,25954,80025
T10084,2025-05-01,775,1674,81699
T10084,2025-06-01,65,140,81839
T10085,2024-01-01,38256,236422,236422
T10085,2024-02-01,36468,225372,461794
T10085,2024-03-01,52747,325976,787770
T10085,2024-04-01,48636,300570,1088340
T10085,2024-05-01,41632,257285,1345625
T10085,2024-06-01,57914,357908,1703533
T10085,2024-07-01,46848,289520,1993053
T10085,2024-08-01,46982,457755,2450808
T10085,2024-09-01,43177,266833,2717641
T10085,2024-10-01,39693,245302,2962943
T10085,2024-11-01,31478,194534,3157477
T10085,2024-12-01,38828,239957,3397434
T10085,2025-01-01,46489,287302,3684736
T10085,2025-02-01,46678,422620,4107356
T10085,2025-03-01,31286,193347,4300703
T10085,2025-04-01,44315,273866,4574569
T10085,2025-05-01,30362,187637,4762206
T10085,2025-06-01,37073,229111,4991317
T10086,2024-01-01,37915,166826,166826
T10086,2024-02-01,50876,223854,390680
T10086,2024-03-01,38233,168225,558905
T10086,2024-04-01,42118,185319,744224
T10086,2024-05-01,43501,191404,935628
T10086,2024-06-01,46092,202804,1138432
T10086,2024-07-01,52592,292485,1430917
T10086,2024-08-01,36698,161471,1592388
T10086,2024-09-01,34761,152948,1745336
T10086,2024-10-01,32822,144416,1889752
T10086,2024-11-01,39533,173945,2063697
T10086,2024-12-01,26690,117436,2181133
T10086,2025-01-01,49519,297119,2478252
T10086,2025-02-01,45598,200631,2678883
T10086,2025-03-01,32234,141829,2820712
T10086,2025-04-01,43147,189846,3010558
T10086,2025-05-01,50394,221733,3232291
T10086,2025-06-01,32779,144227,3376518
T10087,2024-01-01,53269,57530,57530
T10087,2024-02-01,59296,64039,121569
T10087,2024-03-01,61755,66695,188264
T10087,2024-04-01,50181,80526,268790
T10087,2024-05-01,53209,82500,351290
T10087,2024-06-01,30638,33089,384379
T10087,2024-07-01,60408,65240,449619
T10087,2024-08-01,66594,71921,521540
T10087,2024-09-01,49880,53870,575410
T10087,2024-10-01,57091,61658,637068
T10087,2024-11-01,43838,60044,697112
T10087,2024-12-01,61164,93002,790114
T10087,2025-01-01,67634,73044,863158
T10087,2025-02-01,37583,40589,903747
T10087,2025-03-01,59661,64433,968180
T10087,2025-04-01,41088,57067,1025247
T10087,2025-05-01,58825,63531,1088778
T10087,2025-06-01,54634,59004,1147782
T10088,2024-01-01,31578,221046,221046
T10088,2024-02-01,32007,224049,445095
T10088,2024-03-01,37871,265097,710192
T10088,2024-04-01,37919,265433,975625
T10088,2024-05-01,37028,259196,1234821
T10088,2024-06-01,31172,218204,1453025
T10088,2024-07-01,41964,293748,1746773
T10088,2024-08-01,34699,242893,1989666
T10088,2024-09-01,33200,232400,2222066
T10088,2024-10-01,29911,209377,2431443
T10088,2024-11-01,35880,251160,2682603
T10088,2024-12-01,32043,224301,2906904
T10088,2025-01-01,47845,334915,3241819
T10088,2025-02-01,42582,298074,3539893
T10088,2025-03-01,25352,177464,3717357
T10088,2025-04-01,33407,233849,3951206
T10088,2025-05-01,27907,195349,4146555
T10088,2025-06-01,29407,205849,4352404
T10089,2024-01-01,6242,34331,34331
T10089,2024-02-01,8780,48290,82621
T10089,2024-03-01,5615,30882,113503
T10089,2024-04-01,11928,65604,179107
T10089,2024-05-01,7848,43164,222271
T10089,2024-06-01,8220,65279,287550
T10089,2024-07-01,7489,41189,328739
T10089,2024-08-01,10545,57997,386736
T10089,2024-09-01,6859,37724,424460
T10089,2024-10-01,8507,46788,471248
T10089,2024-11-01,8673,74951,546199
T10089,2024-12-01,10673,86405,632604
T10089,2025-01-01,7590,41745,674349
T10089,2025-02-01,7777,42773,717122
T10089,2025-03-01,5980,32890,750012
T10089,2025-04-01,6977,38373,788385
T10089,2025-05-01,9091,50000,838385
T10089,2025-06-01,7840,43120,881505
T10090,2024-01-01,22313,197581,197581
T10090,2024-02-01,30106,266588,464169
T10090,2024-03-01,23222,205630,669799
T10090,2024-04-01,30698,271830,941629
T10090,2024-05-01,24685,218585,1160214
T10090,2024-06-01,30030,265915,1426129
T10090,2024-07-01,35532,314635,1740764
T10090,2024-08-01,21846,193446,1934210
T10090,2024-09-01,25105,222304,2156514
T10090,2024-10-01,29659,262630,2419144
T10090,2024-11-01,26630,235808,2654952
T10090,2024-12-01,37396,331141,2986093
T10090,2025-01-01,25519,225970,3212063
T10090,2025-02-01,32884,291187,3503250
T10090,2025-03-01,28250,250153,3753403
T10090,2025-04-01,27091,315879,4069282
T10090,2025-05-01,28458,251995,4321277
T10090,2025-06-01,18927,167598,4488875
T10091,2024-01-01,20168,145411,145411
T10091,2024-02-01,27985,201771,347182
T10091,2024-03-01,26387,190250,537432
T10091,2024-04-01,21353,153955,691387
T10091,2024-05-01,16923,122014,813401
T10091,2024-06-01,27145,195715,1009116
T10091,2024-07-01,19362,139600,1148716
T10091,2024-08-01,30767,351817,1500533
T10091,2024-09-01,33525,241715,1742248
T10091,2024-10-01,20221,229823,1972071
T10091,2024-11-01,20112,145007,2117078
T10091,2024-12-01,28335,204295,2321373
T10091,2025-01-01,23896,172290,2493663
T10091,2025-02-01,26325,189803,2683466
T10091,2025-03-01,25396,183105,2866571
T10091,2025-04-01,27835,200690,3067261
T10091,2025-05-01,15219,109728,3176989
T10091,2025-06-01,16919,121985,3298974
T10092,2024-01-01,42574,48236,48236
T10092,2024-02-01,57848,65541,113777
T10092,2024-03-01,46674,52881,166658
T10092,2024-04-01,44727,75498,242156
T10092,2024-05-01,48483,54931,297087
T10092,2024-06-01,61648,69847,366934
T10092,2024-07-01,43334,72241,439175
T10092,2024-08-01,43954,49799,488974
T10092,2024-09-01,42181,47791,536765
T10092,2024-10-01,49977,56623,593388
T10092,2024-11-01,52974,60019,653407
T10092,2024-12-01,41969,47550,700957
T10092,2025-01-01,38579,43710,744667
T10092,2025-02-01,39936,45247,789914
T10092,2025-03-01,38210,43291,833205
T10092,2025-04-01,56011,63460,896665
T10092,2025-05-01,52510,59493,956158
T10092,2025-06-01,49259,55810,1011968
T10093,2024-01-01,25798,206384,206384
T10093,2024-02-01,19709,157672,364056
T10093,2024-03-01,18162,145296,509352
T10093,2024-04-01,26316,210528,719880
T10093,2024-05-01,19659,157272,877152
T10093,2024-06-01,26601,212808,1089960
T10093,2024-07-01,18266,146128,1236088
T10093,2024-08-01,22947,183576,1419664
T10093,2024-09-01,22814,182512,1602176
T10093,2024-10-01,25056,200448,1802624
T10093,2024-11-01,15723,125784,1928408
T10093,2024-12-01,24935,199480,2127888
T10093,2025-01-01,21769,174152,2302040
T10093,2025-02-01,25423,203384,2505424
T10093,2025-03-01,25697,205576,2711000
T10093,2025-04-01,24202,193616,2904616
T10093,2025-05-01,29304,234432,3139048
T10093,2025-06-01,20491,163928,3302976
T10094,2024-01-01,15385,54670,54670
T10094,2024-02-01,20726,73649,128319
T10094,2024-03-01,18544,65896,194215
T10094,2024-04-01,14583,51820,246035
T10094,2024-05-01,17307,61500,307535
T10094,2024-06-01,21916,77878,385413
T10094,2024-07-01,17380,61759,447172
T10094,2024-08-01,12486,44369,491541
T10094,2024-09-01,18056,64161,555702
T10094,2024-10-01,23100,82085,637787
T10094,2024-11-01,19348,68753,706540
T10094,2024-12-01,19519,69360,775900
T10094,2025-01-01,17039,60548,836448
T10094,2025-02-01,14467,51408,887856
T10094,2025-03-01,22212,78930,966786
T10094,2025-04-01,20996,74609,1041395
T10094,2025-05-01,16327,84663,1126058
T10094,2025-06-01,19555,104149,1230207
T10095,2024-01-01,5004,37830,37830
T10095,2024-02-01,6946,52511,90341
T10095,2024-03-01,7436,78984,169325
T10095,2024-04-01,5281,39924,209249
T10095,2024-05-01,6376,48202,257451
T10095,2024-06-01,4936,37316,294767
T10095,2024-07-01,4769,36053,330820
T10095,2024-08-01,5832,44089,374909
T10095,2024-09-01,4593,50242,425151
T10095,2024-10-01,5959,45050,470201
T10095,2024-11-01,3999,42388,512589
T10095,2024-12-01,5609,42404,554993
T10095,2025-01-01,4551,34405,589398
T10095,2025-02-01,4731,35766,625164
T10095,2025-03-01,4130,31222,656386
T10095,2025-04-01,6691,50583,706969
T10095,2025-05-01,6142,46433,753402
T10095,2025-06-01,5890,44528,797930
T10096,2024-01-01,25321,139265,139265
T10096,2024-02-01,32872,180796,320061
T10096,2024-03-01,46605,256327,576388
T10096,2024-04-01,54688,300784,877172
T10096,2024-05-01,44601,245305,1122477
T10096,2024-06-01,40851,296206,1418683
T10096,2024-07-01,43289,238089,1656772
T10096,2024-08-01,37663,207146,1863918
T10096,2024-09-01,45164,248402,2112320
T10096,2024-10-01,32026,270958,2383278
T10096,2024-11-01,32867,180768,2564046
T10096,2024-12-01,48590,267245,2831291
T10096,2025-01-01,46748,257114,3088405
T10096,2025-02-01,45114,248127,3336532
T10096,2025-03-01,49815,273982,3610514
T10096,2025-04-01,53415,377543,3988057
T10096,2025-05-01,37776,324343,4312400
T10096,2025-06-01,42544,233992,4546392
T10097,2024-01-01,40875,314737,314737
T10097,2024-02-01,40374,310879,625616
T10097,2024-03-01,40158,309216,934832
T10097,2024-04-01,47396,364949,1299781
T10097,2024-05-01,37569,289281,1589062
T10097,2024-06-01,38870,299299,1888361
T10097,2024-07-01,44504,342680,2231041
T10097,2024-08-01,48143,370701,2601742
T10097,2024-09-01,46980,361746,2963488
T10097,2024-10-01,41421,318941,3282429
T10097,2024-11-01,42726,328990,3611419
T10097,2024-12-01,56161,432439,4043858
T10097,2025-01-01,44874,345529,4389387
T10097,2025-02-01,51354,395425,4784812
T10097,2025-03-01,19127,147277,4932089
T10097,2025-04-01,22026,169600,5101689
T10097,2025-05-01,40674,313189,5414878
T10097,2025-06-01,25383,312412,5727290
T10098,2024-01-01,2349,12242,12242
T10098,2024-02-01,3101,16161,28403
T10098,2024-03-01,3918,20419,48822
T10098,2024-04-01,4054,21128,69950
T10098,2024-05-01,2374,12372,82322
T10098,2024-06-01,3770,19648,101970
T10098,2024-07-01,3484,18157,120127
T10098,2024-08-01,3596,18741,138868
T10098,2024-09-01,3233,16849,155717
T10098,2024-10-01,3913,20393,176110
T10098,2024-11-01,3442,17939,194049
T10098,2024-12-01,3911,20383,214432
T10098,2025-01-01,3308,17240,231672
T10098,2025-02-01,3082,16062,247734
T10098,2025-03-01,4668,24328,272062
T10098,2025-04-01,3068,15989,288051
T10098,2025-05-01,3481,18142,306193
T10098,2025-06-01,5108,26621,332814
T10099,2024-01-01,20139,110764,110764
T10099,2024-02-01,21497,118233,228997
T10099,2024-03-01,22714,124927,353924
T10099,2024-04-01,26757,147163,501087
T10099,2024-05-01,19385,106617,607704
T10099,2024-06-01,24191,133050,740754
T10099,2024-07-01,21648,119064,859818
T10099,2024-08-01,32511,178810,1038628
T10099,2024-09-01,25879,142334,1180962
T10099,2024-10-01,23248,127864,1308826
T10099,2024-11-01,20418,112299,1421125
T10099,2024-12-01,13842,76131,1497256
T10099,2025-01-01,22804,125422,1622678
T10099,2025-02-01,24474,134607,1757285
T10099,2025-03-01,27253,149891,1907176
T10099,2025-04-01,25009,137549,2044725
T10099,2025-05-01,26169,143929,2188654
T10099,2025-06-01,19633,107981,2296635
T10100,2024-01-01,26305,93474,93474
T10100,2024-02-01,29990,106569,200043
T10100,2024-03-01,21060,113900,313943
T10100,2024-04-01,35639,126643,440586
T10100,2024-05-01,39688,183118,623704
T10100,2024-06-01,32243,114575,738279
T10100,2024-07-01,30238,107450,845729
T10100,2024-08-01,29820,105965,951694
T10100,2024-09-01,25375,90170,1041864
T10100,2024-10-01,22172,78788,1120652
T10100,2024-11-01,19556,69492,1190144
T10100,2024-12-01,38980,138515,1328659
T10100,2025-01-01,21596,76741,1405400
T10100,2025-02-01,24978,141780,1547180
T10100,2025-03-01,26606,94544,1641724
T10100,2025-04-01,25771,91577,1733301
T10100,2025-05-01,22750,80842,1814143
T10100,2025-06-01,29853,106082,1920225
T10101,2024-01-01,20135,115776,115776
T10101,2024-02-01,21885,125838,241614
T10101,2024-03-01,26394,151765,393379
T10101,2024-04-01,27729,223309,616688
T10101,2024-05-01,26271,224142,840830
T10101,2024-06-01,24990,143692,984522
T10101,2024-07-01,26575,152806,1137328
T10101,2024-08-01,22635,130151,1267479
T10101,2024-09-01,25264,145268,1412747
T10101,2024-10-01,29670,170602,1583349
T10101,2024-11-01,20972,120588,1703937
T10101,2024-12-01,21797,125332,1829269
T10101,2025-01-01,26452,152099,1981368
T10101,2025-02-01,28567,164260,2145628
T10101,2025-03-01,30276,174087,2319715
T10101,2025-04-01,27192,156354,2476069
T10101,2025-05-01,23145,133083,2609152
T10101,2025-06-01,29332,168659,2777811
T10102,2024-01-01,56080,266492,266492
T10102,2024-02-01,50084,339037,605529
T10102,2024-03-01,57069,271191,876720
T10102,2024-04-01,47551,225962,1102682
T10102,2024-05-01,57787,274603,1377285
T10102,2024-06-01,53436,253927,1631212
T10102,2024-07-01,55687,264624,1895836
T10102,2024-08-01,45658,216966,2112802
T10102,2024-09-01,58967,280211,2393013
T10102,2024-10-01,53522,254336,2647349
T10102,2024-11-01,60231,286217,2933566
T10102,2024-12-01,67446,320503,3254069
T10102,2025-01-01,50859,241681,3495750
T10102,2025-02-01,49851,360723,3856473
T10102,2025-03-01,41490,197160,4053633
T10102,2025-04-01,60331,286692,4340325
T10102,2025-05-01,38903,184867,4525192
T10102,2025-06-01,59555,357542,4882734
T10103,2024-01-01,9799,22204,22204
T10103,2024-02-01,9042,20489,42693
T10103,2024-03-01,8475,19204,61897
T10103,2024-04-01,13315,30171,92068
T10103,2024-05-01,7407,16784,108852
T10103,2024-06-01,9901,29480,138332
T10103,2024-07-01,8555,19385,157717
T10103,2024-08-01,7078,16038,173755
T10103,2024-09-01,9344,21173,194928
T10103,2024-10-01,6559,14862,209790
T10103,2024-11-01,10921,24746,234536
T10103,2024-12-01,7517,17033,251569
T10103,2025-01-01,5287,11980,263549
T10103,2025-02-01,7956,18028,281577
T10103,2025-03-01,9158,20752,302329
T10103,2025-04-01,6615,14989,317318
T10103,2025-05-01,6689,15157,332475
T10103,2025-06-01,12021,27239,359714
T10104,2024-01-01,16220,130570,130570
T10104,2024-02-01,20998,169033,299603
T10104,2024-03-01,15880,127833,427436
T10104,2024-04-01,16483,182782,610218
T10104,2024-05-01,12315,134946,745164
T10104,2024-06-01,16248,130796,875960
T10104,2024-07-01,18158,146171,1022131
T10104,2024-08-01,17009,136922,1159053
T10104,2024-09-01,19207,154616,1313669
T10104,2024-10-01,13608,109544,1423213
T10104,2024-11-01,21257,171118,1594331
T10104,2024-12-01,17140,137977,1732308
T10104,2025-01-01,18272,147089,1879397
T10104,2025-02-01,13497,108650,1988047
T10104,2025-03-01,17691,200508,2188555
T10104,2025-04-01,20730,166876,2355431
T10104,2025-05-01,19515,157095,2512526
T10104,2025-06-01,15983,128663,2641189
T10105,2024-01-01,10136,33448,33448
T10105,2024-02-01,7906,26089,59537
T10105,2024-03-01,9204,30373,89910
T10105,2024-04-01,11060,36498,126408
T10105,2024-05-01,11141,52748,179156
T10105,2024-06-01,11430,37719,216875
T10105,2024-07-01,14408,47546,264421
T10105,2024-08-01,7890,26037,290458
T10105,2024-09-01,12054,39778,330236
T10105,2024-10-01,12717,41966,372202
T10105,2024-11-01,8167,26951,399153
T10105,2024-12-01,11618,38339,437492
T10105,2025-01-01,9972,32907,470399
T10105,2025-02-01,11382,56809,527208
T10105,2025-03-01,11346,37441,564649
T10105,2025-04-01,11617,38336,602985
T10105,2025-05-01,8605,28396,631381
T10105,2025-06-01,11901,39273,670654
T10106,2024-01-01,7180,24404,24404
T10106,2024-02-01,11296,38395,62799
T10106,2024-03-01,11495,39071,101870
T10106,2024-04-01,10795,36692,138562
T10106,2024-05-01,18713,63605,202167
T10106,2024-06-01,11802,40114,242281
T10106,2024-07-01,12652,43004,285285
T10106,2024-08-01,15928,54139,339424
T10106,2024-09-01,15883,53986,393410
T10106,2024-10-01,11746,39924,433334
T10106,2024-11-01,14209,48296,481630
T10106,2024-12-01,19391,65910,547540
T10106,2025-01-01,12800,43507,591047
T10106,2025-02-01,15130,51426,642473
T10106,2025-03-01,10280,34941,677414
T10106,2025-04-01,15771,53605,731019
T10106,2025-05-01,15752,67589,798608
T10106,2025-06-01,15358,52201,850809
T10107,2024-01-01,48868,268774,268774
T10107,2024-02-01,44348,243914,512688
T10107,2024-03-01,33466,184063,696751
T10107,2024-04-01,36837,202603,899354
T10107,2024-05-01,57369,315529,1214883
T10107,2024-06-01,61582,338701,1553584
T10107,2024-07-01,41813,229971,1783555
T10107,2024-08-01,28630,157465,1941020
T10107,2024-09-01,43061,236835,2177855
T10107,2024-10-01,35843,197136,2374991
T10107,2024-11-01,62661,344635,2719626
T10107,2024-12-01,37036,203698,2923324
T10107,2025-01-01,40295,221622,3144946
T10107,2025-02-01,58733,323031,3467977
T10107,2025-03-01,23663,130146,3598123
T10107,2025-04-01,56373,310051,3908174
T10107,2025-05-01,35667,196168,4104342
T10107,2025-06-01,39220,215710,4320052
T10108,2024-01-01,1621,9726,9726
T10108,2024-02-01,3832,22992,32718
T10108,2024-03-01,3934,23604,56322
T10108,2024-04-01,45260,271560,327882
T10108,2024-05-01,1701,10206,338088
T10108,2024-06-01,3822,22932,361020
T10108,2024-07-01,1440,8640,369660
T10108,2024-08-01,41827,250962,620622
T10108,2024-09-01,4693,28158,648780
T10108,2024-10-01,41250,247500,896280
T10108,2024-11-01,53571,321426,1217706
T10108,2024-12-01,747,4482,1222188
T10108,2025-01-01,3513,21078,1243266
T10108,2025-02-01,579,3474,1246740
T10108,2025-03-01,3969,23814,1270554
T10108,2025-04-01,77,462,1271016
T10108,2025-05-01,876,5256,1276272
T10108,2025-06-01,1611,9666,1285938
T10109,2024-01-01,3602,19811,19811
T10109,2024-02-01,3859,21224,41035
T10109,2024-03-01,4602,25311,66346
T10109,2024-04-01,4081,22445,88791
T10109,2024-05-01,5959,32774,121565
T10109,2024-06-01,4335,23842,145407
T10109,2024-07-01,2340,12870,158277
T10109,2024-08-01,4252,23386,181663
T10109,2024-09-01,2942,16181,197844
T10109,2024-10-01,3875,21312,219156
T10109,2024-11-01,4846,26653,245809
T10109,2024-12-01,3035,16692,262501
T10109,2025-01-01,3901,21455,283956
T10109,2025-02-01,4905,26977,310933
T10109,2025-03-01,3080,16940,327873
T10109,2025-04-01,2710,14905,342778
T10109,2025-05-01,3585,19717,362495
T10109,2025-06-01,4214,23177,385672
T10110,2024-01-01,41989,209945,209945
T10110,2024-02-01,42428,212140,422085
T10110,2024-03-01,29129,145645,567730
T10110,2024-04-01,24261,121305,689035
T10110,2024-05-01,29300,233943,922978
T10110,2024-06-01,29692,148460,1071438
T10110,2024-07-01,40563,284892,1356330
T10110,2024-08-01,22824,114120,1470450
T10110,2024-09-01,24317,121585,1592035
T10110,2024-10-01,30800,243316,1835351
T10110,2024-11-01,34556,172780,2008131
T10110,2024-12-01,30854,154270,2162401
T10110,2025-01-01,34438,172190,2334591
T10110,2025-02-01,28855,144275,2478866
T10110,2025-03-01,36897,184485,2663351
T10110,2025-04-01,35396,176980,2840331
T10110,2025-05-01,34232,244677,3085008
T10110,2025-06-01,30207,151035,3236043
T10111,2024-01-01,10729,25492,25492
T10111,2024-02-01,14373,34150,59642
T10111,2024-03-01,13214,31396,91038
T10111,2024-04-01,8794,20894,111932
T10111,2024-05-01,12787,30381,142313
T10111,2024-06-01,17843,42394,184707
T10111,2024-07-01,17745,42162,226869
T10111,2024-08-01,11672,27732,254601
T10111,2024-09-01,9666,22966,277567
T10111,2024-10-01,17373,41278,318845
T10111,2024-11-01,9974,23698,342543
T10111,2024-12-01,15441,36687,379230
T10111,2025-01-01,9707,23063,402293
T10111,2025-02-01,11909,28295,430588
T10111,2025-03-01,11413,27117,457705
T10111,2025-04-01,13090,31101,488806
T10111,2025-05-01,9205,21871,510677
T10111,2025-06-01,12589,29911,540588
T10112,2024-01-01,10901,82411,82411
T10112,2024-02-01,5694,43046,125457
T10112,2024-03-01,13908,105144,230601
T10112,2024-04-01,13426,101500,332101
T10112,2024-05-01,11362,110809,442910
T10112,2024-06-01,11379,86025,528935
T10112,2024-07-01,12520,94651,623586
T10112,2024-08-01,11304,85458,709044
T10112,2024-09-01,11038,83447,792491
T10112,2024-10-01,10956,82827,875318
T10112,2024-11-01,12553,94900,970218
T10112,2024-12-01,11628,123049,1093267
T10112,2025-01-01,14240,107654,1200921
T10112,2025-02-01,13518,102196,1303117
T10112,2025-03-01,12465,94235,1397352
T10112,2025-04-01,12301,92995,1490347
T10112,2025-05-01,13851,104713,1595060
T10112,2025-06-01,11296,85397,1680457
T10113,2024-01-01,132,290,290
T10113,2024-02-01,19024,41852,42142
T10113,2024-03-01,1085,2387,44529
T10113,2024-04-01,13600,29920,74449
T10113,2024-05-01,12672,27878,102327
T10113,2024-06-01,1263,2778,105105
T10113,2024-07-01,638,1403,106508
T10113,2024-08-01,618,1359,107867
T10113,2024-09-01,1577,3469,111336
T10113,2024-10-01,1179,2593,113929
T10113,2024-11-01,105,231,114160
T10113,2024-12-01,630,1386,115546
T10113,2025-01-01,929,2043,117589
T10113,2025-02-01,207,455,118044
T10113,2025-03-01,1509,3319,121363
T10113,2025-04-01,1161,2554,123917
T10113,2025-05-01,481,1058,124975
T10113,2025-06-01,60,132,125107
T10114,2024-01-01,412,2147,2147
T10114,2024-02-01,1195,9085,11232
T10114,2024-03-01,490,3198,14430
T10114,2024-04-01,397,2069,16499
T10114,2024-05-01,884,4607,21106
T10114,2024-06-01,1029,5362,26468
T10114,2024-07-01,1148,5983,32451
T10114,2024-08-01,512,2668,35119
T10114,2024-09-01,573,2986,38105
T10114,2024-10-01,599,3121,41226
T10114,2024-11-01,674,5195,46421
T10114,2024-12-01,1005,5237,51658
T10114,2025-01-01,922,4805,56463
T10114,2025-02-01,586,3054,59517
T10114,2025-03-01,385,2006,61523
T10114,2025-04-01,11457,59711,121234
T10114,2025-05-01,357,1860,123094
T10114,2025-06-01,180,938,124032
T10115,2024-01-01,23193,102049,102049
T10115,2024-02-01,20366,130026,232075
T10115,2024-03-01,24375,107250,339325
T10115,2024-04-01,34337,151082,490407
T10115,2024-05-01,24913,109617,600024
T10115,2024-06-01,23449,151941,751965
T10115,2024-07-01,24573,108121,860086
T10115,2024-08-01,17844,78513,938599
T10115,2024-09-01,24732,108820,1047419
T10115,2024-10-01,33451,147184,1194603
T10115,2024-11-01,19041,83780,1278383
T10115,2024-12-01,17498,76991,1355374
T10115,2025-01-01,32175,141570,1496944
T10115,2025-02-01,27362,164174,1661118
T10115,2025-03-01,20396,89742,1750860
T10115,2025-04-01,30214,132941,1883801
T10115,2025-05-01,33278,146423,2030224
T10115,2025-06-01,20719,91163,2121387
T10116,2024-01-01,59153,65068,65068
T10116,2024-02-01,63227,102811,167879
T10116,2024-03-01,42778,47055,214934
T10116,2024-04-01,45865,50451,265385
T10116,2024-05-01,49371,54308,319693
T10116,2024-06-01,44542,48996,368689
T10116,2024-07-01,29018,31919,400608
T10116,2024-08-01,78645,86509,487117
T10116,2024-09-01,48886,53774,540891
T10116,2024-10-01,55125,60637,601528
T10116,2024-11-01,58820,64702,666230
T10116,2024-12-01,37523,41275,707505
T10116,2025-01-01,63052,69357,776862
T10116,2025-02-01,54492,59941,836803
T10116,2025-03-01,55707,61277,898080
T10116,2025-04-01,56024,61626,959706
T10116,2025-05-01,55162,60678,1020384
T10116,2025-06-01,45719,50290,1070674
T10117,2024-01-01,38365,45577,45577
T10117,2024-02-01,27916,33164,78741
T10117,2024-03-01,28099,33381,112122
T10117,2024-04-01,37256,44260,156382
T10117,2024-05-01,32810,38978,195360
T10117,2024-06-01,28584,33957,229317
T10117,2024-07-01,25850,30709,260026
T10117,2024-08-01,38421,45644,305670
T10117,2024-09-01,23776,28245,333915
T10117,2024-10-01,24040,28559,362474
T10117,2024-11-01,22153,26317,388791
T10117,2024-12-01,27983,48125,436916
T10117,2025-01-01,27302,32434,469350
T10117,2025-02-01,32087,38119,507469
T10117,2025-03-01,27433,32590,540059
T10117,2025-04-01,40817,48490,588549
T10117,2025-05-01,35909,42659,631208
T10117,2025-06-01,27903,33148,664356
T10118,2024-01-01,36952,48146,48146
T10118,2024-02-01,38254,63311,111457
T10118,2024-03-01,37506,48868,160325
T10118,2024-04-01,29994,39080,199405
T10118,2024-05-01,38423,50063,249468
T10118,2024-06-01,19762,25748,275216
T10118,2024-07-01,35063,45685,320901
T10118,2024-08-01,29119,47442,368343
T10118,2024-09-01,33196,43252,411595
T10118,2024-10-01,57474,74885,486480
T10118,2024-11-01,36229,59450,545930
T10118,2024-12-01,19074,24852,570782
T10118,2025-01-01,44733,58284,629066
T10118,2025-02-01,49064,63927,692993
T10118,2025-03-01,33857,58675,751668
T10118,2025-04-01,51386,66953,818621
T10118,2025-05-01,28086,36594,855215
T10118,2025-06-01,34716,45233,900448
T10119,2024-01-01,26183,66242,66242
T10119,2024-02-01,30500,77165,143407
T10119,2024-03-01,24585,62200,205607
T10119,2024-04-01,28997,73362,278969
T10119,2024-05-01,25513,64547,343516
T10119,2024-06-01,24449,61855,405371
T10119,2024-07-01,24477,83331,488702
T10119,2024-08-01,31719,80249,568951
T10119,2024-09-01,23789,60186,629137
T10119,2024-10-01,25084,63462,692599
T10119,2024-11-01,23774,60148,752747
T10119,2024-12-01,18804,47574,800321
T10119,2025-01-01,22142,56019,856340
T10119,2025-02-01,28996,73359,929699
T10119,2025-03-01,25751,65150,994849
T10119,2025-04-01,22786,57648,1052497
T10119,2025-05-01,18026,45605,1098102
T10119,2025-06-01,23593,59690,1157792
T10120,2024-01-01,2928,9662,9662
T10120,2024-02-01,2253,7434,17096
T10120,2024-03-01,1925,8541,25637
T10120,2024-04-01,3008,9926,35563
T10120,2024-05-01,2386,7873,43436
T10120,2024-06-01,2153,7104,50540
T10120,2024-07-01,2256,7444,57984
T10120,2024-08-01,1486,4903,62887
T10120,2024-09-01,2395,7903,70790
T10120,2024-10-01,2657,8768,79558
T10120,2024-11-01,3057,10088,89646
T10120,2024-12-01,2635,8695,98341
T10120,2025-01-01,2195,7243,105584
T10120,2025-02-01,2257,7448,113032
T10120,2025-03-01,2245,7408,120440
T10120,2025-04-01,2464,12588,133028
T10120,2025-05-01,2795,9223,142251
T10120,2025-06-01,1846,6091,148342
T10121,2024-01-01,3805,18903,18903
T10121,2024-02-01,6281,31204,50107
T10121,2024-03-01,7392,36723,86830
T10121,2024-04-01,4471,22211,109041
T10121,2024-05-01,4584,22773,131814
T10121,2024-06-01,4480,22256,154070
T10121,2024-07-01,5445,27050,181120
T10121,2024-08-01,6848,34020,215140
T10121,2024-09-01,5810,28864,244004
T10121,2024-10-01,4813,23910,267914
T10121,2024-11-01,4946,24571,292485
T10121,2024-12-01,4102,20378,312863
T10121,2025-01-01,4231,21019,333882
T10121,2025-02-01,5326,26459,360341
T10121,2025-03-01,7256,36047,396388
T10121,2025-04-01,5829,28958,425346
T10121,2025-05-01,5112,25396,450742
T10121,2025-06-01,5775,28690,479432
T10122,2024-01-01,15181,34400,34400
T10122,2024-02-01,15999,36253,70653
T10122,2024-03-01,14869,33693,104346
T10122,2024-04-01,11460,25968,130314
T10122,2024-05-01,21225,48095,178409
T10122,2024-06-01,17697,40101,218510
T10122,2024-07-01,13539,30679,249189
T10122,2024-08-01,16578,51154,300343
T10122,2024-09-01,19309,43754,344097
T10122,2024-10-01,17040,38612,382709
T10122,2024-11-01,13146,29788,412497
T10122,2024-12-01,17462,39568,452065
T10122,2025-01-01,13993,31708,483773
T10122,2025-02-01,17132,38821,522594
T10122,2025-03-01,15745,35678,558272
T10122,2025-04-01,13696,31035,589307
T10122,2025-05-01,8648,19596,608903
T10122,2025-06-01,15919,36072,644975
T10123,2024-01-01,15957,63828,63828
T10123,2024-02-01,15562,62248,126076
T10123,2024-03-01,15126,82414,208490
T10123,2024-04-01,10911,43644,252134
T10123,2024-05-01,12119,64657,316791
T10123,2024-06-01,13333,53332,370123
T10123,2024-07-01,16441,65764,435887
T10123,2024-08-01,15939,63756,499643
T10123,2024-09-01,14455,57820,557463
T10123,2024-10-01,14801,59204,616667
T10123,2024-11-01,16266,65064,681731
T10123,2024-12-01,13165,52660,734391
T10123,2025-01-01,12571,78832,813223
T10123,2025-02-01,9460,37840,851063
T10123,2025-03-01,14692,58768,909831
T10123,2025-04-01,11577,46308,956139
T10123,2025-05-01,13801,55204,1011343
T10123,2025-06-01,12592,50368,1061711
T10124,2024-01-01,38046,114138,114138
T10124,2024-02-01,45499,136497,250635
T10124,2024-03-01,35365,147207,397842
T10124,2024-04-01,54544,163632,561474
T10124,2024-05-01,45605,136815,698289
T10124,2024-06-01,51499,154497,852786
T10124,2024-07-01,48768,146304,999090
T10124,2024-08-01,43338,130014,1129104
T10124,2024-09-01,43977,131931,1261035
T10124,2024-10-01,42456,173211,1434246
T10124,2024-11-01,31885,95655,1529901
T10124,2024-12-01,41678,163191,1693092
T10124,2025-01-01,52845,158535,1851627
T10124,2025-02-01,47007,141021,1992648
T10124,2025-03-01,44867,134601,2127249
T10124,2025-04-01,43848,131544,2258793
T10124,2025-05-01,47700,143100,2401893
T10124,2025-06-01,38267,114801,2516694
T10125,2024-01-01,35037,41623,41623
T10125,2024-02-01,52030,61811,103434
T10125,2024-03-01,34708,41233,144667
T10125,2024-04-01,48084,57123,201790
T10125,2024-05-01,38434,58976,260766
T10125,2024-06-01,37143,44125,304891
T10125,2024-07-01,44431,52784,357675
T10125,2024-08-01,45773,54378,412053
T10125,2024-09-01,39602,47047,459100
T10125,2024-10-01,47411,56324,515424
T10125,2024-11-01,41042,48757,564181
T10125,2024-12-01,43404,51563,615744
T10125,2025-01-01,49454,58751,674495
T10125,2025-02-01,33864,40230,714725
T10125,2025-03-01,51381,61040,775765
T10125,2025-04-01,56478,86349,862114
T10125,2025-05-01,45649,54231,916345
T10125,2025-06-01,46005,54653,970998
T10126,2024-01-01,49956,99912,99912
T10126,2024-02-01,35458,70916,170828
T10126,2024-03-01,42166,118229,289057
T10126,2024-04-01,37387,74774,363831
T10126,2024-05-01,43511,87022,450853
T10126,2024-06-01,39700,117421,568274
T10126,2024-07-01,47710,95420,663694
T10126,2024-08-01,47327,94654,758348
T10126,2024-09-01,46506,93012,851360
T10126,2024-10-01,59662,119324,970684
T10126,2024-11-01,51859,162544,1133228
T10126,2024-12-01,43279,86558,1219786
T10126,2025-01-01,39883,79766,1299552
T10126,2025-02-01,51075,102150,1401702
T10126,2025-03-01,41455,82910,1484612
T10126,2025-04-01,45038,90076,1574688
T10126,2025-05-01,43327,86654,1661342
T10126,2025-06-01,44215,88430,1749772
T10127,2024-01-01,31789,31789,31789
T10127,2024-02-01,38037,60154,91943
T10127,2024-03-01,33326,33326,125269
T10127,2024-04-01,27477,27477,152746
T10127,2024-05-01,33516,47778,200524
T10127,2024-06-01,31490,31490,232014
T10127,2024-07-01,17515,17515,249529
T10127,2024-08-01,37338,37338,286867
T10127,2024-09-01,36417,54421,341288
T10127,2024-10-01,32860,32860,374148
T10127,2024-11-01,44018,55933,430081
T10127,2024-12-01,26501,26501,456582
T10127,2025-01-01,25291,25291,481873
T10127,2025-02-01,32789,32789,514662
T10127,2025-03-01,40006,40006,554668
T10127,2025-04-01,44233,44233,598901
T10127,2025-05-01,20066,20066,618967
T10127,2025-06-01,26435,26435,645402
T10128,2024-01-01,21648,86592,86592
T10128,2024-02-01,25651,102604,189196
T10128,2024-03-01,42033,262197,451393
T10128,2024-04-01,30926,123704,575097
T10128,2024-05-01,32077,128308,703405
T10128,2024-06-01,24045,96180,799585
T10128,2024-07-01,23077,92308,891893
T10128,2024-08-01,27229,108916,1000809
T10128,2024-09-01,36090,144360,1145169
T10128,2024-10-01,27717,110868,1256037
T10128,2024-11-01,28480,181521,1437558
T10128,2024-12-01,24719,136294,1573852
T10128,2025-01-01,16004,64016,1637868
T10128,2025-02-01,24621,98484,1736352
T10128,2025-03-01,36498,145992,1882344
T10128,2025-04-01,42959,171836,2054180
T10128,2025-05-01,25554,102216,2156396
T10128,2025-06-01,32709,130836,2287232
T10129,2024-01-01,38535,84777,84777
T10129,2024-02-01,2843,6254,91031
T10129,2024-03-01,2882,6340,97371
T10129,2024-04-01,1450,3190,100561
T10129,2024-05-01,3469,7631,108192
T10129,2024-06-01,1646,5727,113919
T10129,2024-07-01,1840,4048,117967
T10129,2024-08-01,10,22,117989
T10129,2024-09-01,116,255,118244
T10129,2024-10-01,752,2290,120534
T10129,2024-11-01,629,1383,121917
T10129,2024-12-01,3673,8080,129997
T10129,2025-01-01,2903,6386,136383
T10129,2025-02-01,2632,5790,142173
T10129,2025-03-01,33743,74234,216407
T10129,2025-04-01,1892,4162,220569
T10129,2025-05-01,31825,70015,290584
T10129,2025-06-01,42014,142530,433114
T10130,2024-01-01,918,6543,6543
T10130,2024-02-01,546,3891,10434
T10130,2024-03-01,205,1461,11895
T10130,2024-04-01,1408,10036,21931
T10130,2024-05-01,857,6108,28039
T10130,2024-06-01,545,3884,31923
T10130,2024-07-01,2225,15859,47782
T10130,2024-08-01,1089,7762,55544
T10130,2024-09-01,979,6978,62522
T10130,2024-10-01,459,3271,65793
T10130,2024-11-01,222,1582,67375
T10130,2024-12-01,2177,15517,82892
T10130,2025-01-01,561,3998,86890
T10130,2025-02-01,19969,142339,229229
T10130,2025-03-01,62,441,229670
T10130,2025-04-01,19185,136750,366420
T10130,2025-05-01,1523,10855,377275
T10130,2025-06-01,230,2595,379870
T10131,2024-01-01,28096,31832,31832
T10131,2024-02-01,46175,52316,84148
T10131,2024-03-01,34784,39410,123558
T10131,2024-04-01,26082,29550,153108
T10131,2024-05-01,31634,35841,188949
T10131,2024-06-01,24972,28293,217242
T10131,2024-07-01,30735,34822,252064
T10131,2024-08-01,26912,30491,282555
T10131,2024-09-01,33560,38023,320578
T10131,2024-10-01,30841,34942,355520
T10131,2024-11-01,42192,47803,403323
T10131,2024-12-01,42477,48126,451449
T10131,2025-01-01,41556,47082,498531
T10131,2025-02-01,34086,38619,537150
T10131,2025-03-01,32898,37273,574423
T10131,2025-04-01,22751,25776,600199
T10131,2025-05-01,39944,45256,645455
T10131,2025-06-01,38118,43187,688642
T10132,2024-01-01,37510,133685,133685
T10132,2024-02-01,30456,108545,242230
T10132,2024-03-01,48903,174290,416520
T10132,2024-04-01,39053,139184,555704
T10132,2024-05-01,29034,103477,659181
T10132,2024-06-01,44630,159061,818242
T10132,2024-07-01,37085,132170,950412
T10132,2024-08-01,34372,122501,1072913
T10132,2024-09-01,33792,120434,1193347
T10132,2024-10-01,39106,139373,1332720
T10132,2024-11-01,55516,197859,1530579
T10132,2024-12-01,47535,219313,1749892
T10132,2025-01-01,63306,225622,1975514
T10132,2025-02-01,45564,162390,2137904
T10132,2025-03-01,37993,181642,2319546
T10132,2025-04-01,34683,123610,2443156
T10132,2025-05-01,43693,155721,2598877
T10132,2025-06-01,41844,203609,2802486
T10133,2024-01-01,44214,191004,191004
T10133,2024-02-01,34319,148258,339262
T10133,2024-03-01,43073,186075,525337
T10133,2024-04-01,21743,93929,619266
T10133,2024-05-01,35695,154202,773468
T10133,2024-06-01,44265,191224,964692
T10133,2024-07-01,45695,197402,1162094
T10133,2024-08-01,33524,144823,1306917
T10133,2024-09-01,46316,200085,1507002
T10133,2024-10-01,29475,127332,1634334
T10133,2024-11-01,24206,104569,1738903
T10133,2024-12-01,37031,252024,1990927
T10133,2025-01-01,36509,157718,2148645
T10133,2025-02-01,31811,137423,2286068
T10133,2025-03-01,46021,198810,2484878
T10133,2025-04-01,52072,224951,2709829
T10133,2025-05-01,24343,105161,2814990
T10133,2025-06-01,36966,159693,2974683
T10134,2024-01-01,402,476,476
T10134,2024-02-01,2310,2736,3212
T10134,2024-03-01,2689,3185,6397
T10134,2024-04-01,2687,3182,9579
T10134,2024-05-01,2928,3468,13047
T10134,2024-06-01,615,728,13775
T10134,2024-07-01,107,126,13901
T10134,2024-08-01,2561,3033,16934
T10134,2024-09-01,43462,51480,68414
T10134,2024-10-01,29334,34746,103160
T10134,2024-11-01,29039,34396,137556
T10134,2024-12-01,2269,3677,141233
T10134,2025-01-01,2243,2656,143889
T10134,2025-02-01,2480,2937,146826
T10134,2025-03-01,2079,2462,149288
T10134,2025-04-01,7,8,149296
T10134,2025-05-01,2520,2984,152280
T10134,2025-06-01,926,1096,153376
T10135,2024-01-01,4920,21648,21648
T10135,2024-02-01,3518,15479,37127
T10135,2024-03-01,4695,20658,57785
T10135,2024-04-01,3671,16152,73937
T10135,2024-05-01,5214,22941,96878
T10135,2024-06-01,4793,21089,117967
T10135,2024-07-01,4981,21916,139883
T10135,2024-08-01,3111,13688,153571
T10135,2024-09-01,4613,20297,173868
T10135,2024-10-01,5302,23328,197196
T10135,2024-11-01,3649,16055,213251
T10135,2024-12-01,4435,19514,232765
T10135,2025-01-01,5178,22783,255548
T10135,2025-02-01,4317,18994,274542
T10135,2025-03-01,4469,19663,294205
T10135,2025-04-01,4892,21524,315729
T10135,2025-05-01,4007,17630,333359
T10135,2025-06-01,6818,29999,363358
T10136,2024-01-01,32633,65266,65266
T10136,2024-02-01,27569,55138,120404
T10136,2024-03-01,33535,67070,187474
T10136,2024-04-01,47608,95216,282690
T10136,2024-05-01,41964,83928,366618
T10136,2024-06-01,33228,66456,433074
T10136,2024-07-01,42436,84872,517946
T10136,2024-08-01,40503,81006,598952
T10136,2024-09-01,19947,39894,638846
T10136,2024-10-01,44809,89618,728464
T10136,2024-11-01,33547,67094,795558
T10136,2024-12-01,40559,81118,876676
T10136,2025-01-01,44074,88148,964824
T10136,2025-02-01,34377,68754,1033578
T10136,2025-03-01,31548,63096,1096674
T10136,2025-04-01,33153,66306,1162980
T10136,2025-05-01,31891,63782,1226762
T10136,2025-06-01,33131,66262,1293024
T10137,2024-01-01,22067,86256,86256
T10137,2024-02-01,21230,82984,169240
T10137,2024-03-01,23734,92772,262012
T10137,2024-04-01,19533,76351,338363
T10137,2024-05-01,14403,56299,394662
T10137,2024-06-01,20493,80104,474766
T10137,2024-07-01,18898,73869,548635
T10137,2024-08-01,18694,73072,621707
T10137,2024-09-01,26546,103764,725471
T10137,2024-10-01,16126,63034,788505
T10137,2024-11-01,16523,64585,853090
T10137,2024-12-01,20994,82062,935152
T10137,2025-01-01,24895,97310,1032462
T10137,2025-02-01,17251,67431,1099893
T10137,2025-03-01,15657,61200,1161093
T10137,2025-04-01,16408,64136,1225229
T10137,2025-05-01,19132,74784,1300013
T10137,2025-06-01,18102,70758,1370771
T10138,2024-01-01,55596,447547,447547
T10138,2024-02-01,33651,270890,718437
T10138,2024-03-01,28672,230809,949246
T10138,2024-04-01,39868,320937,1270183
T10138,2024-05-01,45840,369012,1639195
T10138,2024-06-01,34392,276855,1916050
T10138,2024-07-01,36348,292601,2208651
T10138,2024-08-01,26124,210298,2418949
T10138,2024-09-01,31858,256456,2675405
T10138,2024-10-01,45389,365381,3040786
T10138,2024-11-01,57160,460137,3500923
T10138,2024-12-01,34270,275873,3776796
T10138,2025-01-01,44007,354256,4131052
T10138,2025-02-01,38503,309949,4441001
T10138,2025-03-01,41274,332255,4773256
T10138,2025-04-01,26594,214081,4987337
T10138,2025-05-01,39483,317838,5305175
T10138,2025-06-01,38471,309691,5614866
T10139,2024-01-01,25135,238883,238883
T10139,2024-02-01,13276,126175,365058
T10139,2024-03-01,32751,311265,676323
T10139,2024-04-01,35752,471668,1147991
T10139,2024-05-01,24585,233655,1381646
T10139,2024-06-01,34633,329152,1710798
T10139,2024-07-01,28709,272850,1983648
T10139,2024-08-01,30459,289482,2273130
T10139,2024-09-01,29868,283865,2556995
T10139,2024-10-01,34628,329104,2886099
T10139,2024-11-01,20841,198072,3084171
T10139,2024-12-01,23405,222441,3306612
T10139,2025-01-01,30824,292951,3599563
T10139,2025-02-01,22800,216691,3816254
T10139,2025-03-01,26760,254327,4070581
T10139,2025-04-01,30810,292818,4363399
T10139,2025-05-01,33810,321330,4684729
T10139,2025-06-01,31140,295954,4980683
T10140,2024-01-01,44982,291483,291483
T10140,2024-02-01,42554,275749,567232
T10140,2024-03-01,69485,450262,1017494
T10140,2024-04-01,34631,224408,1241902
T10140,2024-05-01,30503,197659,1439561
T10140,2024-06-01,24931,161552,1601113
T10140,2024-07-01,50108,440910,2042023
T10140,2024-08-01,40526,262608,2304631
T10140,2024-09-01,33483,216969,2521600
T10140,2024-10-01,62669,641025,3162625
T10140,2024-11-01,32124,208163,3370788
T10140,2024-12-01,51108,331179,3701967
T10140,2025-01-01,42583,401379,4103346
T10140,2025-02-01,49429,320299,4423645
T10140,2025-03-01,47876,310236,4733881
T10140,2025-04-01,52689,341424,5075305
T10140,2025-05-01,34003,220339,5295644
T10140,2025-06-01,42315,347621,5643265
T10141,2024-01-01,17450,104700,104700
T10141,2024-02-01,21584,129504,234204
T10141,2024-03-01,17396,104376,338580
T10141,2024-04-01,19670,118020,456600
T10141,2024-05-01,23166,138996,595596
T10141,2024-06-01,25119,150714,746310
T10141,2024-07-01,14345,86070,832380
T10141,2024-08-01,15796,94776,927156
T10141,2024-09-01,17693,106158,1033314
T10141,2024-10-01,15811,94866,1128180
T10141,2024-11-01,23983,143898,1272078
T10141,2024-12-01,19381,116286,1388364
T10141,2025-01-01,14088,84528,1472892
T10141,2025-02-01,20168,121008,1593900
T10141,2025-03-01,23562,141372,1735272
T10141,2025-04-01,26119,156714,1891986
T10141,2025-05-01,13829,82974,1974960
T10141,2025-06-01,19219,115314,2090274
T10142,2024-01-01,39798,326232,326232
T10142,2024-02-01,43726,358430,684662
T10142,2024-03-01,38984,319559,1004221
T10142,2024-04-01,45409,372226,1376447
T10142,2024-05-01,35851,293877,1670324
T10142,2024-06-01,37440,413720,2084044
T10142,2024-07-01,41481,340028,2424072
T10142,2024-08-01,54297,445083,2869155
T10142,2024-09-01,35287,289254,3158409
T10142,2024-10-01,62155,509496,3667905
T10142,2024-11-01,47342,388071,4055976
T10142,2024-12-01,43102,353315,4409291
T10142,2025-01-01,48350,396334,4805625
T10142,2025-02-01,50035,410146,5215771
T10142,2025-03-01,54895,449985,5665756
T10142,2025-04-01,38756,317690,5983446
T10142,2025-05-01,48251,395523,6378969
T10142,2025-06-01,42255,346372,6725341
T10143,2024-01-01,43671,110487,110487
T10143,2024-02-01,36818,93149,203636
T10143,2024-03-01,30599,77415,281051
T10143,2024-04-01,43476,109994,391045
T10143,2024-05-01,52709,133353,524398
T10143,2024-06-01,47580,162395,686793
T10143,2024-07-01,47179,119362,806155
T10143,2024-08-01,34890,115722,921877
T10143,2024-09-01,45566,115281,1037158
T10143,2024-10-01,41107,159092,1196250
T10143,2024-11-01,48312,122229,1318479
T10143,2024-12-01,41015,103767,1422246
T10143,2025-01-01,43848,110935,1533181
T10143,2025-02-01,41925,161456,1694637
T10143,2025-03-01,50986,128994,1823631
T10143,2025-04-01,44888,113566,1937197
T10143,2025-05-01,31673,80132,2017329
T10143,2025-06-01,42546,107641,2124970
T10144,2024-01-01,20618,103090,103090
T10144,2024-02-01,15738,78690,181780
T10144,2024-03-01,9927,49635,231415
T10144,2024-04-01,19886,99430,330845
T10144,2024-05-01,19816,99080,429925
T10144,2024-06-01,16918,84590,514515
T10144,2024-07-01,19622,98110,612625
T10144,2024-08-01,24812,124060,736685
T10144,2024-09-01,21726,108630,845315
T10144,2024-10-01,17364,86820,932135
T10144,2024-11-01,21260,106300,1038435
T10144,2024-12-01,15805,79025,1117460
T10144,2025-01-01,12570,62850,1180310
T10144,2025-02-01,13132,65660,1245970
T10144,2025-03-01,20335,101675,1347645
T10144,2025-04-01,10075,50375,1398020
T10144,2025-05-01,24297,121485,1519505
T10144,2025-06-01,16720,83600,1603105
T10145,2024-01-01,26059,61916,61916
T10145,2024-02-01,22432,53298,115214
T10145,2024-03-01,20596,48936,164150
T10145,2024-04-01,31811,75582,239732
T10145,2024-05-01,29128,69208,308940
T10145,2024-06-01,25115,59673,368613
T10145,2024-07-01,24558,58349,426962
T10145,2024-08-01,24033,57102,484064
T10145,2024-09-01,38282,90958,575022
T10145,2024-10-01,29619,70374,645396
T10145,2024-11-01,19776,46987,692383
T10145,2024-12-01,21969,52198,744581
T10145,2025-01-01,28457,67613,812194
T10145,2025-02-01,23224,55180,867374
T10145,2025-03-01,28337,67328,934702
T10145,2025-04-01,35776,85003,1019705
T10145,2025-05-01,28095,66753,1086458
T10145,2025-06-01,27939,66383,1152841
T10146,2024-01-01,26470,87351,87351
T10146,2024-02-01,29431,97122,184473
T10146,2024-03-01,28492,94023,278496
T10146,2024-04-01,29962,145640,424136
T10146,2024-05-01,33263,109767,533903
T10146,2024-06-01,23892,106406,640309
T10146,2024-07-01,31036,102418,742727
T10146,2024-08-01,26910,88803,831530
T10146,2024-09-01,34551,114018,945548
T10146,2024-10-01,31125,102712,1048260
T10146,2024-11-01,20812,68679,1116939
T10146,2024-12-01,24839,81968,1198907
T10146,2025-01-01,25978,85727,1284634
T10146,2025-02-01,24559,119928,1404562
T10146,2025-03-01,28067,92621,1497183
T10146,2025-04-01,30867,101861,1599044
T10146,2025-05-01,21597,71270,1670314
T10146,2025-06-01,29342,96828,1767142
T10147,2024-01-01,49314,306239,306239
T10147,2024-02-01,27406,170191,476430
T10147,2024-03-01,29821,185188,661618
T10147,2024-04-01,39486,377332,1038950
T10147,2024-05-01,47741,374254,1413204
T10147,2024-06-01,26120,162205,1575409
T10147,2024-07-01,42018,260931,1836340
T10147,2024-08-01,37109,230446,2066786
T10147,2024-09-01,49213,305612,2372398
T10147,2024-10-01,40282,343347,2715745
T10147,2024-11-01,39164,243208,2958953
T10147,2024-12-01,38556,315634,3274587
T10147,2025-01-01,46278,439966,3714553
T10147,2025-02-01,24942,154889,3869442
T10147,2025-03-01,41641,258590,4128032
T10147,2025-04-01,38765,240730,4368762
T10147,2025-05-01,36551,226981,4595743
T10147,2025-06-01,37456,232601,4828344
T10148,2024-01-01,39579,375050,375050
T10148,2024-02-01,36195,507963,883013
T10148,2024-03-01,47746,452441,1335454
T10148,2024-04-01,40362,382470,1717924
T10148,2024-05-01,40942,387966,2105890
T10148,2024-06-01,31930,302568,2408458
T10148,2024-07-01,46453,440188,2848646
T10148,2024-08-01,33051,313191,3161837
T10148,2024-09-01,28459,269677,3431514
T10148,2024-10-01,34159,323690,3755204
T10148,2024-11-01,41921,397243,4152447
T10148,2024-12-01,36110,342178,4494625
T10148,2025-01-01,35172,333289,4827914
T10148,2025-02-01,28270,267886,5095800
T10148,2025-03-01,28606,271070,5366870
T10148,2025-04-01,23625,223870,5590740
T10148,2025-05-01,45510,431252,6021992
T10148,2025-06-01,28748,272416,6294408
T10149,2024-01-01,52320,355671,355671
T10149,2024-02-01,37331,253776,609447
T10149,2024-03-01,37039,251791,861238
T10149,2024-04-01,41282,280635,1141873
T10149,2024-05-01,43019,292443,1434316
T10149,2024-06-01,40653,421719,1856035
T10149,2024-07-01,42388,288153,2144188
T10149,2024-08-01,56765,385888,2530076
T10149,2024-09-01,35518,241451,2771527
T10149,2024-10-01,38984,265013,3036540
T10149,2024-11-01,40313,274047,3310587
T10149,2024-12-01,43287,294265,3604852
T10149,2025-01-01,52943,359906,3964758
T10149,2025-02-01,34351,233518,4198276
T10149,2025-03-01,33710,229160,4427436
T10149,2025-04-01,44242,300757,4728193
T10149,2025-05-01,50928,346208,5074401
T10149,2025-06-01,44518,302633,5377034
T10150,2024-01-01,16942,74544,74544
T10150,2024-02-01,25634,112789,187333
T10150,2024-03-01,21299,93715,281048
T10150,2024-04-01,21499,94595,375643
T10150,2024-05-01,19190,84436,460079
T10150,2024-06-01,15196,66862,526941
T10150,2024-07-01,15569,68503,595444
T10150,2024-08-01,26836,164385,759829
T10150,2024-09-01,21662,95312,855141
T10150,2024-10-01,19210,84524,939665
T10150,2024-11-01,22984,101129,1040794
T10150,2024-12-01,19827,87238,1128032
T10150,2025-01-01,19125,119904,1247936
T10150,2025-02-01,18394,80933,1328869
T10150,2025-03-01,20080,88352,1417221
T10150,2025-04-01,19450,85580,1502801
T10150,2025-05-01,14933,65705,1568506
T10150,2025-06-01,21625,95150,1663656
T10151,2024-01-01,25308,167032,167032
T10151,2024-02-01,29870,197142,364174
T10151,2024-03-01,24510,161766,525940
T10151,2024-04-01,19550,129030,654970
T10151,2024-05-01,31704,209246,864216
T10151,2024-06-01,25050,165330,1029546
T10151,2024-07-01,23561,155502,1185048
T10151,2024-08-01,31588,285736,1470784
T10151,2024-09-01,23318,153898,1624682
T10151,2024-10-01,26326,173751,1798433
T10151,2024-11-01,27880,184008,1982441
T10151,2024-12-01,29358,193762,2176203
T10151,2025-01-01,27558,181882,2358085
T10151,2025-02-01,25956,260005,2618090
T10151,2025-03-01,21990,218158,2836248
T10151,2025-04-01,28660,189156,3025404
T10151,2025-05-01,18901,124746,3150150
T10151,2025-06-01,16028,105784,3255934
T10152,2024-01-01,22369,51448,51448
T10152,2024-02-01,15107,34746,86194
T10152,2024-03-01,19662,45222,131416
T10152,2024-04-01,22714,52242,183658
T10152,2024-05-01,19697,45303,228961
T10152,2024-06-01,26908,83817,312778
T10152,2024-07-01,29873,68707,381485
T10152,2024-08-01,22484,51713,433198
T10152,2024-09-01,21668,49836,483034
T10152,2024-10-01,15500,35650,518684
T10152,2024-11-01,23705,54521,573205
T10152,2024-12-01,24265,55809,629014
T10152,2025-01-01,21180,48713,677727
T10152,2025-02-01,29318,67431,745158
T10152,2025-03-01,16150,37145,782303
T10152,2025-04-01,23910,82317,864620
T10152,2025-05-01,27179,62511,927131
T10152,2025-06-01,31219,71803,998934
T10153,2024-01-01,42743,235086,235086
T10153,2024-02-01,59295,326122,561208
T10153,2024-03-01,48510,266805,828013
T10153,2024-04-01,61097,336033,1164046
T10153,2024-05-01,60073,330401,1494447
T10153,2024-06-01,35334,248303,1742750
T10153,2024-07-01,49077,269923,2012673
T10153,2024-08-01,51881,285345,2298018
T10153,2024-09-01,51373,282551,2580569
T10153,2024-10-01,43285,238067,2818636
T10153,2024-11-01,57382,315601,3134237
T10153,2024-12-01,58130,319715,3453952
T10153,2025-01-01,49946,399250,3853202
T10153,2025-02-01,52216,287188,4140390
T10153,2025-03-01,44369,244029,4384419
T10153,2025-04-01,69112,380116,4764535
T10153,2025-05-01,35858,197219,4961754
T10153,2025-06-01,33992,186956,5148710
T10154,2024-01-01,15133,68582,68582
T10154,2024-02-01,20919,94804,163386
T10154,2024-03-01,13023,59020,222406
T10154,2024-04-01,20533,93055,315461
T10154,2024-05-01,18993,86076,401537
T10154,2024-06-01,10863,49231,450768
T10154,2024-07-01,17457,79115,529883
T10154,2024-08-01,15029,68111,597994
T10154,2024-09-01,16195,73395,671389
T10154,2024-10-01,17863,80955,752344
T10154,2024-11-01,14786,67010,819354
T10154,2024-12-01,15880,71968,891322
T10154,2025-01-01,18507,83873,975195
T10154,2025-02-01,19035,86266,1061461
T10154,2025-03-01,13859,62808,1124269
T10154,2025-04-01,12194,55263,1179532
T10154,2025-05-01,16966,76889,1256421
T10154,2025-06-01,14931,67667,1324088
T10155,2024-01-01,21676,71530,71530
T10155,2024-02-01,32823,108315,179845
T10155,2024-03-01,33127,109319,289164
T10155,2024-04-01,24123,79605,368769
T10155,2024-05-01,34878,171886,540655
T10155,2024-06-01,30036,99118,639773
T10155,2024-07-01,26311,86826,726599
T10155,2024-08-01,24671,122229,848828
T10155,2024-09-01,21170,69861,918689
T10155,2024-10-01,23695,78193,996882
T10155,2024-11-01,36113,119172,1116054
T10155,2024-12-01,39518,130409,1246463
T10155,2025-01-01,27787,91697,1338160
T10155,2025-02-01,35204,116173,1454333
T10155,2025-03-01,32796,108226,1562559
T10155,2025-04-01,26769,88337,1650896
T10155,2025-05-01,23093,99529,1750425
T10155,2025-06-01,21650,71445,1821870
T10156,2024-01-01,7022,42132,42132
T10156,2024-02-01,9826,81967,124099
T10156,2024-03-01,7379,44274,168373
T10156,2024-04-01,9688,58128,226501
T10156,2024-05-01,4768,28608,255109
T10156,2024-06-01,7735,46410,301519
T10156,2024-07-01,7967,47802,349321
T10156,2024-08-01,4457,26742,376063
T10156,2024-09-01,8465,50790,426853
T10156,2024-10-01,11260,67560,494413
T10156,2024-11-01,5265,31590,526003
T10156,2024-12-01,7610,45660,571663
T10156,2025-01-01,7609,45654,617317
T10156,2025-02-01,11143,66858,684175
T10156,2025-03-01,4065,24390,708565
T10156,2025-04-01,6089,56226,764791
T10156,2025-05-01,7205,43230,808021
T10156,2025-06-01,6629,39774,847795
T10157,2024-01-01,44189,345456,345456
T10157,2024-02-01,46140,360708,706164
T10157,2024-03-01,46805,365907,1072071
T10157,2024-04-01,48062,502937,1575008
T10157,2024-05-01,53754,420232,1995240
T10157,2024-06-01,56336,440417,2435657
T10157,2024-07-01,35133,274659,2710316
T10157,2024-08-01,52255,408513,3118829
T10157,2024-09-01,43513,340171,3459000
T10157,2024-10-01,69210,541063,4000063
T10157,2024-11-01,32783,256287,4256350
T10157,2024-12-01,46361,362436,4618786
T10157,2025-01-01,58041,687381,5306167
T10157,2025-02-01,49629,387984,5694151
T10157,2025-03-01,61542,654187,6348338
T10157,2025-04-01,54408,425345,6773683
T10157,2025-05-01,49098,383833,7157516
T10157,2025-06-01,50920,398077,7555593
T10158,2024-01-01,16324,16324,16324
T10158,2024-02-01,18442,18442,34766
T10158,2024-03-01,19249,19249,54015
T10158,2024-04-01,18801,18801,72816
T10158,2024-05-01,18089,18089,90905
T10158,2024-06-01,15840,22380,113285
T10158,2024-07-01,18236,18236,131521
T10158,2024-08-01,24155,24155,155676
T10158,2024-09-01,25537,25537,181213
T10158,2024-10-01,20815,20815,202028
T10158,2024-11-01,22114,22114,224142
T10158,2024-12-01,19808,19808,243950
T10158,2025-01-01,21976,21976,265926
T10158,2025-02-01,22115,22115,288041
T10158,2025-03-01,21743,21743,309784
T10158,2025-04-01,21685,21685,331469
T10158,2025-05-01,21950,21950,353419
T10158,2025-06-01,18207,28086,381505
T10159,2024-01-01,18429,55287,55287
T10159,2024-02-01,16633,49899,105186
T10159,2024-03-01,17546,52638,157824
T10159,2024-04-01,14834,44502,202326
T10159,2024-05-01,21273,63819,266145
T10159,2024-06-01,21662,87585,353730
T10159,2024-07-01,18392,55176,408906
T10159,2024-08-01,17540,52620,461526
T10159,2024-09-01,19664,58992,520518
T10159,2024-10-01,23607,70821,591339
T10159,2024-11-01,15732,47196,638535
T10159,2024-12-01,17171,51513,690048
T10159,2025-01-01,15265,45795,735843
T10159,2025-02-01,21139,63417,799260
T10159,2025-03-01,18792,56376,855636
T10159,2025-04-01,18890,56670,912306
T10159,2025-05-01,16936,50808,963114
T10159,2025-06-01,16647,49941,1013055
T10160,2024-01-01,25686,25686,25686
T10160,2024-02-01,32887,32887,58573
T10160,2024-03-01,34547,34547,93120
T10160,2024-04-01,22851,22851,115971
T10160,2024-05-01,28243,28243,144214
T10160,2024-06-01,41469,41469,185683
T10160,2024-07-01,24156,24156,209839
T10160,2024-08-01,28178,28178,238017
T10160,2024-09-01,35763,35763,273780
T10160,2024-10-01,12312,12312,286092
T10160,2024-11-01,26289,26289,312381
T10160,2024-12-01,22255,22255,334636
T10160,2025-01-01,36761,36761,371397
T10160,2025-02-01,27641,27641,399038
T10160,2025-03-01,24897,24897,423935
T10160,2025-04-01,23313,23313,447248
T10160,2025-05-01,27583,27583,474831
T10160,2025-06-01,40444,40444,515275
T10161,2024-01-01,25805,167216,167216
T10161,2024-02-01,29100,188568,355784
T10161,2024-03-01,22323,144653,500437
T10161,2024-04-01,29380,190382,690819
T10161,2024-05-01,31141,201793,892612
T10161,2024-06-01,40778,264241,1156853
T10161,2024-07-01,28697,185956,1342809
T10161,2024-08-01,19926,165124,1507933
T10161,2024-09-01,22431,145352,1653285
T10161,2024-10-01,32347,209608,1862893
T10161,2024-11-01,18640,120787,1983680
T10161,2024-12-01,20512,132917,2116597
T10161,2025-01-01,24867,161138,2277735
T10161,2025-02-01,24303,157483,2435218
T10161,2025-03-01,21300,180297,2615515
T10161,2025-04-01,25956,168194,2783709
T10161,2025-05-01,32328,209485,2993194
T10161,2025-06-01,20975,135918,3129112
T10162,2024-01-01,37384,40374,40374
T10162,2024-02-01,29732,46781,87155
T10162,2024-03-01,42626,46036,133191
T10162,2024-04-01,47063,50828,184019
T10162,2024-05-01,45610,49258,233277
T10162,2024-06-01,42974,66314,299591
T10162,2024-07-01,32633,35243,334834
T10162,2024-08-01,34818,37603,372437
T10162,2024-09-01,44077,47603,420040
T10162,2024-10-01,47533,51335,471375
T10162,2024-11-01,28264,30525,501900
T10162,2024-12-01,59312,64056,565956
T10162,2025-01-01,45389,49020,614976
T10162,2025-02-01,38435,41509,656485
T10162,2025-03-01,39035,42157,698642
T10162,2025-04-01,43227,46685,745327
T10162,2025-05-01,44990,48589,793916
T10162,2025-06-01,41021,44302,838218
T10163,2024-01-01,26590,26590,26590
T10163,2024-02-01,34223,34223,60813
T10163,2024-03-01,35178,35178,95991
T10163,2024-04-01,34906,34906,130897
T10163,2024-05-01,25775,25775,156672
T10163,2024-06-01,31699,31699,188371
T10163,2024-07-01,41919,62861,251232
T10163,2024-08-01,37926,37926,289158
T10163,2024-09-01,33647,33647,322805
T10163,2024-10-01,26068,26068,348873
T10163,2024-11-01,29306,29306,378179
T10163,2024-12-01,37105,37105,415284
T10163,2025-01-01,31630,31630,446914
T10163,2025-02-01,27886,27886,474800
T10163,2025-03-01,28650,28650,503450
T10163,2025-04-01,27021,27021,530471
T10163,2025-05-01,19773,19773,550244
T10163,2025-06-01,27996,27996,578240
T10164,2024-01-01,29844,135253,135253
T10164,2024-02-01,41103,186278,321531
T10164,2024-03-01,24089,109171,430702
T10164,2024-04-01,17985,81508,512210
T10164,2024-05-01,33938,153807,666017
T10164,2024-06-01,28638,129787,795804
T10164,2024-07-01,36441,165150,960954
T10164,2024-08-01,25650,116245,1077199
T10164,2024-09-01,30061,136236,1213435
T10164,2024-10-01,25090,113707,1327142
T10164,2024-11-01,21048,95389,1422531
T10164,2024-12-01,26612,120605,1543136
T10164,2025-01-01,22458,101779,1644915
T10164,2025-02-01,21957,99509,1744424
T10164,2025-03-01,29029,131559,1875983
T10164,2025-04-01,27684,125463,2001446
T10164,2025-05-01,21171,95946,2097392
T10164,2025-06-01,29199,132329,2229721
T10165,2024-01-01,5738,29550,29550
T10165,2024-02-01,7298,37584,67134
T10165,2024-03-01,8256,42518,109652
T10165,2024-04-01,6227,32069,141721
T10165,2024-05-01,10402,53570,195291
T10165,2024-06-01,6894,35504,230795
T10165,2024-07-01,8970,46195,276990
T10165,2024-08-01,5827,30009,306999
T10165,2024-09-01,7165,36899,343898
T10165,2024-10-01,5924,30508,374406
T10165,2024-11-01,6268,32280,406686
T10165,2024-12-01,6418,33052,439738
T10165,2025-01-01,6897,35519,475257
T10165,2025-02-01,5583,28752,504009
T10165,2025-03-01,5322,27408,531417
T10165,2025-04-01,6207,31966,563383
T10165,2025-05-01,7581,58779,622162
T10165,2025-06-01,5453,28082,650244
T10166,2024-01-01,2127,11085,11085
T10166,2024-02-01,2721,14181,25266
T10166,2024-03-01,2638,13748,39014
T10166,2024-04-01,2879,21852,60866
T10166,2024-05-01,3185,16599,77465
T10166,2024-06-01,2776,14467,91932
T10166,2024-07-01,2444,12737,104669
T10166,2024-08-01,3040,15843,120512
T10166,2024-09-01,2688,14009,134521
T10166,2024-10-01,2059,15682,150203
T10166,2024-11-01,1736,12083,162286
T10166,2024-12-01,3042,15854,178140
T10166,2025-01-01,2351,12252,190392
T10166,2025-02-01,2416,12591,202983
T10166,2025-03-01,3230,16834,219817
T10166,2025-04-01,2499,13024,232841
T10166,2025-05-01,4053,21123,253964
T10166,2025-06-01,3015,15713,269677
T10167,2024-01-01,19366,122489,122489
T10167,2024-02-01,21394,135317,257806
T10167,2024-03-01,20950,132508,390314
T10167,2024-04-01,13052,82553,472867
T10167,2024-05-01,25230,159579,632446
T10167,2024-06-01,20016,126601,759047
T10167,2024-07-01,28697,265480,1024527
T10167,2024-08-01,25959,164190,1188717
T10167,2024-09-01,23765,211079,1399796
T10167,2024-10-01,24968,157922,1557718
T10167,2024-11-01,22848,144513,1702231
T10167,2024-12-01,22717,199699,1901930
T10167,2025-01-01,26937,170376,2072306
T10167,2025-02-01,14497,91693,2163999
T10167,2025-03-01,29312,185398,2349397
T10167,2025-04-01,21337,134956,2484353
T10167,2025-05-01,25122,158896,2643249
T10167,2025-06-01,20290,128334,2771583
T10168,2024-01-01,56925,455400,455400
T10168,2024-02-01,61424,491392,946792
T10168,2024-03-01,51968,415744,1362536
T10168,2024-04-01,44949,359592,1722128
T10168,2024-05-01,54151,433208,2155336
T10168,2024-06-01,25447,203576,2358912
T10168,2024-07-01,66714,533712,2892624
T10168,2024-08-01,51430,411440,3304064
T10168,2024-09-01,49884,628159,3932223
T10168,2024-10-01,67138,819165,4751388
T10168,2024-11-01,44886,552017,5303405
T10168,2024-12-01,39756,318048,5621453
T10168,2025-01-01,37558,300464,5921917
T10168,2025-02-01,64460,515680,6437597
T10168,2025-03-01,56542,452336,6889933
T10168,2025-04-01,28939,231512,7121445
T10168,2025-05-01,59360,474880,7596325
T10168,2025-06-01,51096,408768,8005093
T10169,2024-01-01,41473,42717,42717
T10169,2024-02-01,39590,40777,83494
T10169,2024-03-01,55107,56760,140254
T10169,2024-04-01,45969,47348,187602
T10169,2024-05-01,41412,42654,230256
T10169,2024-06-01,34672,35712,265968
T10169,2024-07-01,45253,46610,312578
T10169,2024-08-01,39750,40942,353520
T10169,2024-09-01,29081,29953,383473
T10169,2024-10-01,50799,52322,435795
T10169,2024-11-01,77464,79787,515582
T10169,2024-12-01,42376,43647,559229
T10169,2025-01-01,60237,62044,621273
T10169,2025-02-01,50915,52442,673715
T10169,2025-03-01,48167,49612,723327
T10169,2025-04-01,40194,41399,764726
T10169,2025-05-01,52975,54564,819290
T10169,2025-06-01,51370,52911,872201
T10170,2024-01-01,31536,217598,217598
T10170,2024-02-01,32367,223332,440930
T10170,2024-03-01,20239,139649,580579
T10170,2024-04-01,21916,151220,731799
T10170,2024-05-01,24775,170947,902746
T10170,2024-06-01,32569,224726,1127472
T10170,2024-07-01,39311,271245,1398717
T10170,2024-08-01,29207,201528,1600245
T10170,2024-09-01,42538,293512,1893757
T10170,2024-10-01,33301,229776,2123533
T10170,2024-11-01,22628,156133,2279666
T10170,2024-12-01,34635,381202,2660868
T10170,2025-01-01,35788,246937,2907805
T10170,2025-02-01,27431,189273,3097078
T10170,2025-03-01,35026,241679,3338757
T10170,2025-04-01,30941,213492,3552249
T10170,2025-05-01,25026,172679,3724928
T10170,2025-06-01,34450,237704,3962632
T10171,2024-01-01,39001,185332,185332
T10171,2024-02-01,43212,205343,390675
T10171,2024-03-01,25515,121247,511922
T10171,2024-04-01,21564,102472,614394
T10171,2024-05-01,41771,198495,812889
T10171,2024-06-01,33085,157219,970108
T10171,2024-07-01,37960,180385,1150493
T10171,2024-08-01,36415,173044,1323537
T10171,2024-09-01,31715,150709,1474246
T10171,2024-10-01,32271,153351,1627597
T10171,2024-11-01,32093,152505,1780102
T10171,2024-12-01,21284,101141,1881243
T10171,2025-01-01,29936,142255,2023498
T10171,2025-02-01,30669,145739,2169237
T10171,2025-03-01,22346,106188,2275425
T10171,2025-04-01,34706,164922,2440347
T10171,2025-05-01,38612,183484,2623831
T10171,2025-06-01,24507,116457,2740288
T10172,2024-01-01,25299,150276,150276
T10172,2024-02-01,15601,92669,242945
T10172,2024-03-01,19151,164979,407924
T10172,2024-04-01,19879,118081,526005
T10172,2024-05-01,18172,107941,633946
T10172,2024-06-01,22660,134600,768546
T10172,2024-07-01,14211,84413,852959
T10172,2024-08-01,23357,138740,991699
T10172,2024-09-01,16796,99768,1091467
T10172,2024-10-01,19419,115348,1206815
T10172,2024-11-01,22433,133252,1340067
T10172,2024-12-01,22280,132343,1472410
T10172,2025-01-01,21149,125625,1598035
T10172,2025-02-01,22495,133620,1731655
T10172,2025-03-01,13261,78770,1810425
T10172,2025-04-01,16129,95806,1906231
T10172,2025-05-01,23108,137261,2043492
T10172,2025-06-01,13944,82827,2126319
T10173,2024-01-01,8590,9449,9449
T10173,2024-02-01,14041,21663,31112
T10173,2024-03-01,11118,12229,43341
T10173,2024-04-01,12892,14181,57522
T10173,2024-05-01,10270,11297,68819
T10173,2024-06-01,10387,11425,80244
T10173,2024-07-01,10013,11014,91258
T10173,2024-08-01,9233,10156,101414
T10173,2024-09-01,12230,13453,114867
T10173,2024-10-01,15349,21150,136017
T10173,2024-11-01,7969,8765,144782
T10173,2024-12-01,8959,12511,157293
T10173,2025-01-01,8444,9288,166581
T10173,2025-02-01,9312,10243,176824
T10173,2025-03-01,13917,15308,192132
T10173,2025-04-01,11852,13037,205169
T10173,2025-05-01,12605,13865,219034
T10173,2025-06-01,7409,8149,227183
T10174,2024-01-01,2252,15383,15383
T10174,2024-02-01,2146,14659,30042
T10174,2024-03-01,2004,13689,43731
T10174,2024-04-01,1776,18273,62004
T10174,2024-05-01,2042,13948,75952
T10174,2024-06-01,2516,21750,97702
T10174,2024-07-01,2376,16230,113932
T10174,2024-08-01,2727,18628,132560
T10174,2024-09-01,1786,12200,144760
T10174,2024-10-01,2495,25374,170134
T10174,2024-11-01,1988,13580,183714
T10174,2024-12-01,1951,13327,197041
T10174,2025-01-01,2484,16968,214009
T10174,2025-02-01,2023,13819,227828
T10174,2025-03-01,2347,23210,251038
T10174,2025-04-01,2536,17323,268361
T10174,2025-05-01,2955,20185,288546
T10174,2025-06-01,2192,14973,303519
T10175,2024-01-01,19424,88029,88029
T10175,2024-02-01,16327,94129,182158
T10175,2024-03-01,17838,80841,262999
T10175,2024-04-01,17450,79083,342082
T10175,2024-05-01,14746,66828,408910
T10175,2024-06-01,17117,77574,486484
T10175,2024-07-01,27320,123814,610298
T10175,2024-08-01,20543,129048,739346
T10175,2024-09-01,24975,113186,852532
T10175,2024-10-01,18660,84567,937099
T10175,2024-11-01,17401,78861,1015960
T10175,2024-12-01,18015,81643,1097603
T10175,2025-01-01,16292,98582,1196185
T10175,2025-02-01,19720,89371,1285556
T10175,2025-03-01,19833,89883,1375439
T10175,2025-04-01,12784,57937,1433376
T10175,2025-05-01,14879,67431,1500807
T10175,2025-06-01,23044,166505,1667312
T10176,2024-01-01,11977,65451,65451
T10176,2024-02-01,11348,62014,127465
T10176,2024-03-01,16649,90983,218448
T10176,2024-04-01,16929,92513,310961
T10176,2024-05-01,14427,78840,389801
T10176,2024-06-01,22400,122411,512212
T10176,2024-07-01,14517,79332,591544
T10176,2024-08-01,12744,69643,661187
T10176,2024-09-01,14653,80075,741262
T10176,2024-10-01,24160,132029,873291
T10176,2024-11-01,18057,98677,971968
T10176,2024-12-01,9295,50795,1022763
T10176,2025-01-01,18161,99246,1122009
T10176,2025-02-01,16292,89032,1211041
T10176,2025-03-01,15238,83272,1294313
T10176,2025-04-01,16748,91524,1385837
T10176,2025-05-01,13061,71375,1457212
T10176,2025-06-01,15425,84294,1541506
T10177,2024-01-01,15748,17322,17322
T10177,2024-02-01,16916,18607,35929
T10177,2024-03-01,8908,9798,45727
T10177,2024-04-01,11506,12656,58383
T10177,2024-05-01,8269,9095,67478
T10177,2024-06-01,15458,17003,84481
T10177,2024-07-01,9503,10453,94934
T10177,2024-08-01,12547,13801,108735
T10177,2024-09-01,11745,12919,121654
T10177,2024-10-01,12949,14243,135897
T10177,2024-11-01,12500,18241,154138
T10177,2024-12-01,12270,13497,167635
T10177,2025-01-01,11969,16969,184604
T10177,2025-02-01,7298,8027,192631
T10177,2025-03-01,10798,11877,204508
T10177,2025-04-01,15503,17053,221561
T10177,2025-05-01,12789,14067,235628
T10177,2025-06-01,10540,11594,247222
T10178,2024-01-01,15343,63213,63213
T10178,2024-02-01,16799,69211,132424
T10178,2024-03-01,14741,60732,193156
T10178,2024-04-01,18464,76071,269227
T10178,2024-05-01,11883,48957,318184
T10178,2024-06-01,9744,40145,358329
T10178,2024-07-01,12925,53251,411580
T10178,2024-08-01,13648,56229,467809
T10178,2024-09-01,17569,72384,540193
T10178,2024-10-01,12217,50334,590527
T10178,2024-11-01,13667,56308,646835
T10178,2024-12-01,10477,43165,690000
T10178,2025-01-01,16926,69735,759735
T10178,2025-02-01,12947,53341,813076
T10178,2025-03-01,13992,57647,870723
T10178,2025-04-01,21079,86845,957568
T10178,2025-05-01,9042,37253,994821
T10178,2025-06-01,16417,67638,1062459
T10179,2024-01-01,2404,19991,19991
T10179,2024-02-01,3400,43732,63723
T10179,2024-03-01,2452,20390,84113
T10179,2024-04-01,2792,23218,107331
T10179,2024-05-01,2022,16814,124145
T10179,2024-06-01,3023,25139,149284
T10179,2024-07-01,1918,15950,165234
T10179,2024-08-01,4600,38253,203487
T10179,2024-09-01,2839,23609,227096
T10179,2024-10-01,2879,23941,251037
T10179,2024-11-01,3001,24956,275993
T10179,2024-12-01,3285,27318,303311
T10179,2025-01-01,2445,20332,323643
T10179,2025-02-01,3139,26103,349746
T10179,2025-03-01,2761,22960,372706
T10179,2025-04-01,3468,28839,401545
T10179,2025-05-01,2824,23484,425029
T10179,2025-06-01,2492,20723,445752
T10180,2024-01-01,36695,198153,198153
T10180,2024-02-01,33179,179166,377319
T10180,2024-03-01,35534,191883,569202
T10180,2024-04-01,34219,184782,753984
T10180,2024-05-01,33446,275201,1029185
T10180,2024-06-01,27651,149315,1178500
T10180,2024-07-01,28631,154607,1333107
T10180,2024-08-01,37245,201123,1534230
T10180,2024-09-01,26922,145378,1679608
T10180,2024-10-01,44651,241115,1920723
T10180,2024-11-01,27760,149904,2070627
T10180,2024-12-01,31944,172497,2243124
T10180,2025-01-01,37085,200259,2443383
T10180,2025-02-01,35636,192434,2635817
T10180,2025-03-01,32030,172962,2808779
T10180,2025-04-01,24707,133417,2942196
T10180,2025-05-01,34752,187660,3129856
T10180,2025-06-01,27712,149644,3279500
T10181,2024-01-01,42073,43335,43335
T10181,2024-02-01,34676,54260,97595
T10181,2024-03-01,44321,69919,167514
T10181,2024-04-01,56972,58681,226195
T10181,2024-05-01,49855,51350,277545
T10181,2024-06-01,53452,55055,332600
T10181,2024-07-01,36572,37669,370269
T10181,2024-08-01,40174,41379,411648
T10181,2024-09-01,51016,52546,464194
T10181,2024-10-01,47663,74709,538903
T10181,2024-11-01,45802,47176,586079
T10181,2024-12-01,42473,43747,629826
T10181,2025-01-01,44980,46329,676155
T10181,2025-02-01,54042,55663,731818
T10181,2025-03-01,39867,41063,772881
T10181,2025-04-01,42003,67674,840555
T10181,2025-05-01,45725,47096,887651
T10181,2025-06-01,55093,56745,944396
T10182,2024-01-01,29998,285100,285100
T10182,2024-02-01,35974,341896,626996
T10182,2024-03-01,35329,335766,962762
T10182,2024-04-01,34953,332193,1294955
T10182,2024-05-01,26407,250972,1545927
T10182,2024-06-01,39049,371121,1917048
T10182,2024-07-01,40804,387801,2304849
T10182,2024-08-01,31528,299642,2604491
T10182,2024-09-01,32207,306095,2910586
T10182,2024-10-01,35547,337838,3248424
T10182,2024-11-01,49565,471065,3719489
T10182,2024-12-01,30634,291145,4010634
T10182,2025-01-01,37954,360714,4371348
T10182,2025-02-01,40068,380806,4752154
T10182,2025-03-01,33350,316958,5069112
T10182,2025-04-01,32691,310695,5379807
T10182,2025-05-01,41550,394891,5774698
T10182,2025-06-01,35898,341174,6115872
T10183,2024-01-01,22774,175359,175359
T10183,2024-02-01,16116,124093,299452
T10183,2024-03-01,30868,237683,537135
T10183,2024-04-01,24502,188665,725800
T10183,2024-05-01,19054,146715,872515
T10183,2024-06-01,25936,199707,1072222
T10183,2024-07-01,23333,251507,1323729
T10183,2024-08-01,20511,157934,1481663
T10183,2024-09-01,19301,148617,1630280
T10183,2024-10-01,30533,235104,1865384
T10183,2024-11-01,20006,154046,2019430
T10183,2024-12-01,20289,156225,2175655
T10183,2025-01-01,23251,179032,2354687
T10183,2025-02-01,22350,172095,2526782
T10183,2025-03-01,27214,209547,2736329
T10183,2025-04-01,28941,222845,2959174
T10183,2025-05-01,27698,213274,3172448
T10183,2025-06-01,24632,189666,3362114
T10184,2024-01-01,21586,23744,23744
T10184,2024-02-01,23143,25457,49201
T10184,2024-03-01,23200,33413,82614
T10184,2024-04-01,28551,31406,114020
T10184,2024-05-01,23073,25380,139400
T10184,2024-06-01,18862,20748,160148
T10184,2024-07-01,22429,24671,184819
T10184,2024-08-01,20353,22388,207207
T10184,2024-09-01,17400,19140,226347
T10184,2024-10-01,25499,28048,254395
T10184,2024-11-01,30332,33365,287760
T10184,2024-12-01,20976,23073,310833
T10184,2025-01-01,24619,27080,337913
T10184,2025-02-01,26302,28932,366845
T10184,2025-03-01,19818,21799,388644
T10184,2025-04-01,18752,20627,409271
T10184,2025-05-01,22255,24480,433751
T10184,2025-06-01,26117,28728,462479
T10185,2024-01-01,17632,101383,101383
T10185,2024-02-01,17893,102884,204267
T10185,2024-03-01,12239,70374,274641
T10185,2024-04-01,19865,114223,388864
T10185,2024-05-01,10209,58701,447565
T10185,2024-06-01,19958,114758,562323
T10185,2024-07-01,16056,121070,683393
T10185,2024-08-01,12675,72881,756274
T10185,2024-09-01,15890,91367,847641
T10185,2024-10-01,18702,107536,955177
T10185,2024-11-01,13697,78757,1033934
T10185,2024-12-01,18152,104373,1138307
T10185,2025-01-01,15559,89464,1227771
T10185,2025-02-01,14883,85577,1313348
T10185,2025-03-01,14834,85295,1398643
T10185,2025-04-01,18953,108979,1507622
T10185,2025-05-01,16020,92115,1599737
T10185,2025-06-01,18526,106524,1706261
T10186,2024-01-01,7974,37892,37892
T10186,2024-02-01,6269,29790,67682
T10186,2024-03-01,9353,44445,112127
T10186,2024-04-01,11580,55028,167155
T10186,2024-05-01,10910,51844,218999
T10186,2024-06-01,7251,34456,253455
T10186,2024-07-01,8642,41066,294521
T10186,2024-08-01,10530,50038,344559
T10186,2024-09-01,7326,34813,379372
T10186,2024-10-01,9230,43860,423232
T10186,2024-11-01,6806,32342,455574
T10186,2024-12-01,8397,39902,495476
T10186,2025-01-01,10700,50846,546322
T10186,2025-02-01,8159,38771,585093
T10186,2025-03-01,8053,48524,633617
T10186,2025-04-01,7128,33872,667489
T10186,2025-05-01,7655,36376,703865
T10186,2025-06-01,9986,47453,751318
T10187,2024-01-01,380,2595,2595
T10187,2024-02-01,31663,216289,218884
T10187,2024-03-01,1106,10214,229098
T10187,2024-04-01,2410,16462,245560
T10187,2024-05-01,327,2233,247793
T10187,2024-06-01,759,7709,255502
T10187,2024-07-01,42817,292482,547984
T10187,2024-08-01,3108,21230,569214
T10187,2024-09-01,1,6,569220
T10187,2024-10-01,1203,8217,577437
T10187,2024-11-01,34475,235498,812935
T10187,2024-12-01,1668,11394,824329
T10187,2025-01-01,1073,7329,831658
T10187,2025-02-01,1563,10676,842334
T10187,2025-03-01,1733,11838,854172
T10187,2025-04-01,2729,18641,872813
T10187,2025-05-01,1332,9098,881911
T10187,2025-06-01,27635,188774,1070685
T10188,2024-01-01,28699,92984,92984
T10188,2024-02-01,26311,85247,178231
T10188,2024-03-01,32114,104049,282280
T10188,2024-04-01,31445,101881,384161
T10188,2024-05-01,33186,107522,491683
T10188,2024-06-01,24001,77763,569446
T10188,2024-07-01,30038,97323,666769
T10188,2024-08-01,23141,74976,741745
T10188,2024-09-01,28166,91257,833002
T10188,2024-10-01,38442,124552,957554
T10188,2024-11-01,21390,69303,1026857
T10188,2024-12-01,27868,90292,1117149
T10188,2025-01-01,32515,164105,1281254
T10188,2025-02-01,22018,71338,1352592
T10188,2025-03-01,27281,88390,1440982
T10188,2025-04-01,22518,72958,1513940
T10188,2025-05-01,32611,105659,1619599
T10188,2025-06-01,29445,95401,1715000
T10189,2024-01-01,2151,14841,14841
T10189,2024-02-01,2221,15324,30165
T10189,2024-03-01,2354,16242,46407
T10189,2024-04-01,2758,19030,65437
T10189,2024-05-01,2007,13848,79285
T10189,2024-06-01,1841,12702,91987
T10189,2024-07-01,1945,13420,105407
T10189,2024-08-01,2540,17526,122933
T10189,2024-09-01,1097,7569,130502
T10189,2024-10-01,1900,13109,143611
T10189,2024-11-01,1395,9625,153236
T10189,2024-12-01,2697,18609,171845
T10189,2025-01-01,1682,11605,183450
T10189,2025-02-01,2029,14000,197450
T10189,2025-03-01,1815,12523,209973
T10189,2025-04-01,1925,13282,223255
T10189,2025-05-01,2076,14324,237579
T10189,2025-06-01,1967,13572,251151
T10190,2024-01-01,17623,125616,125616
T10190,2024-02-01,17602,125467,251083
T10190,2024-03-01,22688,161720,412803
T10190,2024-04-01,24514,174735,587538
T10190,2024-05-01,25896,184586,772124
T10190,2024-06-01,19450,138639,910763
T10190,2024-07-01,18131,129237,1040000
T10190,2024-08-01,20836,148519,1188519
T10190,2024-09-01,30280,320580,1509099
T10190,2024-10-01,20831,148483,1657582
T10190,2024-11-01,18932,134947,1792529
T10190,2024-12-01,22951,163594,1956123
T10190,2025-01-01,25827,184094,2140217
T10190,2025-02-01,20730,147763,2287980
T10190,2025-03-01,22214,158341,2446321
T10190,2025-04-01,17290,123243,2569564
T10190,2025-05-01,22294,158911,2728475
T10190,2025-06-01,29776,212243,2940718
T10191,2024-01-01,7279,49482,49482
T10191,2024-02-01,10019,68109,117591
T10191,2024-03-01,14517,98686,216277
T10191,2024-04-01,14126,96028,312305
T10191,2024-05-01,16277,110651,422956
T10191,2024-06-01,19334,131432,554388
T10191,2024-07-01,14377,97734,652122
T10191,2024-08-01,10454,91549,743671
T10191,2024-09-01,14823,100766,844437
T10191,2024-10-01,15128,102840,947277
T10191,2024-11-01,18174,123546,1070823
T10191,2024-12-01,14550,98910,1169733
T10191,2025-01-01,15104,102676,1272409
T10191,2025-02-01,18082,191668,1464077
T10191,2025-03-01,14088,143463,1607540
T10191,2025-04-01,18165,123485,1731025
T10191,2025-05-01,18422,125232,1856257
T10191,2025-06-01,17097,116225,1972482
T10192,2024-01-01,10613,80552,80552
T10192,2024-02-01,11021,83649,164201
T10192,2024-03-01,9963,75619,239820
T10192,2024-04-01,10608,80514,320334
T10192,2024-05-01,7283,55277,375611
T10192,2024-06-01,9319,70731,446342
T10192,2024-07-01,13427,101910,548252
T10192,2024-08-01,9480,71953,620205
T10192,2024-09-01,11671,88582,708787
T10192,2024-10-01,6444,48909,757696
T10192,2024-11-01,9475,71915,829611
T10192,2024-12-01,11228,132987,962598
T10192,2025-01-01,10072,76446,1039044
T10192,2025-02-01,9565,102966,1142010
T10192,2025-03-01,11413,86624,1228634
T10192,2025-04-01,8724,66215,1294849
T10192,2025-05-01,8174,95480,1390329
T10192,2025-06-01,11745,89144,1479473
T10193,2024-01-01,1769,14711,14711
T10193,2024-02-01,3654,30386,45097
T10193,2024-03-01,2520,20956,66053
T10193,2024-04-01,2225,24613,90666
T10193,2024-05-01,2730,22702,113368
T10193,2024-06-01,510,4241,117609
T10193,2024-07-01,1044,8681,126290
T10193,2024-08-01,1064,8848,135138
T10193,2024-09-01,316,2627,137765
T10193,2024-10-01,30048,249879,387644
T10193,2024-11-01,1023,8507,396151
T10193,2024-12-01,1927,16024,412175
T10193,2025-01-01,2296,19093,431268
T10193,2025-02-01,2918,24266,455534
T10193,2025-03-01,810,6735,462269
T10193,2025-04-01,335,2785,465054
T10193,2025-05-01,903,7509,472563
T10193,2025-06-01,35244,293089,765652
T10194,2024-01-01,29068,34532,34532
T10194,2024-02-01,29168,34651,69183
T10194,2024-03-01,28765,34172,103355
T10194,2024-04-01,34599,54896,158251
T10194,2024-05-01,27973,33231,191482
T10194,2024-06-01,29349,34866,226348
T10194,2024-07-01,21086,25050,251398
T10194,2024-08-01,23923,28420,279818
T10194,2024-09-01,24852,29524,309342
T10194,2024-10-01,33534,39838,349180
T10194,2024-11-01,28203,33505,382685
T10194,2024-12-01,36047,42823,425508
T10194,2025-01-01,26355,31309,456817
T10194,2025-02-01,29935,35562,492379
T10194,2025-03-01,26490,31470,523849
T10194,2025-04-01,31371,37268,561117
T10194,2025-05-01,22900,42558,603675
T10194,2025-06-01,20185,23979,627654
T10195,2024-01-01,27067,100851,100851
T10195,2024-02-01,30510,113680,214531
T10195,2024-03-01,34578,128837,343368
T10195,2024-04-01,35016,130469,473837
T10195,2024-05-01,23364,87054,560891
T10195,2024-06-01,30276,112808,673699
T10195,2024-07-01,30655,114220,787919
T10195,2024-08-01,30160,112376,900295
T10195,2024-09-01,42156,157073,1057368
T10195,2024-10-01,24282,90474,1147842
T10195,2024-11-01,29601,169506,1317348
T10195,2024-12-01,34605,128938,1446286
T10195,2025-01-01,33062,123189,1569475
T10195,2025-02-01,45153,168240,1737715
T10195,2025-03-01,50895,283031,2020746
T10195,2025-04-01,30879,179518,2200264
T10195,2025-05-01,30509,113676,2313940
T10195,2025-06-01,34198,127421,2441361
T10196,2024-01-01,31280,125120,125120
T10196,2024-02-01,40251,161004,286124
T10196,2024-03-01,34091,183869,469993
T10196,2024-04-01,43405,173620,643613
T10196,2024-05-01,32482,129928,773541
T10196,2024-06-01,16462,99586,873127
T10196,2024-07-01,53018,331755,1204882
T10196,2024-08-01,41314,165256,1370138
T10196,2024-09-01,33404,133616,1503754
T10196,2024-10-01,33358,133432,1637186
T10196,2024-11-01,36545,146180,1783366
T10196,2024-12-01,41096,208582,1991948
T10196,2025-01-01,49334,197336,2189284
T10196,2025-02-01,29346,117384,2306668
T10196,2025-03-01,47660,190640,2497308
T10196,2025-04-01,34042,136168,2633476
T10196,2025-05-01,23353,93412,2726888
T10196,2025-06-01,39107,204855,2931743
T10197,2024-01-01,41684,247602,247602
T10197,2024-02-01,41321,245446,493048
T10197,2024-03-01,46443,275871,768919
T10197,2024-04-01,33010,196079,964998
T10197,2024-05-01,36960,340495,1305493
T10197,2024-06-01,45043,267555,1573048
T10197,2024-07-01,38217,227008,1800056
T10197,2024-08-01,45683,271357,2071413
T10197,2024-09-01,59111,351119,2422532
T10197,2024-10-01,45651,424230,2846762
T10197,2024-11-01,44644,265185,3111947
T10197,2024-12-01,59355,352568,3464515
T10197,2025-01-01,68718,408184,3872699
T10197,2025-02-01,28931,171850,4044549
T10197,2025-03-01,55076,327151,4371700
T10197,2025-04-01,44137,262173,4633873
T10197,2025-05-01,64096,380730,5014603
T10197,2025-06-01,60926,361900,5376503
T10198,2024-01-01,39526,40711,40711
T10198,2024-02-01,39191,40366,81077
T10198,2024-03-01,44426,45758,126835
T10198,2024-04-01,54317,55946,182781
T10198,2024-05-01,35944,37022,219803
T10198,2024-06-01,38689,39849,259652
T10198,2024-07-01,48715,50176,309828
T10198,2024-08-01,43356,44656,354484
T10198,2024-09-01,43852,45167,399651
T10198,2024-10-01,42546,43822,443473
T10198,2024-11-01,44116,45439,488912
T10198,2024-12-01,30721,31642,520554
T10198,2025-01-01,29044,29915,550469
T10198,2025-02-01,27349,28169,578638
T10198,2025-03-01,53354,54954,633592
T10198,2025-04-01,38006,39146,672738
T10198,2025-05-01,35671,36741,709479
T10198,2025-06-01,46948,48356,757835
T10199,2024-01-01,22289,26479,26479
T10199,2024-02-01,38478,45711,72190
T10199,2024-03-01,26639,40435,112625
T10199,2024-04-01,33761,40108,152733
T10199,2024-05-01,29701,35284,188017
T10199,2024-06-01,30013,35655,223672
T10199,2024-07-01,37805,44912,268584
T10199,2024-08-01,35684,42392,310976
T10199,2024-09-01,20424,24263,335239
T10199,2024-10-01,25510,30305,365544
T10199,2024-11-01,30317,36016,401560
T10199,2024-12-01,28795,34208,435768
T10199,2025-01-01,26328,31277,467045
T10199,2025-02-01,37510,44561,511606
T10199,2025-03-01,36861,43790,555396
T10199,2025-04-01,26769,31801,587197
T10199,2025-05-01,34214,40646,627843
T10199,2025-06-01,38315,45518,673361
T10200,2024-01-01,40732,209769,209769
T10200,2024-02-01,33136,170650,380419
T10200,2024-03-01,45944,236611,617030
T10200,2024-04-01,40253,207302,824332
T10200,2024-05-01,35969,185240,1009572
T10200,2024-06-01,45540,234531,1244103
T10200,2024-07-01,43545,224256,1468359
T10200,2024-08-01,52557,270668,1739027
T10200,2024-09-01,46950,241792,1980819
T10200,2024-10-01,35053,180522,2161341
T10200,2024-11-01,37495,193099,2354440
T10200,2024-12-01,48553,250047,2604487
T10200,2025-01-01,33382,171917,2776404
T10200,2025-02-01,37149,191317,2967721
T10200,2025-03-01,49676,255831,3223552
T10200,2025-04-01,40876,210511,3434063
T10200,2025-05-01,54080,278512,3712575
T10200,2025-06-01,50411,259616,3972191
T10201,2024-01-01,14535,86083,86083
T10201,2024-02-01,37097,219706,305789
T10201,2024-03-01,27892,165190,470979
T10201,2024-04-01,22211,131544,602523
T10201,2024-05-01,21208,125604,728127
T10201,2024-06-01,23663,197430,925557
T10201,2024-07-01,20651,122305,1047862
T10201,2024-08-01,24820,146996,1194858
T10201,2024-09-01,19774,117111,1311969
T10201,2024-10-01,19848,117549,1429518
T10201,2024-11-01,32286,191213,1620731
T10201,2024-12-01,27014,159990,1780721
T10201,2025-01-01,25995,153955,1934676
T10201,2025-02-01,28804,170591,2105267
T10201,2025-03-01,21219,125669,2230936
T10201,2025-04-01,19811,117330,2348266
T10201,2025-05-01,26984,159812,2508078
T10201,2025-06-01,31700,187743,2695821
T10202,2024-01-01,70666,81265,81265
T10202,2024-02-01,48226,55459,136724
T10202,2024-03-01,49934,57424,194148
T10202,2024-04-01,41988,60384,254532
T10202,2024-05-01,56254,64692,319224
T10202,2024-06-01,64308,73954,393178
T10202,2024-07-01,50936,86174,479352
T10202,2024-08-01,54369,62524,541876
T10202,2024-09-01,49174,56550,598426
T10202,2024-10-01,42220,48552,646978
T10202,2024-11-01,60411,69472,716450
T10202,2024-12-01,50231,57765,774215
T10202,2025-01-01,61084,70246,844461
T10202,2025-02-01,65959,75852,920313
T10202,2025-03-01,41900,48184,968497
T10202,2025-04-01,58214,66946,1035443
T10202,2025-05-01,54201,62331,1097774
T10202,2025-06-01,55789,64157,1161931
T10203,2024-01-01,48569,60322,60322
T10203,2024-02-01,36299,45083,105405
T10203,2024-03-01,29350,36452,141857
T10203,2024-04-01,35645,44271,186128
T10203,2024-05-01,47309,58757,244885
T10203,2024-06-01,30298,37630,282515
T10203,2024-07-01,39775,77543,360058
T10203,2024-08-01,38179,47418,407476
T10203,2024-09-01,56152,69740,477216
T10203,2024-10-01,42391,68136,545352
T10203,2024-11-01,32139,39916,585268
T10203,2024-12-01,50605,62851,648119
T10203,2025-01-01,26443,32842,680961
T10203,2025-02-01,67213,83478,764439
T10203,2025-03-01,42104,52293,816732
T10203,2025-04-01,30843,56048,872780
T10203,2025-05-01,38071,47284,920064
T10203,2025-06-01,30674,48268,968332
T10204,2024-01-01,30119,35781,35781
T10204,2024-02-01,36570,43445,79226
T10204,2024-03-01,31357,37252,116478
T10204,2024-04-01,35669,60182,176660
T10204,2024-05-01,30554,36298,212958
T10204,2024-06-01,33611,39929,252887
T10204,2024-07-01,40538,48159,301046
T10204,2024-08-01,31332,37222,338268
T10204,2024-09-01,21994,26128,364396
T10204,2024-10-01,24532,29144,393540
T10204,2024-11-01,38147,45318,438858
T10204,2024-12-01,37393,44422,483280
T10204,2025-01-01,44670,53067,536347
T10204,2025-02-01,26844,31890,568237
T10204,2025-03-01,25877,30741,598978
T10204,2025-04-01,25695,30525,629503
T10204,2025-05-01,29386,34910,664413
T10204,2025-06-01,33380,39655,704068
T10205,2024-01-01,44737,202748,202748
T10205,2024-02-01,34624,156915,359663
T10205,2024-03-01,42106,190824,550487
T10205,2024-04-01,41908,189927,740414
T10205,2024-05-01,54089,245131,985545
T10205,2024-06-01,51973,235541,1221086
T10205,2024-07-01,44212,200368,1421454
T10205,2024-08-01,46526,210855,1632309
T10205,2024-09-01,47012,213058,1845367
T10205,2024-10-01,45835,207724,2053091
T10205,2024-11-01,40732,184597,2237688
T10205,2024-12-01,49993,226568,2464256
T10205,2025-01-01,54506,247021,2711277
T10205,2025-02-01,38823,175945,2887222
T10205,2025-03-01,47124,213565,3100787
T10205,2025-04-01,58550,265348,3366135
T10205,2025-05-01,49604,224805,3590940
T10205,2025-06-01,39920,180917,3771857
T10206,2024-01-01,26152,28767,28767
T10206,2024-02-01,37682,41450,70217
T10206,2024-03-01,23977,26374,96591
T10206,2024-04-01,17397,19136,115727
T10206,2024-05-01,24625,27087,142814
T10206,2024-06-01,26731,29404,172218
T10206,2024-07-01,26130,28743,200961
T10206,2024-08-01,23719,26090,227051
T10206,2024-09-01,32812,57735,284786
T10206,2024-10-01,31763,34939,319725
T10206,2024-11-01,34069,37475,357200
T10206,2024-12-01,34877,38364,395564
T10206,2025-01-01,19181,21099,416663
T10206,2025-02-01,21235,23358,440021
T10206,2025-03-01,27437,30180,470201
T10206,2025-04-01,26135,28748,498949
T10206,2025-05-01,25709,43306,542255
T10206,2025-06-01,23953,26348,568603
T10207,2024-01-01,27308,120155,120155
T10207,2024-02-01,40659,178899,299054
T10207,2024-03-01,35051,216468,515522
T10207,2024-04-01,30941,136140,651662
T10207,2024-05-01,35612,156692,808354
T10207,2024-06-01,45251,199104,1007458
T10207,2024-07-01,37982,167120,1174578
T10207,2024-08-01,25157,163506,1338084
T10207,2024-09-01,32653,143673,1481757
T10207,2024-10-01,42453,186793,1668550
T10207,2024-11-01,44888,197507,1866057
T10207,2024-12-01,39357,173170,2039227
T10207,2025-01-01,32211,141728,2180955
T10207,2025-02-01,36561,160868,2341823
T10207,2025-03-01,49995,219978,2561801
T10207,2025-04-01,33953,149393,2711194
T10207,2025-05-01,37775,166210,2877404
T10207,2025-06-01,46540,204776,3082180
T10208,2024-01-01,14112,29070,29070
T10208,2024-02-01,11473,23634,52704
T10208,2024-03-01,12053,24829,77533
T10208,2024-04-01,16357,33695,111228
T10208,2024-05-01,9327,19213,130441
T10208,2024-06-01,14514,29898,160339
T10208,2024-07-01,15961,32879,193218
T10208,2024-08-01,15861,32673,225891
T10208,2024-09-01,19459,40085,265976
T10208,2024-10-01,12348,25436,291412
T10208,2024-11-01,13380,27562,318974
T10208,2024-12-01,12926,26627,345601
T10208,2025-01-01,15451,31829,377430
T10208,2025-02-01,15763,32471,409901
T10208,2025-03-01,16516,34022,443923
T10208,2025-04-01,20967,43192,487115
T10208,2025-05-01,14615,47091,534206
T10208,2025-06-01,14382,29626,563832
T10209,2024-01-01,55806,184159,184159
T10209,2024-02-01,34860,115038,299197
T10209,2024-03-01,60634,200092,499289
T10209,2024-04-01,58216,271493,770782
T10209,2024-05-01,50183,165603,936385
T10209,2024-06-01,66497,219440,1155825
T10209,2024-07-01,57832,190845,1346670
T10209,2024-08-01,45951,151638,1498308
T10209,2024-09-01,57800,190740,1689048
T10209,2024-10-01,49103,162039,1851087
T10209,2024-11-01,47379,156350,2007437
T10209,2024-12-01,32638,107705,2115142
T10209,2025-01-01,34400,113520,2228662
T10209,2025-02-01,45203,149169,2377831
T10209,2025-03-01,44653,147354,2525185
T10209,2025-04-01,48314,159436,2684621
T10209,2025-05-01,50544,166795,2851416
T10209,2025-06-01,69235,228475,3079891
T10210,2024-01-01,30197,195676,195676
T10210,2024-02-01,34188,221538,417214
T10210,2024-03-01,28545,184971,602185
T10210,2024-04-01,21774,141095,743280
T10210,2024-05-01,32923,213341,956621
T10210,2024-06-01,34794,225465,1182086
T10210,2024-07-01,40105,259880,1441966
T10210,2024-08-01,31810,206128,1648094
T10210,2024-09-01,27124,175763,1823857
T10210,2024-10-01,30711,199007,2022864
T10210,2024-11-01,32728,212077,2234941
T10210,2024-12-01,32687,211811,2446752
T10210,2025-01-01,39267,254450,2701202
T10210,2025-02-01,33720,218505,2919707
T10210,2025-03-01,31909,206770,3126477
T10210,2025-04-01,41670,270021,3396498
T10210,2025-05-01,32118,208124,3604622
T10210,2025-06-01,36110,233992,3838614
T10211,2024-01-01,45985,202334,202334
T10211,2024-02-01,30475,134090,336424
T10211,2024-03-01,37610,165484,501908
T10211,2024-04-01,31598,139031,640939
T10211,2024-05-01,31464,138441,779380
T10211,2024-06-01,36466,160450,939830
T10211,2024-07-01,45411,199808,1139638
T10211,2024-08-01,37262,163952,1303590
T10211,2024-09-01,29605,130262,1433852
T10211,2024-10-01,29145,128238,1562090
T10211,2024-11-01,47630,209572,1771662
T10211,2024-12-01,37960,167024,1938686
T10211,2025-01-01,41253,181513,2120199
T10211,2025-02-01,26750,117700,2237899
T10211,2025-03-01,41129,180967,2418866
T10211,2025-04-01,47041,206980,2625846
T10211,2025-05-01,36974,162685,2788531
T10211,2025-06-01,30805,135542,2924073
T10212,2024-01-01,27177,141641,141641
T10212,2024-02-01,26844,139905,281546
T10212,2024-03-01,23056,120163,401709
T10212,2024-04-01,25040,130503,532212
T10212,2024-05-01,25301,131863,664075
T10212,2024-06-01,23689,123462,787537
T10212,2024-07-01,28197,208871,996408
T10212,2024-08-01,24398,127157,1123565
T10212,2024-09-01,11120,57955,1181520
T10212,2024-10-01,23149,120647,1302167
T10212,2024-11-01,26313,137138,1439305
T10212,2024-12-01,23693,123483,1562788
T10212,2025-01-01,17278,90049,1652837
T10212,2025-02-01,33171,172880,1825717
T10212,2025-03-01,21428,111678,1937395
T10212,2025-04-01,33743,175861,2113256
T10212,2025-05-01,20094,104725,2217981
T10212,2025-06-01,21099,109963,2327944
T10213,2024-01-01,39915,364050,364050
T10213,2024-02-01,60181,548889,912939
T10213,2024-03-01,41877,381945,1294884
T10213,2024-04-01,39215,357666,1652550
T10213,2024-05-01,54465,496756,2149306
T10213,2024-06-01,51075,465837,2615143
T10213,2024-07-01,43264,394595,3009738
T10213,2024-08-01,43809,509510,3519248
T10213,2024-09-01,54396,496126,4015374
T10213,2024-10-01,53599,488857,4504231
T10213,2024-11-01,39773,362755,4866986
T10213,2024-12-01,30126,274768,5141754
T10213,2025-01-01,45820,417908,5559662
T10213,2025-02-01,46733,426235,5985897
T10213,2025-03-01,44211,403233,6389130
T10213,2025-04-01,43895,400350,6789480
T10213,2025-05-01,40148,366175,7155655
T10213,2025-06-01,42420,386897,7542552
T10214,2024-01-01,7115,42690,42690
T10214,2024-02-01,3352,20112,62802
T10214,2024-03-01,4312,25872,88674
T10214,2024-04-01,6239,37434,126108
T10214,2024-05-01,5419,32514,158622
T10214,2024-06-01,4553,27318,185940
T10214,2024-07-01,3496,20976,206916
T10214,2024-08-01,4559,27354,234270
T10214,2024-09-01,4023,24138,258408
T10214,2024-10-01,4754,28524,286932
T10214,2024-11-01,5259,31554,318486
T10214,2024-12-01,4508,27048,345534
T10214,2025-01-01,3679,22074,367608
T10214,2025-02-01,5568,33408,401016
T10214,2025-03-01,4100,24600,425616
T10214,2025-04-01,3424,20544,446160
T10214,2025-05-01,4981,29886,476046
T10214,2025-06-01,5534,33204,509250
T10215,2024-01-01,5531,35840,35840
T10215,2024-02-01,7726,76774,112614
T10215,2024-03-01,6899,44705,157319
T10215,2024-04-01,7291,47245,204564
T10215,2024-05-01,9032,58527,263091
T10215,2024-06-01,6817,44174,307265
T10215,2024-07-01,6959,45094,352359
T10215,2024-08-01,4820,41694,394053
T10215,2024-09-01,6162,59753,453806
T10215,2024-10-01,6497,42100,495906
T10215,2024-11-01,10356,67106,563012
T10215,2024-12-01,7021,45496,608508
T10215,2025-01-01,6663,43176,651684
T10215,2025-02-01,6650,43092,694776
T10215,2025-03-01,5981,38756,733532
T10215,2025-04-01,8227,78875,812407
T10215,2025-05-01,6410,41536,853943
T10215,2025-06-01,6074,39359,893302
T10216,2024-01-01,24173,106361,106361
T10216,2024-02-01,23230,102212,208573
T10216,2024-03-01,22058,139855,348428
T10216,2024-04-01,25840,113696,462124
T10216,2024-05-01,35072,154316,616440
T10216,2024-06-01,26292,115684,732124
T10216,2024-07-01,22136,97398,829522
T10216,2024-08-01,21913,96417,925939
T10216,2024-09-01,25102,110448,1036387
T10216,2024-10-01,32174,141565,1177952
T10216,2024-11-01,23406,102986,1280938
T10216,2024-12-01,34923,153661,1434599
T10216,2025-01-01,26445,116358,1550957
T10216,2025-02-01,27953,122993,1673950
T10216,2025-03-01,24478,107703,1781653
T10216,2025-04-01,29902,131568,1913221
T10216,2025-05-01,26744,117673,2030894
T10216,2025-06-01,36994,162773,2193667
T10217,2024-01-01,37954,207411,207411
T10217,2024-02-01,34193,186857,394268
T10217,2024-03-01,48369,264326,658594
T10217,2024-04-01,34439,188202,846796
T10217,2024-05-01,39593,216367,1063163
T10217,2024-06-01,31576,172556,1235719
T10217,2024-07-01,35825,195776,1431495
T10217,2024-08-01,34645,189327,1620822
T10217,2024-09-01,41392,226199,1847021
T10217,2024-10-01,39515,215941,2062962
T10217,2024-11-01,43079,235418,2298380
T10217,2024-12-01,38310,209356,2507736
T10217,2025-01-01,28044,153254,2660990
T10217,2025-02-01,34453,188278,2849268
T10217,2025-03-01,27760,151702,3000970
T10217,2025-04-01,24202,132259,3133229
T10217,2025-05-01,49486,270431,3403660
T10217,2025-06-01,29154,159320,3562980
T10218,2024-01-01,43031,46473,46473
T10218,2024-02-01,42136,45506,91979
T10218,2024-03-01,44444,47999,139978
T10218,2024-04-01,42510,45910,185888
T10218,2024-05-01,41878,45228,231116
T10218,2024-06-01,38460,41536,272652
T10218,2024-07-01,30464,32901,305553
T10218,2024-08-01,36158,39050,344603
T10218,2024-09-01,47734,51552,396155
T10218,2024-10-01,39078,42204,438359
T10218,2024-11-01,42009,45369,483728
T10218,2024-12-01,45181,72190,555918
T10218,2025-01-01,35599,38446,594364
T10218,2025-02-01,35112,37920,632284
T10218,2025-03-01,34177,36911,669195
T10218,2025-04-01,37881,40911,710106
T10218,2025-05-01,45746,49405,759511
T10218,2025-06-01,41598,44925,804436
T10219,2024-01-01,22843,148816,148816
T10219,2024-02-01,20080,130816,279632
T10219,2024-03-01,20030,130490,410122
T10219,2024-04-01,18269,119017,529139
T10219,2024-05-01,28917,188387,717526
T10219,2024-06-01,14142,92131,809657
T10219,2024-07-01,20191,131539,941196
T10219,2024-08-01,18562,120926,1062122
T10219,2024-09-01,21995,180375,1242497
T10219,2024-10-01,17873,116438,1358935
T10219,2024-11-01,25325,164986,1523921
T10219,2024-12-01,20607,179262,1703183
T10219,2025-01-01,24940,162477,1865660
T10219,2025-02-01,17441,113623,1979283
T10219,2025-03-01,23588,153669,2132952
T10219,2025-04-01,19333,125949,2258901
T10219,2025-05-01,36865,240166,2499067
T10219,2025-06-01,18258,118946,2618013
T10220,2024-01-01,27732,55464,55464
T10220,2024-02-01,28355,56710,112174
T10220,2024-03-01,36345,72690,184864
T10220,2024-04-01,25071,50142,235006
T10220,2024-05-01,30292,60584,295590
T10220,2024-06-01,37678,75356,370946
T10220,2024-07-01,32130,64260,435206
T10220,2024-08-01,38078,107696,542902
T10220,2024-09-01,45976,130037,672939
T10220,2024-10-01,38610,77220,750159
T10220,2024-11-01,32653,65306,815465
T10220,2024-12-01,36014,72028,887493
T10220,2025-01-01,34026,68052,955545
T10220,2025-02-01,23179,61088,1016633
T10220,2025-03-01,39557,79114,1095747
T10220,2025-04-01,29329,58658,1154405
T10220,2025-05-01,31477,62954,1217359
T10220,2025-06-01,36211,72422,1289781
T10221,2024-01-01,27344,242131,242131
T10221,2024-02-01,27272,324312,566443
T10221,2024-03-01,20234,179172,745615
T10221,2024-04-01,32457,287406,1033021
T10221,2024-05-01,25677,335349,1368370
T10221,2024-06-01,33810,299387,1667757
T10221,2024-07-01,37160,329051,1996808
T10221,2024-08-01,30591,353466,2350274
T10221,2024-09-01,28235,250020,2600294
T10221,2024-10-01,28280,250419,2850713
T10221,2024-11-01,26878,238004,3088717
T10221,2024-12-01,26680,236251,3324968
T10221,2025-01-01,24912,323437,3648405
T10221,2025-02-01,34138,302291,3950696
T10221,2025-03-01,27727,245522,4196218
T10221,2025-04-01,32128,284493,4480711
T10221,2025-05-01,33973,300830,4781541
T10221,2025-06-01,26888,238093,5019634
T10222,2024-01-01,50353,412753,412753
T10222,2024-02-01,50234,411778,824531
T10222,2024-03-01,37728,470459,1294990
T10222,2024-04-01,45783,375292,1670282
T10222,2024-05-01,46436,380645,2050927
T10222,2024-06-01,60101,492659,2543586
T10222,2024-07-01,42808,350905,2894491
T10222,2024-08-01,59754,489815,3384306
T10222,2024-09-01,60505,495971,3880277
T10222,2024-10-01,29585,242514,4122791
T10222,2024-11-01,46594,381940,4504731
T10222,2024-12-01,73473,602272,5107003
T10222,2025-01-01,52955,434082,5541085
T10222,2025-02-01,49685,407277,5948362
T10222,2025-03-01,39203,458778,6407140
T10222,2025-04-01,41256,338183,6745323
T10222,2025-05-01,55818,457551,7202874
T10222,2025-06-01,42110,345184,7548058
T10223,2024-01-01,36803,43721,43721
T10223,2024-02-01,44827,53254,96975
T10223,2024-03-01,33820,51305,148280
T10223,2024-04-01,28907,34341,182621
T10223,2024-05-01,27965,33222,215843
T10223,2024-06-01,30685,36453,252296
T10223,2024-07-01,21567,25621,277917
T10223,2024-08-01,26844,31890,309807
T10223,2024-09-01,29472,35012,344819
T10223,2024-10-01,33719,40058,384877
T10223,2024-11-01,32977,39176,424053
T10223,2024-12-01,36751,43660,467713
T10223,2025-01-01,37335,44353,512066
T10223,2025-02-01,31775,37748,549814
T10223,2025-03-01,31631,37577,587391
T10223,2025-04-01,41358,49133,636524
T10223,2025-05-01,35540,58613,695137
T10223,2025-06-01,48868,73981,769118
T10224,2024-01-01,19545,162536,162536
T10224,2024-02-01,15233,126677,289213
T10224,2024-03-01,20842,173322,462535
T10224,2024-04-01,23448,194993,657528
T10224,2024-05-01,15591,129654,787182
T10224,2024-06-01,25445,211600,998782
T10224,2024-07-01,21411,178053,1176835
T10224,2024-08-01,19535,162453,1339288
T10224,2024-09-01,20517,170619,1509907
T10224,2024-10-01,25833,214827,1724734
T10224,2024-11-01,22041,183292,1908026
T10224,2024-12-01,28192,234444,2142470
T10224,2025-01-01,31986,265995,2408465
T10224,2025-02-01,19027,158228,2566693
T10224,2025-03-01,20710,172224,2738917
T10224,2025-04-01,26290,218627,2957544
T10224,2025-05-01,19902,165505,3123049
T10224,2025-06-01,24518,279918,3402967
T10225,2024-01-01,48226,53048,53048
T10225,2024-02-01,55590,61149,114197
T10225,2024-03-01,35518,39069,153266
T10225,2024-04-01,34898,38387,191653
T10225,2024-05-01,63720,70092,261745
T10225,2024-06-01,59757,65732,327477
T10225,2024-07-01,57778,63555,391032
T10225,2024-08-01,49483,54431,445463
T10225,2024-09-01,43465,47811,493274
T10225,2024-10-01,45680,50248,543522
T10225,2024-11-01,60851,66936,610458
T10225,2024-12-01,48952,53847,664305
T10225,2025-01-01,45467,50013,714318
T10225,2025-02-01,51436,56579,770897
T10225,2025-03-01,50971,56068,826965
T10225,2025-04-01,46759,51434,878399
T10225,2025-05-01,44126,48538,926937
T10225,2025-06-01,48564,53420,980357
T10226,2024-01-01,7953,52489,52489
T10226,2024-02-01,9912,65419,117908
T10226,2024-03-01,5105,33693,151601
T10226,2024-04-01,7046,46503,198104
T10226,2024-05-01,7592,50107,248211
T10226,2024-06-01,7386,48747,296958
T10226,2024-07-01,5051,33336,330294
T10226,2024-08-01,8672,57235,387529
T10226,2024-09-01,6861,45282,432811
T10226,2024-10-01,6124,52004,484815
T10226,2024-11-01,6461,42642,527457
T10226,2024-12-01,6948,45856,573313
T10226,2025-01-01,7163,47275,620588
T10226,2025-02-01,5452,35983,656571
T10226,2025-03-01,7856,51849,708420
T10226,2025-04-01,7817,51592,760012
T10226,2025-05-01,8879,58601,818613
T10226,2025-06-01,7661,50562,869175
T10227,2024-01-01,43135,44429,44429
T10227,2024-02-01,56801,58505,102934
T10227,2024-03-01,47272,48690,151624
T10227,2024-04-01,50808,52332,203956
T10227,2024-05-01,47691,49121,253077
T10227,2024-06-01,52164,53728,306805
T10227,2024-07-01,58424,60176,366981
T10227,2024-08-01,65145,67099,434080
T10227,2024-09-01,45326,46685,480765
T10227,2024-10-01,42515,43790,524555
T10227,2024-11-01,35518,36583,561138
T10227,2024-12-01,66129,68112,629250
T10227,2025-01-01,35950,37028,666278
T10227,2025-02-01,63063,64954,731232
T10227,2025-03-01,40768,41991,773223
T10227,2025-04-01,63720,65631,838854
T10227,2025-05-01,62984,98192,937046
T10227,2025-06-01,41604,42852,979898
T10228,2024-01-01,11,36,36
T10228,2024-02-01,433,1428,1464
T10228,2024-03-01,753,2484,3948
T10228,2024-04-01,511,1686,5634
T10228,2024-05-01,10298,33983,39617
T10228,2024-06-01,581,1917,41534
T10228,2024-07-01,540,1782,43316
T10228,2024-08-01,228,752,44068
T10228,2024-09-01,58,191,44259
T10228,2024-10-01,252,831,45090
T10228,2024-11-01,10048,33158,78248
T10228,2024-12-01,700,3216,81464
T10228,2025-01-01,512,1689,83153
T10228,2025-02-01,176,580,83733
T10228,2025-03-01,694,2290,86023
T10228,2025-04-01,519,1712,87735
T10228,2025-05-01,10512,34689,122424
T10228,2025-06-01,3,9,122433
T10229,2024-01-01,18935,119763,119763
T10229,2024-02-01,14603,92363,212126
T10229,2024-03-01,16158,102199,314325
T10229,2024-04-01,15078,95368,409693
T10229,2024-05-01,14584,92243,501936
T10229,2024-06-01,14233,90023,591959
T10229,2024-07-01,16003,101218,693177
T10229,2024-08-01,18641,117904,811081
T10229,2024-09-01,15027,95045,906126
T10229,2024-10-01,15948,100871,1006997
T10229,2024-11-01,18082,114368,1121365
T10229,2024-12-01,15973,133235,1254600
T10229,2025-01-01,20339,128644,1383244
T10229,2025-02-01,12090,76469,1459713
T10229,2025-03-01,13545,85672,1545385
T10229,2025-04-01,13294,84084,1629469
T10229,2025-05-01,22020,139276,1768745
T10229,2025-06-01,21690,137189,1905934
T10230,2024-01-01,60259,341367,341367
T10230,2024-02-01,31215,230763,572130
T10230,2024-03-01,48337,273829,845959
T10230,2024-04-01,28527,161605,1007564
T10230,2024-05-01,58209,329753,1337317
T10230,2024-06-01,35457,200863,1538180
T10230,2024-07-01,35536,263567,1801747
T10230,2024-08-01,57480,325624,2127371
T10230,2024-09-01,33202,188089,2315460
T10230,2024-10-01,36620,207452,2522912
T10230,2024-11-01,50076,421854,2944766
T10230,2024-12-01,39835,225665,3170431
T10230,2025-01-01,39573,224181,3394612
T10230,2025-02-01,32848,186083,3580695
T10230,2025-03-01,53826,304924,3885619
T10230,2025-04-01,36971,209440,4095059
T10230,2025-05-01,39189,222005,4317064
T10230,2025-06-01,58286,518489,4835553
T10231,2024-01-01,38848,85465,85465
T10231,2024-02-01,27012,59426,144891
T10231,2024-03-01,26184,57604,202495
T10231,2024-04-01,35654,78438,280933
T10231,2024-05-01,50594,111306,392239
T10231,2024-06-01,46214,101670,493909
T10231,2024-07-01,29480,64856,558765
T10231,2024-08-01,38300,84260,643025
T10231,2024-09-01,37322,82108,725133
T10231,2024-10-01,38371,84416,809549
T10231,2024-11-01,41722,91788,901337
T10231,2024-12-01,46470,102234,1003571
T10231,2025-01-01,45770,100694,1104265
T10231,2025-02-01,31425,69135,1173400
T10231,2025-03-01,39893,87764,1261164
T10231,2025-04-01,42482,93460,1354624
T10231,2025-05-01,39736,87419,1442043
T10231,2025-06-01,37017,81437,1523480
T10232,2024-01-01,66797,504985,504985
T10232,2024-02-01,58138,439523,944508
T10232,2024-03-01,52737,398691,1343199
T10232,2024-04-01,37513,283598,1626797
T10232,2024-05-01,58191,439923,2066720
T10232,2024-06-01,51077,386142,2452862
T10232,2024-07-01,63607,480868,2933730
T10232,2024-08-01,42142,318593,3252323
T10232,2024-09-01,54354,410916,3663239
T10232,2024-10-01,49308,372768,4036007
T10232,2024-11-01,53572,405004,4441011
T10232,2024-12-01,49306,372753,4813764
T10232,2025-01-01,49834,376745,5190509
T10232,2025-02-01,57396,433913,5624422
T10232,2025-03-01,41363,312704,5937126
T10232,2025-04-01,49562,374688,6311814
T10232,2025-05-01,39805,300925,6612739
T10232,2025-06-01,42364,320271,6933010
T10233,2024-01-01,34340,226644,226644
T10233,2024-02-01,42473,280321,506965
T10233,2024-03-01,29239,192977,699942
T10233,2024-04-01,37587,248074,948016
T10233,2024-05-01,26540,175164,1123180
T10233,2024-06-01,31354,206936,1330116
T10233,2024-07-01,35288,232900,1563016
T10233,2024-08-01,44962,296749,1859765
T10233,2024-09-01,26825,177045,2036810
T10233,2024-10-01,34816,229785,2266595
T10233,2024-11-01,48692,321367,2587962
T10233,2024-12-01,35104,231686,2819648
T10233,2025-01-01,27637,182404,3002052
T10233,2025-02-01,35560,359386,3361438
T10233,2025-03-01,44789,295607,3657045
T10233,2025-04-01,39321,259518,3916563
T10233,2025-05-01,51357,338956,4255519
T10233,2025-06-01,39923,263491,4519010
T10234,2024-01-01,24261,28737,28737
T10234,2024-02-01,32864,38927,67664
T10234,2024-03-01,29366,34784,102448
T10234,2024-04-01,29750,35238,137686
T10234,2024-05-01,37764,70929,208615
T10234,2024-06-01,34519,40887,249502
T10234,2024-07-01,27250,32277,281779
T10234,2024-08-01,25842,30609,312388
T10234,2024-09-01,33388,39548,351936
T10234,2024-10-01,24309,28794,380730
T10234,2024-11-01,33071,57979,438709
T10234,2024-12-01,47284,56007,494716
T10234,2025-01-01,29397,34820,529536
T10234,2025-02-01,37050,43885,573421
T10234,2025-03-01,25706,30448,603869
T10234,2025-04-01,44608,52838,656707
T10234,2025-05-01,34614,41000,697707
T10234,2025-06-01,25244,29901,727608
T10235,2024-01-01,21991,130626,130626
T10235,2024-02-01,17868,106135,236761
T10235,2024-03-01,21275,126373,363134
T10235,2024-04-01,15962,94814,457948
T10235,2024-05-01,15004,89123,547071
T10235,2024-06-01,17666,104936,652007
T10235,2024-07-01,20389,121110,773117
T10235,2024-08-01,18158,107858,880975
T10235,2024-09-01,18973,112699,993674
T10235,2024-10-01,17309,102815,1096489
T10235,2024-11-01,19142,113703,1210192
T10235,2024-12-01,12202,72479,1282671
T10235,2025-01-01,17300,102762,1385433
T10235,2025-02-01,21943,130341,1515774
T10235,2025-03-01,24140,143391,1659165
T10235,2025-04-01,12420,73774,1732939
T10235,2025-05-01,16791,99738,1832677
T10235,2025-06-01,13490,80130,1912807
T10236,2024-01-01,2302,11855,11855
T10236,2024-02-01,1624,8363,20218
T10236,2024-03-01,1643,8461,28679
T10236,2024-04-01,1403,7225,35904
T10236,2024-05-01,1955,10068,45972
T10236,2024-06-01,3125,16093,62065
T10236,2024-07-01,1953,10057,72122
T10236,2024-08-01,2156,16553,88675
T10236,2024-09-01,1606,8270,96945
T10236,2024-10-01,2078,10701,107646
T10236,2024-11-01,2165,11149,118795
T10236,2024-12-01,2790,14368,133163
T10236,2025-01-01,2023,14716,147879
T10236,2025-02-01,1690,8703,156582
T10236,2025-03-01,1611,8296,164878
T10236,2025-04-01,1769,9110,173988
T10236,2025-05-01,1530,11296,185284
T10236,2025-06-01,1555,8008,193292
T10237,2024-01-01,5212,19779,19779
T10237,2024-02-01,8240,48993,68772
T10237,2024-03-01,6749,25612,94384
T10237,2024-04-01,8786,33342,127726
T10237,2024-05-01,5101,19358,147084
T10237,2024-06-01,6583,24982,172066
T10237,2024-07-01,11000,41745,213811
T10237,2024-08-01,5845,22181,235992
T10237,2024-09-01,8762,33251,269243
T10237,2024-10-01,7236,37087,306330
T10237,2024-11-01,8279,31418,337748
T10237,2024-12-01,8215,31175,368923
T10237,2025-01-01,7943,30143,399066
T10237,2025-02-01,9713,36860,435926
T10237,2025-03-01,9234,35043,470969
T10237,2025-04-01,7937,30120,501089
T10237,2025-05-01,7678,29138,530227
T10237,2025-06-01,9243,35077,565304
T10238,2024-01-01,15514,100530,100530
T10238,2024-02-01,17728,177348,277878
T10238,2024-03-01,19210,124480,402358
T10238,2024-04-01,15955,103388,505746
T10238,2024-05-01,16434,106492,612238
T10238,2024-06-01,16427,147650,759888
T10238,2024-07-01,19737,127895,887783
T10238,2024-08-01,13847,89728,977511
T10238,2024-09-01,15491,136305,1113816
T10238,2024-10-01,19799,191946,1305762
T10238,2024-11-01,17004,110185,1415947
T10238,2024-12-01,15984,103576,1519523
T10238,2025-01-01,15083,97737,1617260
T10238,2025-02-01,14978,97057,1714317
T10238,2025-03-01,15054,97549,1811866
T10238,2025-04-01,16532,142580,1954446
T10238,2025-05-01,19141,124033,2078479
T10238,2025-06-01,14376,93156,2171635
T10239,2024-01-01,3673,26181,26181
T10239,2024-02-01,2824,20129,46310
T10239,2024-03-01,2258,16095,62405
T10239,2024-04-01,3537,25211,87616
T10239,2024-05-01,4694,33458,121074
T10239,2024-06-01,3592,25603,146677
T10239,2024-07-01,3306,23565,170242
T10239,2024-08-01,3588,25575,195817
T10239,2024-09-01,4302,30664,226481
T10239,2024-10-01,3366,23992,250473
T10239,2024-11-01,4312,30735,281208
T10239,2024-12-01,2571,18326,299534
T10239,2025-01-01,3603,25682,325216
T10239,2025-02-01,3256,23208,348424
T10239,2025-03-01,5075,36174,384598
T10239,2025-04-01,4981,35504,420102
T10239,2025-05-01,4233,30172,450274
T10239,2025-06-01,3268,23294,473568
T10240,2024-01-01,25863,170695,170695
T10240,2024-02-01,31256,206289,376984
T10240,2024-03-01,26926,177711,554695
T10240,2024-04-01,23799,157073,711768
T10240,2024-05-01,24023,158551,870319
T10240,2024-06-01,34442,227317,1097636
T10240,2024-07-01,29120,192192,1289828
T10240,2024-08-01,27378,180694,1470522
T10240,2024-09-01,23448,154756,1625278
T10240,2024-10-01,22375,147675,1772953
T10240,2024-11-01,22521,148638,1921591
T10240,2024-12-01,26764,176642,2098233
T10240,2025-01-01,32058,211582,2309815
T10240,2025-02-01,31424,207398,2517213
T10240,2025-03-01,25794,170240,2687453
T10240,2025-04-01,30735,202851,2890304
T10240,2025-05-01,25723,169771,3060075
T10240,2025-06-01,24366,245561,3305636
T10241,2024-01-01,35697,214182,214182
T10241,2024-02-01,47746,286476,500658
T10241,2024-03-01,40620,243720,744378
T10241,2024-04-01,39001,234006,978384
T10241,2024-05-01,39097,234582,1212966
T10241,2024-06-01,47296,283776,1496742
T10241,2024-07-01,36001,216006,1712748
T10241,2024-08-01,46643,279858,1992606
T10241,2024-09-01,34425,206550,2199156
T10241,2024-10-01,45590,273540,2472696
T10241,2024-11-01,37967,227802,2700498
T10241,2024-12-01,41685,250110,2950608
T10241,2025-01-01,35502,213012,3163620
T10241,2025-02-01,39077,375006,3538626
T10241,2025-03-01,36580,219480,3758106
T10241,2025-04-01,56922,341532,4099638
T10241,2025-05-01,46436,278616,4378254
T10241,2025-06-01,25643,153858,4532112
T10242,2024-01-01,60225,361350,361350
T10242,2024-02-01,39751,367642,728992
T10242,2024-03-01,43772,262632,991624
T10242,2024-04-01,46786,280716,1272340
T10242,2024-05-01,33534,201204,1473544
T10242,2024-06-01,48545,291270,1764814
T10242,2024-07-01,56710,340260,2105074
T10242,2024-08-01,51736,310416,2415490
T10242,2024-09-01,33624,201744,2617234
T10242,2024-10-01,33362,200172,2817406
T10242,2024-11-01,50720,304320,3121726
T10242,2024-12-01,36256,217536,3339262
T10242,2025-01-01,43886,263316,3602578
T10242,2025-02-01,51195,307170,3909748
T10242,2025-03-01,36664,219984,4129732
T10242,2025-04-01,64967,389802,4519534
T10242,2025-05-01,51864,311184,4830718
T10242,2025-06-01,40876,245256,5075974
T10243,2024-01-01,31091,73654,73654
T10243,2024-02-01,25233,59776,133430
T10243,2024-03-01,26038,61684,195114
T10243,2024-04-01,25723,60937,256051
T10243,2024-05-01,31044,73543,329594
T10243,2024-06-01,19638,46522,376116
T10243,2024-07-01,33270,78816,454932
T10243,2024-08-01,26201,62070,517002
T10243,2024-09-01,23268,55121,572123
T10243,2024-10-01,21137,50073,622196
T10243,2024-11-01,31591,74839,697035
T10243,2024-12-01,37959,89924,786959
T10243,2025-01-01,7605,18016,804975
T10243,2025-02-01,31509,74644,879619
T10243,2025-03-01,28426,67341,946960
T10243,2025-04-01,28887,68433,1015393
T10243,2025-05-01,30612,72519,1087912
T10243,2025-06-01,29851,70717,1158629
T10244,2024-01-01,52643,375239,375239
T10244,2024-02-01,62399,444780,820019
T10244,2024-03-01,38448,274057,1094076
T10244,2024-04-01,48666,346891,1440967
T10244,2024-05-01,41538,296082,1737049
T10244,2024-06-01,46094,328558,2065607
T10244,2024-07-01,30837,219806,2285413
T10244,2024-08-01,49735,354511,2639924
T10244,2024-09-01,51847,369565,3009489
T10244,2024-10-01,30047,214175,3223664
T10244,2024-11-01,47947,341766,3565430
T10244,2024-12-01,41819,298085,3863515
T10244,2025-01-01,42374,302041,4165556
T10244,2025-02-01,41671,297030,4462586
T10244,2025-03-01,52793,376308,4838894
T10244,2025-04-01,57357,408840,5247734
T10244,2025-05-01,54589,389110,5636844
T10244,2025-06-01,55726,397214,6034058
T10245,2024-01-01,58850,127116,127116
T10245,2024-02-01,57962,125197,252313
T10245,2024-03-01,42111,90959,343272
T10245,2024-04-01,48343,104420,447692
T10245,2024-05-01,62539,135084,582776
T10245,2024-06-01,44543,96212,678988
T10245,2024-07-01,30770,66463,745451
T10245,2024-08-01,57589,124392,869843
T10245,2024-09-01,44433,95975,965818
T10245,2024-10-01,42228,139300,1105118
T10245,2024-11-01,46864,101226,1206344
T10245,2024-12-01,53715,116024,1322368
T10245,2025-01-01,58411,126167,1448535
T10245,2025-02-01,48325,104382,1552917
T10245,2025-03-01,39113,112200,1665117
T10245,2025-04-01,45891,133201,1798318
T10245,2025-05-01,53846,116307,1914625
T10245,2025-06-01,61176,184947,2099572
T10246,2024-01-01,54119,222970,222970
T10246,2024-02-01,40870,168384,391354
T10246,2024-03-01,62547,257693,649047
T10246,2024-04-01,49994,205975,855022
T10246,2024-05-01,50914,209765,1064787
T10246,2024-06-01,53116,218837,1283624
T10246,2024-07-01,42003,220369,1503993
T10246,2024-08-01,52933,218083,1722076
T10246,2024-09-01,32830,135259,1857335
T10246,2024-10-01,50155,206638,2063973
T10246,2024-11-01,58049,374957,2438930
T10246,2024-12-01,43652,179846,2618776
T10246,2025-01-01,38509,158657,2777433
T10246,2025-02-01,49465,304126,3081559
T10246,2025-03-01,46039,189680,3271239
T10246,2025-04-01,47205,194484,3465723
T10246,2025-05-01,42103,173464,3639187
T10246,2025-06-01,49147,202485,3841672
T10247,2024-01-01,23582,58577,58577
T10247,2024-02-01,28017,69594,128171
T10247,2024-03-01,23594,58607,186778
T10247,2024-04-01,19146,47558,234336
T10247,2024-05-01,23670,58796,293132
T10247,2024-06-01,24788,61573,354705
T10247,2024-07-01,32886,81688,436393
T10247,2024-08-01,26950,66943,503336
T10247,2024-09-01,20396,50663,553999
T10247,2024-10-01,27633,68640,622639
T10247,2024-11-01,27070,67241,689880
T10247,2024-12-01,19632,48765,738645
T10247,2025-01-01,13012,32321,770966
T10247,2025-02-01,25741,63940,834906
T10247,2025-03-01,15652,38879,873785
T10247,2025-04-01,23613,58654,932439
T10247,2025-05-01,29698,73769,1006208
T10247,2025-06-01,34427,107914,1114122
T10248,2024-01-01,18491,21967,21967
T10248,2024-02-01,19377,23019,44986
T10248,2024-03-01,14225,16899,61885
T10248,2024-04-01,18139,21549,83434
T10248,2024-05-01,17694,21020,104454
T10248,2024-06-01,24361,43780,148234
T10248,2024-07-01,15327,18208,166442
T10248,2024-08-01,16071,19092,185534
T10248,2024-09-01,14351,17048,202582
T10248,2024-10-01,20392,24225,226807
T10248,2024-11-01,15909,18899,245706
T10248,2024-12-01,18900,22453,268159
T10248,2025-01-01,20506,24361,292520
T10248,2025-02-01,19775,23492,316012
T10248,2025-03-01,19805,23528,339540
T10248,2025-04-01,14135,16792,356332
T10248,2025-05-01,12851,22509,378841
T10248,2025-06-01,15838,18815,397656
T10249,2024-01-01,2407,2407,2407
T10249,2024-02-01,2807,2807,5214
T10249,2024-03-01,1115,1115,6329
T10249,2024-04-01,55139,55139,61468
T10249,2024-05-01,1718,2203,63671
T10249,2024-06-01,3918,3918,67589
T10249,2024-07-01,43787,43787,111376
T10249,2024-08-01,1797,1797,113173
T10249,2024-09-01,1580,1580,114753
T10249,2024-10-01,3797,3797,118550
T10249,2024-11-01,1399,1399,119949
T10249,2024-12-01,1785,1785,121734
T10249,2025-01-01,2844,2844,124578
T10249,2025-02-01,874,874,125452
T10249,2025-03-01,2953,2953,128405
T10249,2025-04-01,3278,3278,131683
T10249,2025-05-01,52446,52446,184129
T10249,2025-06-01,2391,2391,186520
